iso3,sex,lor_15to29,lor_30to49,srb_group
NER,female,0.580974969569704,1.066088218303808,nosex12m_id
NER,female,-0.0655111395859098,-0.27644277720767374,sexcohab_id
NER,female,-0.240144173563106,0.02151634580636861,sexnonreg_id
NER,female,NA,NA,sexpaid12m_id
NER,male,0.07258942476282919,1.1850905610827038,nosex12m_id
NER,male,-0.8287076116616499,-0.15488596699043977,sexcohab_id
NER,male,-0.35602957944131847,-0.19254647025263147,sexnonreg_id
NER,male,-17.07427635264013,1.96209714291408,sexpaid12m_id
