iso3,sex,lor_15to29,lor_30to49,srb_group
ETH,female,0.17378430490177363,1.164991032413508,nosex12m_id
ETH,female,-0.27695039990110537,-0.7225729425654746,sexcohab_id
ETH,female,0.7073808627110331,0.46940048312071303,sexnonreg_id
ETH,female,3.0304431615815943,3.616475701287969,sexpaid12m_id
ETH,male,-1.1210518570477153,1.005450254208427,nosex12m_id
ETH,male,0.28118150003966125,-0.10156191765921192,sexcohab_id
ETH,male,0.281231922832288,-0.09365781020615582,sexnonreg_id
ETH,male,2.13125274531998,1.0119215189284434,sexpaid12m_id
