iso3,sex,lor_15to29,lor_30to49,srb_group
COG,female,0.48272494544917305,0.24735317113215388,nosex12m_id
COG,female,-0.2855162499466702,-0.18928504128439189,sexcohab_id
COG,female,0.18689122078196277,0.3178217277883748,sexnonreg_id
COG,female,NA,NA,sexpaid12m_id
COG,male,-0.22816798503636804,-0.912175495060974,nosex12m_id
COG,male,-19.03466507965736,-0.05722174995743452,sexcohab_id
COG,male,0.2620014928493282,0.1102173240579596,sexnonreg_id
COG,male,-19.03466507965862,-19.152802980277286,sexpaid12m_id
