iso3,sex,lor_15to29,lor_30to49,srb_group
BDI,female,-0.1598328126728443,0.6813053339130244,nosex12m_id
BDI,female,0.07264727507909438,-0.4601762887678591,sexcohab_id
BDI,female,0.08617760537622741,0.8159264323055417,sexnonreg_id
BDI,female,4.339553547766618,3.6020760168245256,sexpaid12m_id
BDI,male,-0.760067075107913,0.38388685974864784,nosex12m_id
BDI,male,-0.5570861391665183,-0.14316063262307116,sexcohab_id
BDI,male,0.7498028150165102,1.03633677086314,sexnonreg_id
BDI,male,2.051794980803055,-18.510677780116712,sexpaid12m_id
