iso3,sex,lor_15to29,lor_30to49,srb_group
SEN,female,0.1438880008447123,0.17151267698219907,nosex12m_id
SEN,female,-0.5640691700930676,0.03887051750278137,sexcohab_id
SEN,female,-0.5054096725004583,-0.15186349502890986,sexnonreg_id
SEN,female,3.110471595159084,NA,sexpaid12m_id
SEN,male,0.3409571414027458,0.613156284566701,nosex12m_id
SEN,male,-0.8750556358467314,-1.657565595196993,sexcohab_id
SEN,male,-0.18399313696405795,0.6162683860587217,sexnonreg_id
SEN,male,-17.367125115648246,-17.679735921715338,sexpaid12m_id
