age_group,propensity
Y015_019,2.697217488486491
Y020_024,1.648391631871242
Y025_029,1.3734170416316465
Y030_034,1.0266937522065847
Y035_039,0.67886324556415
Y040_044,0.4562438398037938
Y045_049,0.25554104298168767
