iso3,sex,lor_15to29,lor_30to49,srb_group
GMB,female,-0.6304315239385234,0.5271553788159156,nosex12m_id
GMB,female,0.31472614656451353,-0.16908088205812669,sexcohab_id
GMB,female,-0.5531148789895095,-0.03984007045394303,sexnonreg_id
GMB,female,NA,NA,sexpaid12m_id
GMB,male,-0.14139268674295374,0.08041763585713252,nosex12m_id
GMB,male,0.12440002777559206,-0.10832211775089005,sexcohab_id
GMB,male,0.011209762787612642,0.15657840611793936,sexnonreg_id
GMB,male,0.588905962984168,0.33303611087931456,sexpaid12m_id
