iso3,sex,lor_15to29,lor_30to49,srb_group
MOZ,female,-0.18059902490062063,0.3259033562175717,nosex12m_id
MOZ,female,-0.17105524116262047,-0.39982136603898544,sexcohab_id
MOZ,female,0.4179413776180585,0.617142367430868,sexnonreg_id
MOZ,female,NA,NA,sexpaid12m_id
MOZ,male,0.27236476364600676,0.35377556701443746,nosex12m_id
MOZ,male,-0.01936961795152443,-0.17902035175818823,sexcohab_id
MOZ,male,0.08092103089399974,0.24358135815547,sexnonreg_id
MOZ,male,0.7047050121505068,-0.03905757252414829,sexpaid12m_id
