iso3,sex,lor_15to29,lor_30to49,srb_group
BWA,female,0.02773125923867351,0.3807807593864902,nosex12m_id
BWA,female,4.1435601781689493e-4,-0.1365295071078964,sexcohab_id
BWA,female,0.09122778918195144,-0.038809957057392215,sexnonreg_id
BWA,female,0.6478754277836275,1.5322795918833578,sexpaid12m_id
BWA,male,0.14401458185647814,-0.012242464021267753,nosex12m_id
BWA,male,-0.09761419030903833,0.12049387130257931,sexcohab_id
BWA,male,-0.07139438355097742,-0.029236037001054992,sexnonreg_id
BWA,male,-0.6079531740604004,1.702018515068569,sexpaid12m_id
