iso3,sex,lor_15to29,lor_30to49,srb_group
ZMB,female,-0.1896305955718523,0.5639788363956413,nosex12m_id
ZMB,female,-0.20462276042995542,-0.3964417692589822,sexcohab_id
ZMB,female,0.45553011824823303,0.5033542738353578,sexnonreg_id
ZMB,female,NA,NA,sexpaid12m_id
ZMB,male,0.09159943040772203,0.18427352495856258,nosex12m_id
ZMB,male,0.5038234625159214,-0.09957115991357099,sexcohab_id
ZMB,male,0.06767690410417003,0.37423698853355736,sexnonreg_id
ZMB,male,0.5287962139702095,0.4686054181235057,sexpaid12m_id
