iso3,sex,lor_15to29,lor_30to49,srb_group
AGO,female,0.02654972995889229,0.45467136258903096,nosex12m_id
AGO,female,-0.3157372271115397,-0.45731846645872176,sexcohab_id
AGO,female,0.3501001622265964,0.5245863051804535,sexnonreg_id
AGO,female,0.04494558473089102,NA,sexpaid12m_id
AGO,male,0.8196015115437584,-0.17487402984313682,nosex12m_id
AGO,male,-1.1821685460303302,-0.15368692531121828,sexcohab_id
AGO,male,-0.065756067827726,0.15105663440731032,sexnonreg_id
AGO,male,-0.6395569018983727,0.29711304357958224,sexpaid12m_id
