iso3,sex,lor_15to29,lor_30to49,srb_group
ZWE,female,-0.11933025357868444,0.27082800544373054,nosex12m_id
ZWE,female,0.03817843596768054,-0.36646190449748534,sexcohab_id
ZWE,female,0.26847274773749386,0.2428568010651172,sexnonreg_id
ZWE,female,1.1737776735527972,1.4061335123586989,sexpaid12m_id
ZWE,male,-0.14139268674295374,0.08041763585713252,nosex12m_id
ZWE,male,0.12440002777559206,-0.10832211775089005,sexcohab_id
ZWE,male,0.011209762787612642,0.15657840611793936,sexnonreg_id
ZWE,male,0.588905962984168,0.33303611087931456,sexpaid12m_id
