iso3,survey_id,indicator,area_id,area_name,area_sort_order,year,age_group,estimate_smoothed
ZAF,ZAF2012HSRC,nosex12m,ZAF_2_CPT,Cape Town MM,11,2012,Y015_019,0.7106285420528365
ZAF,ZAF2012HSRC,sexcohab,ZAF_2_CPT,Cape Town MM,11,2012,Y015_019,0.03474718488534151
ZAF,ZAF2012HSRC,sexnonregplus,ZAF_2_CPT,Cape Town MM,11,2012,Y015_019,0.254624273061822
ZAF,ZAF2012HSRC,nosex12m,ZAF_2_CPT,Cape Town MM,11,2012,Y020_024,0.25977212688769574
ZAF,ZAF2012HSRC,sexcohab,ZAF_2_CPT,Cape Town MM,11,2012,Y020_024,0.202204257262652
ZAF,ZAF2012HSRC,sexnonregplus,ZAF_2_CPT,Cape Town MM,11,2012,Y020_024,0.5380236158496523
ZAF,ZAF2012HSRC,nosex12m,ZAF_2_CPT,Cape Town MM,11,2012,Y025_029,0.16076981499321044
ZAF,ZAF2012HSRC,sexcohab,ZAF_2_CPT,Cape Town MM,11,2012,Y025_029,0.3937540948903908
ZAF,ZAF2012HSRC,sexnonregplus,ZAF_2_CPT,Cape Town MM,11,2012,Y025_029,0.4454760901163988
ZAF,ZAF2012HSRC,nosex12m,ZAF_2_CPT,Cape Town MM,11,2012,Y030_034,0.1455592235698246
ZAF,ZAF2012HSRC,sexcohab,ZAF_2_CPT,Cape Town MM,11,2012,Y030_034,0.4998387857984312
ZAF,ZAF2012HSRC,sexnonregplus,ZAF_2_CPT,Cape Town MM,11,2012,Y030_034,0.3546019906317442
ZAF,ZAF2012HSRC,nosex12m,ZAF_2_CPT,Cape Town MM,11,2012,Y035_039,0.13789401095568068
ZAF,ZAF2012HSRC,sexcohab,ZAF_2_CPT,Cape Town MM,11,2012,Y035_039,0.5915079351958837
ZAF,ZAF2012HSRC,sexnonregplus,ZAF_2_CPT,Cape Town MM,11,2012,Y035_039,0.27059805384843555
ZAF,ZAF2012HSRC,nosex12m,ZAF_2_CPT,Cape Town MM,11,2012,Y040_044,0.16770457868911415
ZAF,ZAF2012HSRC,sexcohab,ZAF_2_CPT,Cape Town MM,11,2012,Y040_044,0.6354563877636555
ZAF,ZAF2012HSRC,sexnonregplus,ZAF_2_CPT,Cape Town MM,11,2012,Y040_044,0.1968390335472303
ZAF,ZAF2012HSRC,nosex12m,ZAF_2_CPT,Cape Town MM,11,2012,Y045_049,0.23603474839074232
ZAF,ZAF2012HSRC,sexcohab,ZAF_2_CPT,Cape Town MM,11,2012,Y045_049,0.6066357248722675
ZAF,ZAF2012HSRC,sexnonregplus,ZAF_2_CPT,Cape Town MM,11,2012,Y045_049,0.15732952673699022
ZAF,ZAF2012HSRC,nosex12m,ZAF_2_DC1,West Coast DM,12,2012,Y015_019,0.756618481307957
ZAF,ZAF2012HSRC,sexcohab,ZAF_2_DC1,West Coast DM,12,2012,Y015_019,0.02845522619891444
ZAF,ZAF2012HSRC,sexnonregplus,ZAF_2_DC1,West Coast DM,12,2012,Y015_019,0.2149262924931286
ZAF,ZAF2012HSRC,nosex12m,ZAF_2_DC1,West Coast DM,12,2012,Y020_024,0.3100128544635559
ZAF,ZAF2012HSRC,sexcohab,ZAF_2_DC1,West Coast DM,12,2012,Y020_024,0.1845922877938449
ZAF,ZAF2012HSRC,sexnonregplus,ZAF_2_DC1,West Coast DM,12,2012,Y020_024,0.5053948577425992
ZAF,ZAF2012HSRC,nosex12m,ZAF_2_DC1,West Coast DM,12,2012,Y025_029,0.19812200381418055
ZAF,ZAF2012HSRC,sexcohab,ZAF_2_DC1,West Coast DM,12,2012,Y025_029,0.3700371149945829
ZAF,ZAF2012HSRC,sexnonregplus,ZAF_2_DC1,West Coast DM,12,2012,Y025_029,0.4318408811912365
ZAF,ZAF2012HSRC,nosex12m,ZAF_2_DC1,West Coast DM,12,2012,Y030_034,0.1807640543363208
ZAF,ZAF2012HSRC,sexcohab,ZAF_2_DC1,West Coast DM,12,2012,Y030_034,0.4726633177908745
ZAF,ZAF2012HSRC,sexnonregplus,ZAF_2_DC1,West Coast DM,12,2012,Y030_034,0.34657262787280474
ZAF,ZAF2012HSRC,nosex12m,ZAF_2_DC1,West Coast DM,12,2012,Y035_039,0.17219065092928326
ZAF,ZAF2012HSRC,sexcohab,ZAF_2_DC1,West Coast DM,12,2012,Y035_039,0.5617862462437969
ZAF,ZAF2012HSRC,sexnonregplus,ZAF_2_DC1,West Coast DM,12,2012,Y035_039,0.2660231028269199
ZAF,ZAF2012HSRC,nosex12m,ZAF_2_DC1,West Coast DM,12,2012,Y040_044,0.20807855717028337
ZAF,ZAF2012HSRC,sexcohab,ZAF_2_DC1,West Coast DM,12,2012,Y040_044,0.5995141145878972
ZAF,ZAF2012HSRC,sexnonregplus,ZAF_2_DC1,West Coast DM,12,2012,Y040_044,0.1924073282418195
ZAF,ZAF2012HSRC,nosex12m,ZAF_2_DC1,West Coast DM,12,2012,Y045_049,0.2870719054705579
ZAF,ZAF2012HSRC,sexcohab,ZAF_2_DC1,West Coast DM,12,2012,Y045_049,0.5619202438386801
ZAF,ZAF2012HSRC,sexnonregplus,ZAF_2_DC1,West Coast DM,12,2012,Y045_049,0.15100785069076195
ZAF,ZAF2012HSRC,nosex12m,ZAF_2_DC2,Cape Winelands DM,13,2012,Y015_019,0.7965525729503989
ZAF,ZAF2012HSRC,sexcohab,ZAF_2_DC2,Cape Winelands DM,13,2012,Y015_019,0.02659284375571436
ZAF,ZAF2012HSRC,sexnonregplus,ZAF_2_DC2,Cape Winelands DM,13,2012,Y015_019,0.17685458329388667
ZAF,ZAF2012HSRC,nosex12m,ZAF_2_DC2,Cape Winelands DM,13,2012,Y020_024,0.35577464662831504
ZAF,ZAF2012HSRC,sexcohab,ZAF_2_DC2,Cape Winelands DM,13,2012,Y020_024,0.1886525516300702
ZAF,ZAF2012HSRC,sexnonregplus,ZAF_2_DC2,Cape Winelands DM,13,2012,Y020_024,0.45557280174161474
ZAF,ZAF2012HSRC,nosex12m,ZAF_2_DC2,Cape Winelands DM,13,2012,Y025_029,0.22834431074805175
ZAF,ZAF2012HSRC,sexcohab,ZAF_2_DC2,Cape Winelands DM,13,2012,Y025_029,0.3805274815409317
ZAF,ZAF2012HSRC,sexnonregplus,ZAF_2_DC2,Cape Winelands DM,13,2012,Y025_029,0.3911282077110166
ZAF,ZAF2012HSRC,nosex12m,ZAF_2_DC2,Cape Winelands DM,13,2012,Y030_034,0.20656743365108196
ZAF,ZAF2012HSRC,sexcohab,ZAF_2_DC2,Cape Winelands DM,13,2012,Y030_034,0.48234496321997655
ZAF,ZAF2012HSRC,sexnonregplus,ZAF_2_DC2,Cape Winelands DM,13,2012,Y030_034,0.31108760312894146
ZAF,ZAF2012HSRC,nosex12m,ZAF_2_DC2,Cape Winelands DM,13,2012,Y035_039,0.19489897093840783
ZAF,ZAF2012HSRC,sexcohab,ZAF_2_DC2,Cape Winelands DM,13,2012,Y035_039,0.5685160481480682
ZAF,ZAF2012HSRC,sexnonregplus,ZAF_2_DC2,Cape Winelands DM,13,2012,Y035_039,0.23658498091352392
ZAF,ZAF2012HSRC,nosex12m,ZAF_2_DC2,Cape Winelands DM,13,2012,Y040_044,0.232423321233455
ZAF,ZAF2012HSRC,sexcohab,ZAF_2_DC2,Cape Winelands DM,13,2012,Y040_044,0.5987914879056527
ZAF,ZAF2012HSRC,sexnonregplus,ZAF_2_DC2,Cape Winelands DM,13,2012,Y040_044,0.16878519086089228
ZAF,ZAF2012HSRC,nosex12m,ZAF_2_DC2,Cape Winelands DM,13,2012,Y045_049,0.31635720365132686
ZAF,ZAF2012HSRC,sexcohab,ZAF_2_DC2,Cape Winelands DM,13,2012,Y045_049,0.5531299766908855
ZAF,ZAF2012HSRC,sexnonregplus,ZAF_2_DC2,Cape Winelands DM,13,2012,Y045_049,0.1305128196577877
ZAF,ZAF2012HSRC,nosex12m,ZAF_2_DC3,Overberg DM,14,2012,Y015_019,0.7668940987080931
ZAF,ZAF2012HSRC,sexcohab,ZAF_2_DC3,Overberg DM,14,2012,Y015_019,0.02880305671311351
ZAF,ZAF2012HSRC,sexnonregplus,ZAF_2_DC3,Overberg DM,14,2012,Y015_019,0.20430284457879336
ZAF,ZAF2012HSRC,nosex12m,ZAF_2_DC3,Overberg DM,14,2012,Y020_024,0.3208752557065454
ZAF,ZAF2012HSRC,sexcohab,ZAF_2_DC3,Overberg DM,14,2012,Y020_024,0.19001715170646807
ZAF,ZAF2012HSRC,sexnonregplus,ZAF_2_DC3,Overberg DM,14,2012,Y020_024,0.4891075925869865
ZAF,ZAF2012HSRC,nosex12m,ZAF_2_DC3,Overberg DM,14,2012,Y025_029,0.20444887854987895
ZAF,ZAF2012HSRC,sexcohab,ZAF_2_DC3,Overberg DM,14,2012,Y025_029,0.3790034435153719
ZAF,ZAF2012HSRC,sexnonregplus,ZAF_2_DC3,Overberg DM,14,2012,Y025_029,0.4165476779347491
ZAF,ZAF2012HSRC,nosex12m,ZAF_2_DC3,Overberg DM,14,2012,Y030_034,0.18560100124439832
ZAF,ZAF2012HSRC,sexcohab,ZAF_2_DC3,Overberg DM,14,2012,Y030_034,0.48159143071069355
ZAF,ZAF2012HSRC,sexnonregplus,ZAF_2_DC3,Overberg DM,14,2012,Y030_034,0.33280756804490813
ZAF,ZAF2012HSRC,nosex12m,ZAF_2_DC3,Overberg DM,14,2012,Y035_039,0.1760132769423676
ZAF,ZAF2012HSRC,sexcohab,ZAF_2_DC3,Overberg DM,14,2012,Y035_039,0.5695654454465648
ZAF,ZAF2012HSRC,sexnonregplus,ZAF_2_DC3,Overberg DM,14,2012,Y035_039,0.25442127761106753
ZAF,ZAF2012HSRC,nosex12m,ZAF_2_DC3,Overberg DM,14,2012,Y040_044,0.21170174899367797
ZAF,ZAF2012HSRC,sexcohab,ZAF_2_DC3,Overberg DM,14,2012,Y040_044,0.6050209912079532
ZAF,ZAF2012HSRC,sexnonregplus,ZAF_2_DC3,Overberg DM,14,2012,Y040_044,0.18327725979836892
ZAF,ZAF2012HSRC,nosex12m,ZAF_2_DC3,Overberg DM,14,2012,Y045_049,0.29111842040124264
ZAF,ZAF2012HSRC,sexcohab,ZAF_2_DC3,Overberg DM,14,2012,Y045_049,0.5654908244445059
ZAF,ZAF2012HSRC,sexnonregplus,ZAF_2_DC3,Overberg DM,14,2012,Y045_049,0.14339075515425145
ZAF,ZAF2012HSRC,nosex12m,ZAF_2_DC4,Garden Route DM,15,2012,Y015_019,0.7831915970397206
ZAF,ZAF2012HSRC,sexcohab,ZAF_2_DC4,Garden Route DM,15,2012,Y015_019,0.0261830668736756
ZAF,ZAF2012HSRC,sexnonregplus,ZAF_2_DC4,Garden Route DM,15,2012,Y015_019,0.1906253360866038
ZAF,ZAF2012HSRC,nosex12m,ZAF_2_DC4,Garden Route DM,15,2012,Y020_024,0.3416258474481173
ZAF,ZAF2012HSRC,sexcohab,ZAF_2_DC4,Garden Route DM,15,2012,Y020_024,0.1805400057540358
ZAF,ZAF2012HSRC,sexnonregplus,ZAF_2_DC4,Garden Route DM,15,2012,Y020_024,0.47783414679784686
ZAF,ZAF2012HSRC,nosex12m,ZAF_2_DC4,Garden Route DM,15,2012,Y025_029,0.22078771318426965
ZAF,ZAF2012HSRC,sexcohab,ZAF_2_DC4,Garden Route DM,15,2012,Y025_029,0.3662350420340434
ZAF,ZAF2012HSRC,sexnonregplus,ZAF_2_DC4,Garden Route DM,15,2012,Y025_029,0.41297724478168696
ZAF,ZAF2012HSRC,nosex12m,ZAF_2_DC4,Garden Route DM,15,2012,Y030_034,0.20127859771767465
ZAF,ZAF2012HSRC,sexcohab,ZAF_2_DC4,Garden Route DM,15,2012,Y030_034,0.4676094294824627
ZAF,ZAF2012HSRC,sexnonregplus,ZAF_2_DC4,Garden Route DM,15,2012,Y030_034,0.33111197279986265
ZAF,ZAF2012HSRC,nosex12m,ZAF_2_DC4,Garden Route DM,15,2012,Y035_039,0.191342747443756
ZAF,ZAF2012HSRC,sexcohab,ZAF_2_DC4,Garden Route DM,15,2012,Y035_039,0.5549447894331216
ZAF,ZAF2012HSRC,sexnonregplus,ZAF_2_DC4,Garden Route DM,15,2012,Y035_039,0.2537124631231224
ZAF,ZAF2012HSRC,nosex12m,ZAF_2_DC4,Garden Route DM,15,2012,Y040_044,0.2295872760736546
ZAF,ZAF2012HSRC,sexcohab,ZAF_2_DC4,Garden Route DM,15,2012,Y040_044,0.5881573316692467
ZAF,ZAF2012HSRC,sexnonregplus,ZAF_2_DC4,Garden Route DM,15,2012,Y040_044,0.18225539225709872
ZAF,ZAF2012HSRC,nosex12m,ZAF_2_DC4,Garden Route DM,15,2012,Y045_049,0.3133717404843298
ZAF,ZAF2012HSRC,sexcohab,ZAF_2_DC4,Garden Route DM,15,2012,Y045_049,0.5452077852844763
ZAF,ZAF2012HSRC,sexnonregplus,ZAF_2_DC4,Garden Route DM,15,2012,Y045_049,0.14142047423119383
ZAF,ZAF2012HSRC,nosex12m,ZAF_2_DC5,Central Karoo DM,16,2012,Y015_019,0.7819678503566732
ZAF,ZAF2012HSRC,sexcohab,ZAF_2_DC5,Central Karoo DM,16,2012,Y015_019,0.02570689258167353
ZAF,ZAF2012HSRC,sexnonregplus,ZAF_2_DC5,Central Karoo DM,16,2012,Y015_019,0.1923252570616533
ZAF,ZAF2012HSRC,nosex12m,ZAF_2_DC5,Central Karoo DM,16,2012,Y020_024,0.3416533346921097
ZAF,ZAF2012HSRC,sexcohab,ZAF_2_DC5,Central Karoo DM,16,2012,Y020_024,0.17745090233294514
ZAF,ZAF2012HSRC,sexnonregplus,ZAF_2_DC5,Central Karoo DM,16,2012,Y020_024,0.4808957629749452
ZAF,ZAF2012HSRC,nosex12m,ZAF_2_DC5,Central Karoo DM,16,2012,Y025_029,0.2217444391714141
ZAF,ZAF2012HSRC,sexcohab,ZAF_2_DC5,Central Karoo DM,16,2012,Y025_029,0.3608856002212314
ZAF,ZAF2012HSRC,sexnonregplus,ZAF_2_DC5,Central Karoo DM,16,2012,Y025_029,0.41736996060735454
ZAF,ZAF2012HSRC,nosex12m,ZAF_2_DC5,Central Karoo DM,16,2012,Y030_034,0.20269886814294685
ZAF,ZAF2012HSRC,sexcohab,ZAF_2_DC5,Central Karoo DM,16,2012,Y030_034,0.4616763254628965
ZAF,ZAF2012HSRC,sexnonregplus,ZAF_2_DC5,Central Karoo DM,16,2012,Y030_034,0.3356248063941567
ZAF,ZAF2012HSRC,nosex12m,ZAF_2_DC5,Central Karoo DM,16,2012,Y035_039,0.19314762038001335
ZAF,ZAF2012HSRC,sexcohab,ZAF_2_DC5,Central Karoo DM,16,2012,Y035_039,0.5488778825680256
ZAF,ZAF2012HSRC,sexnonregplus,ZAF_2_DC5,Central Karoo DM,16,2012,Y035_039,0.25797449705196107
ZAF,ZAF2012HSRC,nosex12m,ZAF_2_DC5,Central Karoo DM,16,2012,Y040_044,0.2319750199350432
ZAF,ZAF2012HSRC,sexcohab,ZAF_2_DC5,Central Karoo DM,16,2012,Y040_044,0.5823986193202628
ZAF,ZAF2012HSRC,sexnonregplus,ZAF_2_DC5,Central Karoo DM,16,2012,Y040_044,0.185626360744694
ZAF,ZAF2012HSRC,nosex12m,ZAF_2_DC5,Central Karoo DM,16,2012,Y045_049,0.3163359826883197
ZAF,ZAF2012HSRC,sexcohab,ZAF_2_DC5,Central Karoo DM,16,2012,Y045_049,0.5396802929020437
ZAF,ZAF2012HSRC,sexnonregplus,ZAF_2_DC5,Central Karoo DM,16,2012,Y045_049,0.14398372440963664
ZAF,ZAF2012HSRC,nosex12m,ZAF_2_DC6,Namakwa DM,17,2012,Y015_019,0.7581186230440952
ZAF,ZAF2012HSRC,sexcohab,ZAF_2_DC6,Namakwa DM,17,2012,Y015_019,0.02928671495033431
ZAF,ZAF2012HSRC,sexnonregplus,ZAF_2_DC6,Namakwa DM,17,2012,Y015_019,0.21259466200557056
ZAF,ZAF2012HSRC,nosex12m,ZAF_2_DC6,Namakwa DM,17,2012,Y020_024,0.31023011489449814
ZAF,ZAF2012HSRC,sexcohab,ZAF_2_DC6,Namakwa DM,17,2012,Y020_024,0.18985724691023995
ZAF,ZAF2012HSRC,sexnonregplus,ZAF_2_DC6,Namakwa DM,17,2012,Y020_024,0.4999126381952619
ZAF,ZAF2012HSRC,nosex12m,ZAF_2_DC6,Namakwa DM,17,2012,Y025_029,0.19698519595788508
ZAF,ZAF2012HSRC,sexcohab,ZAF_2_DC6,Namakwa DM,17,2012,Y025_029,0.3783467392963207
ZAF,ZAF2012HSRC,sexnonregplus,ZAF_2_DC6,Namakwa DM,17,2012,Y025_029,0.4246680647457942
ZAF,ZAF2012HSRC,nosex12m,ZAF_2_DC6,Namakwa DM,17,2012,Y030_034,0.17901884384657898
ZAF,ZAF2012HSRC,sexcohab,ZAF_2_DC6,Namakwa DM,17,2012,Y030_034,0.48152226469279913
ZAF,ZAF2012HSRC,sexnonregplus,ZAF_2_DC6,Namakwa DM,17,2012,Y030_034,0.33945889146062186
ZAF,ZAF2012HSRC,nosex12m,ZAF_2_DC6,Namakwa DM,17,2012,Y035_039,0.1699214020976641
ZAF,ZAF2012HSRC,sexcohab,ZAF_2_DC6,Namakwa DM,17,2012,Y035_039,0.5704023238197524
ZAF,ZAF2012HSRC,sexnonregplus,ZAF_2_DC6,Namakwa DM,17,2012,Y035_039,0.2596762740825835
ZAF,ZAF2012HSRC,nosex12m,ZAF_2_DC6,Namakwa DM,17,2012,Y040_044,0.20493298608306604
ZAF,ZAF2012HSRC,sexcohab,ZAF_2_DC6,Namakwa DM,17,2012,Y040_044,0.6075891970829936
ZAF,ZAF2012HSRC,sexnonregplus,ZAF_2_DC6,Namakwa DM,17,2012,Y040_044,0.1874778168339403
ZAF,ZAF2012HSRC,nosex12m,ZAF_2_DC6,Namakwa DM,17,2012,Y045_049,0.28299176418526745
ZAF,ZAF2012HSRC,sexcohab,ZAF_2_DC6,Namakwa DM,17,2012,Y045_049,0.5697972143945236
ZAF,ZAF2012HSRC,sexnonregplus,ZAF_2_DC6,Namakwa DM,17,2012,Y045_049,0.14721102142020898
ZAF,ZAF2012HSRC,nosex12m,ZAF_2_DC7,Pixley ka Seme DM,18,2012,Y015_019,0.7068895176529094
ZAF,ZAF2012HSRC,sexcohab,ZAF_2_DC7,Pixley ka Seme DM,18,2012,Y015_019,0.02532573053062054
ZAF,ZAF2012HSRC,sexnonregplus,ZAF_2_DC7,Pixley ka Seme DM,18,2012,Y015_019,0.26778475181647
ZAF,ZAF2012HSRC,nosex12m,ZAF_2_DC7,Pixley ka Seme DM,18,2012,Y020_024,0.26633845305408677
ZAF,ZAF2012HSRC,sexcohab,ZAF_2_DC7,Pixley ka Seme DM,18,2012,Y020_024,0.1516205980870323
ZAF,ZAF2012HSRC,sexnonregplus,ZAF_2_DC7,Pixley ka Seme DM,18,2012,Y020_024,0.5820409488588809
ZAF,ZAF2012HSRC,nosex12m,ZAF_2_DC7,Pixley ka Seme DM,18,2012,Y025_029,0.17502402909033477
ZAF,ZAF2012HSRC,sexcohab,ZAF_2_DC7,Pixley ka Seme DM,18,2012,Y025_029,0.3132455205531308
ZAF,ZAF2012HSRC,sexnonregplus,ZAF_2_DC7,Pixley ka Seme DM,18,2012,Y025_029,0.5117304503565344
ZAF,ZAF2012HSRC,nosex12m,ZAF_2_DC7,Pixley ka Seme DM,18,2012,Y030_034,0.16449903150819067
ZAF,ZAF2012HSRC,sexcohab,ZAF_2_DC7,Pixley ka Seme DM,18,2012,Y030_034,0.4125844668352416
ZAF,ZAF2012HSRC,sexnonregplus,ZAF_2_DC7,Pixley ka Seme DM,18,2012,Y030_034,0.42291650165656774
ZAF,ZAF2012HSRC,nosex12m,ZAF_2_DC7,Pixley ka Seme DM,18,2012,Y035_039,0.16117087825972848
ZAF,ZAF2012HSRC,sexcohab,ZAF_2_DC7,Pixley ka Seme DM,18,2012,Y035_039,0.5048847884518265
ZAF,ZAF2012HSRC,sexnonregplus,ZAF_2_DC7,Pixley ka Seme DM,18,2012,Y035_039,0.33394433328844503
ZAF,ZAF2012HSRC,nosex12m,ZAF_2_DC7,Pixley ka Seme DM,18,2012,Y040_044,0.1997562405841619
ZAF,ZAF2012HSRC,sexcohab,ZAF_2_DC7,Pixley ka Seme DM,18,2012,Y040_044,0.5526341547967422
ZAF,ZAF2012HSRC,sexnonregplus,ZAF_2_DC7,Pixley ka Seme DM,18,2012,Y040_044,0.2476096046190959
ZAF,ZAF2012HSRC,nosex12m,ZAF_2_DC7,Pixley ka Seme DM,18,2012,Y045_049,0.27922660503343766
ZAF,ZAF2012HSRC,sexcohab,ZAF_2_DC7,Pixley ka Seme DM,18,2012,Y045_049,0.5241500216068242
ZAF,ZAF2012HSRC,sexnonregplus,ZAF_2_DC7,Pixley ka Seme DM,18,2012,Y045_049,0.19662337335973817
ZAF,ZAF2012HSRC,nosex12m,ZAF_2_DC8,ZF Mgcawu DM,19,2012,Y015_019,0.7133069515618486
ZAF,ZAF2012HSRC,sexcohab,ZAF_2_DC8,ZF Mgcawu DM,19,2012,Y015_019,0.02887768711839699
ZAF,ZAF2012HSRC,sexnonregplus,ZAF_2_DC8,ZF Mgcawu DM,19,2012,Y015_019,0.2578153613197544
ZAF,ZAF2012HSRC,nosex12m,ZAF_2_DC8,ZF Mgcawu DM,19,2012,Y020_024,0.26842686529931015
ZAF,ZAF2012HSRC,sexcohab,ZAF_2_DC8,ZF Mgcawu DM,19,2012,Y020_024,0.1725215087299942
ZAF,ZAF2012HSRC,sexnonregplus,ZAF_2_DC8,ZF Mgcawu DM,19,2012,Y020_024,0.5590516259706956
ZAF,ZAF2012HSRC,nosex12m,ZAF_2_DC8,ZF Mgcawu DM,19,2012,Y025_029,0.17223548910129816
ZAF,ZAF2012HSRC,sexcohab,ZAF_2_DC8,ZF Mgcawu DM,19,2012,Y025_029,0.347841771260819
ZAF,ZAF2012HSRC,sexnonregplus,ZAF_2_DC8,ZF Mgcawu DM,19,2012,Y025_029,0.4799227396378829
ZAF,ZAF2012HSRC,nosex12m,ZAF_2_DC8,ZF Mgcawu DM,19,2012,Y030_034,0.15924436262313882
ZAF,ZAF2012HSRC,sexcohab,ZAF_2_DC8,ZF Mgcawu DM,19,2012,Y030_034,0.45058165918480975
ZAF,ZAF2012HSRC,sexnonregplus,ZAF_2_DC8,ZF Mgcawu DM,19,2012,Y030_034,0.3901739781920514
ZAF,ZAF2012HSRC,nosex12m,ZAF_2_DC8,ZF Mgcawu DM,19,2012,Y035_039,0.15366823412830566
ZAF,ZAF2012HSRC,sexcohab,ZAF_2_DC8,ZF Mgcawu DM,19,2012,Y035_039,0.5429159956538304
ZAF,ZAF2012HSRC,sexnonregplus,ZAF_2_DC8,ZF Mgcawu DM,19,2012,Y035_039,0.30341577021786387
ZAF,ZAF2012HSRC,nosex12m,ZAF_2_DC8,ZF Mgcawu DM,19,2012,Y040_044,0.1886313879845236
ZAF,ZAF2012HSRC,sexcohab,ZAF_2_DC8,ZF Mgcawu DM,19,2012,Y040_044,0.5885667764218419
ZAF,ZAF2012HSRC,sexnonregplus,ZAF_2_DC8,ZF Mgcawu DM,19,2012,Y040_044,0.22280183559363456
ZAF,ZAF2012HSRC,nosex12m,ZAF_2_DC8,ZF Mgcawu DM,19,2012,Y045_049,0.263946976621483
ZAF,ZAF2012HSRC,sexcohab,ZAF_2_DC8,ZF Mgcawu DM,19,2012,Y045_049,0.5589118234373774
ZAF,ZAF2012HSRC,sexnonregplus,ZAF_2_DC8,ZF Mgcawu DM,19,2012,Y045_049,0.17714119994113964
ZAF,ZAF2012HSRC,nosex12m,ZAF_2_DC9,Frances Baard DM,20,2012,Y015_019,0.6698195463499618
ZAF,ZAF2012HSRC,sexcohab,ZAF_2_DC9,Frances Baard DM,20,2012,Y015_019,0.0230833064212265
ZAF,ZAF2012HSRC,sexnonregplus,ZAF_2_DC9,Frances Baard DM,20,2012,Y015_019,0.30709714722881165
ZAF,ZAF2012HSRC,nosex12m,ZAF_2_DC9,Frances Baard DM,20,2012,Y020_024,0.2385839706862437
ZAF,ZAF2012HSRC,sexcohab,ZAF_2_DC9,Frances Baard DM,20,2012,Y020_024,0.13060464087238485
ZAF,ZAF2012HSRC,sexnonregplus,ZAF_2_DC9,Frances Baard DM,20,2012,Y020_024,0.6308113884413715
ZAF,ZAF2012HSRC,nosex12m,ZAF_2_DC9,Frances Baard DM,20,2012,Y025_029,0.159808259807574
ZAF,ZAF2012HSRC,sexcohab,ZAF_2_DC9,Frances Baard DM,20,2012,Y025_029,0.2749961815730914
ZAF,ZAF2012HSRC,sexnonregplus,ZAF_2_DC9,Frances Baard DM,20,2012,Y025_029,0.5651955586193346
ZAF,ZAF2012HSRC,nosex12m,ZAF_2_DC9,Frances Baard DM,20,2012,Y030_034,0.15332106799136477
ZAF,ZAF2012HSRC,sexcohab,ZAF_2_DC9,Frances Baard DM,20,2012,Y030_034,0.36980614939676576
ZAF,ZAF2012HSRC,sexnonregplus,ZAF_2_DC9,Frances Baard DM,20,2012,Y030_034,0.4768727826118695
ZAF,ZAF2012HSRC,nosex12m,ZAF_2_DC9,Frances Baard DM,20,2012,Y035_039,0.1534229501166065
ZAF,ZAF2012HSRC,sexcohab,ZAF_2_DC9,Frances Baard DM,20,2012,Y035_039,0.46210270015088534
ZAF,ZAF2012HSRC,sexnonregplus,ZAF_2_DC9,Frances Baard DM,20,2012,Y035_039,0.38447434973250816
ZAF,ZAF2012HSRC,nosex12m,ZAF_2_DC9,Frances Baard DM,20,2012,Y040_044,0.19383418094967092
ZAF,ZAF2012HSRC,sexcohab,ZAF_2_DC9,Frances Baard DM,20,2012,Y040_044,0.5155880431907179
ZAF,ZAF2012HSRC,sexnonregplus,ZAF_2_DC9,Frances Baard DM,20,2012,Y040_044,0.29057777585961114
ZAF,ZAF2012HSRC,nosex12m,ZAF_2_DC9,Frances Baard DM,20,2012,Y045_049,0.27343695358980413
ZAF,ZAF2012HSRC,sexcohab,ZAF_2_DC9,Frances Baard DM,20,2012,Y045_049,0.4936118490436
ZAF,ZAF2012HSRC,sexnonregplus,ZAF_2_DC9,Frances Baard DM,20,2012,Y045_049,0.23295119736659584
ZAF,ZAF2012HSRC,nosex12m,ZAF_2_DC45,J T Gaetsewe DM,21,2012,Y015_019,0.6957888918594444
ZAF,ZAF2012HSRC,sexcohab,ZAF_2_DC45,J T Gaetsewe DM,21,2012,Y015_019,0.01817044557338877
ZAF,ZAF2012HSRC,sexnonregplus,ZAF_2_DC45,J T Gaetsewe DM,21,2012,Y015_019,0.28604066256716687
ZAF,ZAF2012HSRC,nosex12m,ZAF_2_DC45,J T Gaetsewe DM,21,2012,Y020_024,0.26589929220708497
ZAF,ZAF2012HSRC,sexcohab,ZAF_2_DC45,J T Gaetsewe DM,21,2012,Y020_024,0.10958110890293782
ZAF,ZAF2012HSRC,sexnonregplus,ZAF_2_DC45,J T Gaetsewe DM,21,2012,Y020_024,0.6245195988899772
ZAF,ZAF2012HSRC,nosex12m,ZAF_2_DC45,J T Gaetsewe DM,21,2012,Y025_029,0.18413647558831747
ZAF,ZAF2012HSRC,sexcohab,ZAF_2_DC45,J T Gaetsewe DM,21,2012,Y025_029,0.2378243737115138
ZAF,ZAF2012HSRC,sexnonregplus,ZAF_2_DC45,J T Gaetsewe DM,21,2012,Y025_029,0.5780391507001688
ZAF,ZAF2012HSRC,nosex12m,ZAF_2_DC45,J T Gaetsewe DM,21,2012,Y030_034,0.17949379569701462
ZAF,ZAF2012HSRC,sexcohab,ZAF_2_DC45,J T Gaetsewe DM,21,2012,Y030_034,0.3246233262397135
ZAF,ZAF2012HSRC,sexnonregplus,ZAF_2_DC45,J T Gaetsewe DM,21,2012,Y030_034,0.49588287806327186
ZAF,ZAF2012HSRC,nosex12m,ZAF_2_DC45,J T Gaetsewe DM,21,2012,Y035_039,0.18235288419233475
ZAF,ZAF2012HSRC,sexcohab,ZAF_2_DC45,J T Gaetsewe DM,21,2012,Y035_039,0.41139221612978366
ZAF,ZAF2012HSRC,sexnonregplus,ZAF_2_DC45,J T Gaetsewe DM,21,2012,Y035_039,0.4062548996778816
ZAF,ZAF2012HSRC,nosex12m,ZAF_2_DC45,J T Gaetsewe DM,21,2012,Y040_044,0.23105980973356685
ZAF,ZAF2012HSRC,sexcohab,ZAF_2_DC45,J T Gaetsewe DM,21,2012,Y040_044,0.4604464758572411
ZAF,ZAF2012HSRC,sexnonregplus,ZAF_2_DC45,J T Gaetsewe DM,21,2012,Y040_044,0.3084937144091921
ZAF,ZAF2012HSRC,nosex12m,ZAF_2_DC45,J T Gaetsewe DM,21,2012,Y045_049,0.32104103663241235
ZAF,ZAF2012HSRC,sexcohab,ZAF_2_DC45,J T Gaetsewe DM,21,2012,Y045_049,0.4348900261138876
ZAF,ZAF2012HSRC,sexnonregplus,ZAF_2_DC45,J T Gaetsewe DM,21,2012,Y045_049,0.24406893725370007
ZAF,ZAF2012HSRC,nosex12m,ZAF_2_BUF,Buffalo City MM,22,2012,Y015_019,0.6899404717514608
ZAF,ZAF2012HSRC,sexcohab,ZAF_2_BUF,Buffalo City MM,22,2012,Y015_019,0.01739993507656627
ZAF,ZAF2012HSRC,sexnonregplus,ZAF_2_BUF,Buffalo City MM,22,2012,Y015_019,0.29265959317197293
ZAF,ZAF2012HSRC,nosex12m,ZAF_2_BUF,Buffalo City MM,22,2012,Y020_024,0.26033530901278695
ZAF,ZAF2012HSRC,sexcohab,ZAF_2_BUF,Buffalo City MM,22,2012,Y020_024,0.10423805666961763
ZAF,ZAF2012HSRC,sexnonregplus,ZAF_2_BUF,Buffalo City MM,22,2012,Y020_024,0.6354266343175954
ZAF,ZAF2012HSRC,nosex12m,ZAF_2_BUF,Buffalo City MM,22,2012,Y025_029,0.18108169095613233
ZAF,ZAF2012HSRC,sexcohab,ZAF_2_BUF,Buffalo City MM,22,2012,Y025_029,0.22769956998197272
ZAF,ZAF2012HSRC,sexnonregplus,ZAF_2_BUF,Buffalo City MM,22,2012,Y025_029,0.5912187390618949
ZAF,ZAF2012HSRC,nosex12m,ZAF_2_BUF,Buffalo City MM,22,2012,Y030_034,0.1775635819563036
ZAF,ZAF2012HSRC,sexcohab,ZAF_2_BUF,Buffalo City MM,22,2012,Y030_034,0.31270893872158256
ZAF,ZAF2012HSRC,sexnonregplus,ZAF_2_BUF,Buffalo City MM,22,2012,Y030_034,0.5097274793221138
ZAF,ZAF2012HSRC,nosex12m,ZAF_2_BUF,Buffalo City MM,22,2012,Y035_039,0.18139641326127529
ZAF,ZAF2012HSRC,sexcohab,ZAF_2_BUF,Buffalo City MM,22,2012,Y035_039,0.398818821631565
ZAF,ZAF2012HSRC,sexnonregplus,ZAF_2_BUF,Buffalo City MM,22,2012,Y035_039,0.4197847651071596
ZAF,ZAF2012HSRC,nosex12m,ZAF_2_BUF,Buffalo City MM,22,2012,Y040_044,0.23113723610839
ZAF,ZAF2012HSRC,sexcohab,ZAF_2_BUF,Buffalo City MM,22,2012,Y040_044,0.4487457918532445
ZAF,ZAF2012HSRC,sexnonregplus,ZAF_2_BUF,Buffalo City MM,22,2012,Y040_044,0.32011697203836553
ZAF,ZAF2012HSRC,nosex12m,ZAF_2_BUF,Buffalo City MM,22,2012,Y045_049,0.32198582819421556
ZAF,ZAF2012HSRC,sexcohab,ZAF_2_BUF,Buffalo City MM,22,2012,Y045_049,0.4244499313001543
ZAF,ZAF2012HSRC,sexnonregplus,ZAF_2_BUF,Buffalo City MM,22,2012,Y045_049,0.25356424050563015
ZAF,ZAF2012HSRC,nosex12m,ZAF_2_NMA,N Mandela Bay MM,23,2012,Y015_019,0.7390151165272466
ZAF,ZAF2012HSRC,sexcohab,ZAF_2_NMA,N Mandela Bay MM,23,2012,Y015_019,0.02461898925248942
ZAF,ZAF2012HSRC,sexnonregplus,ZAF_2_NMA,N Mandela Bay MM,23,2012,Y015_019,0.236365894220264
ZAF,ZAF2012HSRC,nosex12m,ZAF_2_NMA,N Mandela Bay MM,23,2012,Y020_024,0.2964896983304127
ZAF,ZAF2012HSRC,sexcohab,ZAF_2_NMA,N Mandela Bay MM,23,2012,Y020_024,0.15676393576380432
ZAF,ZAF2012HSRC,sexnonregplus,ZAF_2_NMA,N Mandela Bay MM,23,2012,Y020_024,0.546746365905783
ZAF,ZAF2012HSRC,nosex12m,ZAF_2_NMA,N Mandela Bay MM,23,2012,Y025_029,0.19501440902224065
ZAF,ZAF2012HSRC,sexcohab,ZAF_2_NMA,N Mandela Bay MM,23,2012,Y025_029,0.3239616100791313
ZAF,ZAF2012HSRC,sexnonregplus,ZAF_2_NMA,N Mandela Bay MM,23,2012,Y025_029,0.4810239808986281
ZAF,ZAF2012HSRC,nosex12m,ZAF_2_NMA,N Mandela Bay MM,23,2012,Y030_034,0.18194166430696243
ZAF,ZAF2012HSRC,sexcohab,ZAF_2_NMA,N Mandela Bay MM,23,2012,Y030_034,0.42347784373671454
ZAF,ZAF2012HSRC,sexnonregplus,ZAF_2_NMA,N Mandela Bay MM,23,2012,Y030_034,0.39458049195632305
ZAF,ZAF2012HSRC,nosex12m,ZAF_2_NMA,N Mandela Bay MM,23,2012,Y035_039,0.17687927457399277
ZAF,ZAF2012HSRC,sexcohab,ZAF_2_NMA,N Mandela Bay MM,23,2012,Y035_039,0.5140210415772772
ZAF,ZAF2012HSRC,sexnonregplus,ZAF_2_NMA,N Mandela Bay MM,23,2012,Y035_039,0.30909968384873
ZAF,ZAF2012HSRC,nosex12m,ZAF_2_NMA,N Mandela Bay MM,23,2012,Y040_044,0.21683602250840087
ZAF,ZAF2012HSRC,sexcohab,ZAF_2_NMA,N Mandela Bay MM,23,2012,Y040_044,0.5564908236021512
ZAF,ZAF2012HSRC,sexnonregplus,ZAF_2_NMA,N Mandela Bay MM,23,2012,Y040_044,0.226673153889448
ZAF,ZAF2012HSRC,nosex12m,ZAF_2_NMA,N Mandela Bay MM,23,2012,Y045_049,0.29975728503547366
ZAF,ZAF2012HSRC,sexcohab,ZAF_2_NMA,N Mandela Bay MM,23,2012,Y045_049,0.5221888801112777
ZAF,ZAF2012HSRC,sexnonregplus,ZAF_2_NMA,N Mandela Bay MM,23,2012,Y045_049,0.17805383485324858
ZAF,ZAF2012HSRC,nosex12m,ZAF_2_DC10,Sarah Baartman DM,24,2012,Y015_019,0.7448839246984785
ZAF,ZAF2012HSRC,sexcohab,ZAF_2_DC10,Sarah Baartman DM,24,2012,Y015_019,0.02484092409769479
ZAF,ZAF2012HSRC,sexnonregplus,ZAF_2_DC10,Sarah Baartman DM,24,2012,Y015_019,0.23027515120382663
ZAF,ZAF2012HSRC,nosex12m,ZAF_2_DC10,Sarah Baartman DM,24,2012,Y020_024,0.3020266879058621
ZAF,ZAF2012HSRC,sexcohab,ZAF_2_DC10,Sarah Baartman DM,24,2012,Y020_024,0.15986796788887
ZAF,ZAF2012HSRC,sexnonregplus,ZAF_2_DC10,Sarah Baartman DM,24,2012,Y020_024,0.5381053442052679
ZAF,ZAF2012HSRC,nosex12m,ZAF_2_DC10,Sarah Baartman DM,24,2012,Y025_029,0.19814319228672508
ZAF,ZAF2012HSRC,sexcohab,ZAF_2_DC10,Sarah Baartman DM,24,2012,Y025_029,0.3295525101142382
ZAF,ZAF2012HSRC,sexnonregplus,ZAF_2_DC10,Sarah Baartman DM,24,2012,Y025_029,0.4723042975990367
ZAF,ZAF2012HSRC,nosex12m,ZAF_2_DC10,Sarah Baartman DM,24,2012,Y030_034,0.1842910665731727
ZAF,ZAF2012HSRC,sexcohab,ZAF_2_DC10,Sarah Baartman DM,24,2012,Y030_034,0.4293858250320432
ZAF,ZAF2012HSRC,sexnonregplus,ZAF_2_DC10,Sarah Baartman DM,24,2012,Y030_034,0.3863231083947841
ZAF,ZAF2012HSRC,nosex12m,ZAF_2_DC10,Sarah Baartman DM,24,2012,Y035_039,0.17863713688371632
ZAF,ZAF2012HSRC,sexcohab,ZAF_2_DC10,Sarah Baartman DM,24,2012,Y035_039,0.5196187597959541
ZAF,ZAF2012HSRC,sexnonregplus,ZAF_2_DC10,Sarah Baartman DM,24,2012,Y035_039,0.30174410332032964
ZAF,ZAF2012HSRC,nosex12m,ZAF_2_DC10,Sarah Baartman DM,24,2012,Y040_044,0.21834375837854855
ZAF,ZAF2012HSRC,sexcohab,ZAF_2_DC10,Sarah Baartman DM,24,2012,Y040_044,0.5609386450449991
ZAF,ZAF2012HSRC,sexnonregplus,ZAF_2_DC10,Sarah Baartman DM,24,2012,Y040_044,0.2207175965764523
ZAF,ZAF2012HSRC,nosex12m,ZAF_2_DC10,Sarah Baartman DM,24,2012,Y045_049,0.30139819767352943
ZAF,ZAF2012HSRC,sexcohab,ZAF_2_DC10,Sarah Baartman DM,24,2012,Y045_049,0.5255244421159285
ZAF,ZAF2012HSRC,sexnonregplus,ZAF_2_DC10,Sarah Baartman DM,24,2012,Y045_049,0.173077360210542
ZAF,ZAF2012HSRC,nosex12m,ZAF_2_DC12,Amathole DM,25,2012,Y015_019,0.6796637846003583
ZAF,ZAF2012HSRC,sexcohab,ZAF_2_DC12,Amathole DM,25,2012,Y015_019,0.01358727399255801
ZAF,ZAF2012HSRC,sexnonregplus,ZAF_2_DC12,Amathole DM,25,2012,Y015_019,0.30674894140708375
ZAF,ZAF2012HSRC,nosex12m,ZAF_2_DC12,Amathole DM,25,2012,Y020_024,0.25531511785838024
ZAF,ZAF2012HSRC,sexcohab,ZAF_2_DC12,Amathole DM,25,2012,Y020_024,0.08101314100953591
ZAF,ZAF2012HSRC,sexnonregplus,ZAF_2_DC12,Amathole DM,25,2012,Y020_024,0.6636717411320838
ZAF,ZAF2012HSRC,nosex12m,ZAF_2_DC12,Amathole DM,25,2012,Y025_029,0.18266259314850072
ZAF,ZAF2012HSRC,sexcohab,ZAF_2_DC12,Amathole DM,25,2012,Y025_029,0.18221621794717896
ZAF,ZAF2012HSRC,sexnonregplus,ZAF_2_DC12,Amathole DM,25,2012,Y025_029,0.6351211889043203
ZAF,ZAF2012HSRC,nosex12m,ZAF_2_DC12,Amathole DM,25,2012,Y030_034,0.1833203610267798
ZAF,ZAF2012HSRC,sexcohab,ZAF_2_DC12,Amathole DM,25,2012,Y030_034,0.25614134951411854
ZAF,ZAF2012HSRC,sexnonregplus,ZAF_2_DC12,Amathole DM,25,2012,Y030_034,0.5605382894591017
ZAF,ZAF2012HSRC,nosex12m,ZAF_2_DC12,Amathole DM,25,2012,Y035_039,0.19198345734648545
ZAF,ZAF2012HSRC,sexcohab,ZAF_2_DC12,Amathole DM,25,2012,Y035_039,0.33489596706095126
ZAF,ZAF2012HSRC,sexnonregplus,ZAF_2_DC12,Amathole DM,25,2012,Y035_039,0.4731205755925633
ZAF,ZAF2012HSRC,nosex12m,ZAF_2_DC12,Amathole DM,25,2012,Y040_044,0.2490258097340537
ZAF,ZAF2012HSRC,sexcohab,ZAF_2_DC12,Amathole DM,25,2012,Y040_044,0.38361903153505633
ZAF,ZAF2012HSRC,sexnonregplus,ZAF_2_DC12,Amathole DM,25,2012,Y040_044,0.36735515873089
ZAF,ZAF2012HSRC,nosex12m,ZAF_2_DC12,Amathole DM,25,2012,Y045_049,0.3466797895142753
ZAF,ZAF2012HSRC,sexcohab,ZAF_2_DC12,Amathole DM,25,2012,Y045_049,0.3625579014772312
ZAF,ZAF2012HSRC,sexnonregplus,ZAF_2_DC12,Amathole DM,25,2012,Y045_049,0.29076230900849354
ZAF,ZAF2012HSRC,nosex12m,ZAF_2_DC13,C Hani DM,26,2012,Y015_019,0.7023555829355409
ZAF,ZAF2012HSRC,sexcohab,ZAF_2_DC13,C Hani DM,26,2012,Y015_019,0.01531599857074931
ZAF,ZAF2012HSRC,sexnonregplus,ZAF_2_DC13,C Hani DM,26,2012,Y015_019,0.28232841849370977
ZAF,ZAF2012HSRC,nosex12m,ZAF_2_DC13,C Hani DM,26,2012,Y020_024,0.2729829042462246
ZAF,ZAF2012HSRC,sexcohab,ZAF_2_DC13,C Hani DM,26,2012,Y020_024,0.09454872601265547
ZAF,ZAF2012HSRC,sexnonregplus,ZAF_2_DC13,C Hani DM,26,2012,Y020_024,0.6324683697411199
ZAF,ZAF2012HSRC,nosex12m,ZAF_2_DC13,C Hani DM,26,2012,Y025_029,0.1927409544402394
ZAF,ZAF2012HSRC,sexcohab,ZAF_2_DC13,C Hani DM,26,2012,Y025_029,0.2099211384407747
ZAF,ZAF2012HSRC,sexnonregplus,ZAF_2_DC13,C Hani DM,26,2012,Y025_029,0.5973379071189859
ZAF,ZAF2012HSRC,nosex12m,ZAF_2_DC13,C Hani DM,26,2012,Y030_034,0.1904486760591209
ZAF,ZAF2012HSRC,sexcohab,ZAF_2_DC13,C Hani DM,26,2012,Y030_034,0.2906169873036111
ZAF,ZAF2012HSRC,sexnonregplus,ZAF_2_DC13,C Hani DM,26,2012,Y030_034,0.5189343366372681
ZAF,ZAF2012HSRC,nosex12m,ZAF_2_DC13,C Hani DM,26,2012,Y035_039,0.19603278665994964
ZAF,ZAF2012HSRC,sexcohab,ZAF_2_DC13,C Hani DM,26,2012,Y035_039,0.3735320104585071
ZAF,ZAF2012HSRC,sexnonregplus,ZAF_2_DC13,C Hani DM,26,2012,Y035_039,0.4304352028815432
ZAF,ZAF2012HSRC,nosex12m,ZAF_2_DC13,C Hani DM,26,2012,Y040_044,0.2501859437640886
ZAF,ZAF2012HSRC,sexcohab,ZAF_2_DC13,C Hani DM,26,2012,Y040_044,0.4210687467963064
ZAF,ZAF2012HSRC,sexnonregplus,ZAF_2_DC13,C Hani DM,26,2012,Y040_044,0.32874530943960506
ZAF,ZAF2012HSRC,nosex12m,ZAF_2_DC13,C Hani DM,26,2012,Y045_049,0.3460908748275208
ZAF,ZAF2012HSRC,sexcohab,ZAF_2_DC13,C Hani DM,26,2012,Y045_049,0.3954162027633218
ZAF,ZAF2012HSRC,sexnonregplus,ZAF_2_DC13,C Hani DM,26,2012,Y045_049,0.25849292240915744
ZAF,ZAF2012HSRC,nosex12m,ZAF_2_DC14,Joe Gqabi DM,27,2012,Y015_019,0.7009964538323105
ZAF,ZAF2012HSRC,sexcohab,ZAF_2_DC14,Joe Gqabi DM,27,2012,Y015_019,0.02060779315713173
ZAF,ZAF2012HSRC,sexnonregplus,ZAF_2_DC14,Joe Gqabi DM,27,2012,Y015_019,0.27839575301055774
ZAF,ZAF2012HSRC,nosex12m,ZAF_2_DC14,Joe Gqabi DM,27,2012,Y020_024,0.2676166603279054
ZAF,ZAF2012HSRC,sexcohab,ZAF_2_DC14,Joe Gqabi DM,27,2012,Y020_024,0.12409512282265428
ZAF,ZAF2012HSRC,sexnonregplus,ZAF_2_DC14,Joe Gqabi DM,27,2012,Y020_024,0.6082882168494403
ZAF,ZAF2012HSRC,nosex12m,ZAF_2_DC14,Joe Gqabi DM,27,2012,Y025_029,0.1820243050997064
ZAF,ZAF2012HSRC,sexcohab,ZAF_2_DC14,Joe Gqabi DM,27,2012,Y025_029,0.2647909603284287
ZAF,ZAF2012HSRC,sexnonregplus,ZAF_2_DC14,Joe Gqabi DM,27,2012,Y025_029,0.5531847345718649
ZAF,ZAF2012HSRC,nosex12m,ZAF_2_DC14,Joe Gqabi DM,27,2012,Y030_034,0.1750958099238541
ZAF,ZAF2012HSRC,sexcohab,ZAF_2_DC14,Joe Gqabi DM,27,2012,Y030_034,0.356627120718617
ZAF,ZAF2012HSRC,sexnonregplus,ZAF_2_DC14,Joe Gqabi DM,27,2012,Y030_034,0.4682770693575289
ZAF,ZAF2012HSRC,nosex12m,ZAF_2_DC14,Joe Gqabi DM,27,2012,Y035_039,0.17546723066228123
ZAF,ZAF2012HSRC,sexcohab,ZAF_2_DC14,Joe Gqabi DM,27,2012,Y035_039,0.44604459624950726
ZAF,ZAF2012HSRC,sexnonregplus,ZAF_2_DC14,Joe Gqabi DM,27,2012,Y035_039,0.37848817308821153
ZAF,ZAF2012HSRC,nosex12m,ZAF_2_DC14,Joe Gqabi DM,27,2012,Y040_044,0.22036034842618263
ZAF,ZAF2012HSRC,sexcohab,ZAF_2_DC14,Joe Gqabi DM,27,2012,Y040_044,0.49480140537818346
ZAF,ZAF2012HSRC,sexnonregplus,ZAF_2_DC14,Joe Gqabi DM,27,2012,Y040_044,0.2848382461956339
ZAF,ZAF2012HSRC,nosex12m,ZAF_2_DC14,Joe Gqabi DM,27,2012,Y045_049,0.30665688398962476
ZAF,ZAF2012HSRC,sexcohab,ZAF_2_DC14,Joe Gqabi DM,27,2012,Y045_049,0.46777342501323427
ZAF,ZAF2012HSRC,sexnonregplus,ZAF_2_DC14,Joe Gqabi DM,27,2012,Y045_049,0.22556969099714097
ZAF,ZAF2012HSRC,nosex12m,ZAF_2_DC15,O Tambo DM,28,2012,Y015_019,0.7085181935560327
ZAF,ZAF2012HSRC,sexcohab,ZAF_2_DC15,O Tambo DM,28,2012,Y015_019,0.01301256859723251
ZAF,ZAF2012HSRC,sexnonregplus,ZAF_2_DC15,O Tambo DM,28,2012,Y015_019,0.2784692378467348
ZAF,ZAF2012HSRC,nosex12m,ZAF_2_DC15,O Tambo DM,28,2012,Y020_024,0.28072514312355323
ZAF,ZAF2012HSRC,sexcohab,ZAF_2_DC15,O Tambo DM,28,2012,Y020_024,0.08200147409725236
ZAF,ZAF2012HSRC,sexnonregplus,ZAF_2_DC15,O Tambo DM,28,2012,Y020_024,0.6372733827791944
ZAF,ZAF2012HSRC,nosex12m,ZAF_2_DC15,O Tambo DM,28,2012,Y025_029,0.20179705944177223
ZAF,ZAF2012HSRC,sexcohab,ZAF_2_DC15,O Tambo DM,28,2012,Y025_029,0.1854518384292324
ZAF,ZAF2012HSRC,sexnonregplus,ZAF_2_DC15,O Tambo DM,28,2012,Y025_029,0.6127511021289954
ZAF,ZAF2012HSRC,nosex12m,ZAF_2_DC15,O Tambo DM,28,2012,Y030_034,0.20170012775103285
ZAF,ZAF2012HSRC,sexcohab,ZAF_2_DC15,O Tambo DM,28,2012,Y030_034,0.259815534009306
ZAF,ZAF2012HSRC,sexnonregplus,ZAF_2_DC15,O Tambo DM,28,2012,Y030_034,0.5384843382396611
ZAF,ZAF2012HSRC,nosex12m,ZAF_2_DC15,O Tambo DM,28,2012,Y035_039,0.2101022741855747
ZAF,ZAF2012HSRC,sexcohab,ZAF_2_DC15,O Tambo DM,28,2012,Y035_039,0.3379810935807558
ZAF,ZAF2012HSRC,sexnonregplus,ZAF_2_DC15,O Tambo DM,28,2012,Y035_039,0.4519166322336695
ZAF,ZAF2012HSRC,nosex12m,ZAF_2_DC15,O Tambo DM,28,2012,Y040_044,0.2697456512639751
ZAF,ZAF2012HSRC,sexcohab,ZAF_2_DC15,O Tambo DM,28,2012,Y040_044,0.38321157182001714
ZAF,ZAF2012HSRC,sexnonregplus,ZAF_2_DC15,O Tambo DM,28,2012,Y040_044,0.34704277691600777
ZAF,ZAF2012HSRC,nosex12m,ZAF_2_DC15,O Tambo DM,28,2012,Y045_049,0.37103155166429
ZAF,ZAF2012HSRC,sexcohab,ZAF_2_DC15,O Tambo DM,28,2012,Y045_049,0.3577476023929004
ZAF,ZAF2012HSRC,sexnonregplus,ZAF_2_DC15,O Tambo DM,28,2012,Y045_049,0.2712208459428096
ZAF,ZAF2012HSRC,nosex12m,ZAF_2_DC44,A Nzo DM,29,2012,Y015_019,0.6623267513243657
ZAF,ZAF2012HSRC,sexcohab,ZAF_2_DC44,A Nzo DM,29,2012,Y015_019,0.01354532732753603
ZAF,ZAF2012HSRC,sexnonregplus,ZAF_2_DC44,A Nzo DM,29,2012,Y015_019,0.3241279213480983
ZAF,ZAF2012HSRC,nosex12m,ZAF_2_DC44,A Nzo DM,29,2012,Y020_024,0.2412688131446695
ZAF,ZAF2012HSRC,sexcohab,ZAF_2_DC44,A Nzo DM,29,2012,Y020_024,0.0783696586878659
ZAF,ZAF2012HSRC,sexnonregplus,ZAF_2_DC44,A Nzo DM,29,2012,Y020_024,0.6803615281674646
ZAF,ZAF2012HSRC,nosex12m,ZAF_2_DC44,A Nzo DM,29,2012,Y025_029,0.17262063024947966
ZAF,ZAF2012HSRC,sexcohab,ZAF_2_DC44,A Nzo DM,29,2012,Y025_029,0.17626321850223942
ZAF,ZAF2012HSRC,sexnonregplus,ZAF_2_DC44,A Nzo DM,29,2012,Y025_029,0.6511161512482809
ZAF,ZAF2012HSRC,nosex12m,ZAF_2_DC44,A Nzo DM,29,2012,Y030_034,0.17398256022380776
ZAF,ZAF2012HSRC,sexcohab,ZAF_2_DC44,A Nzo DM,29,2012,Y030_034,0.24889064739948483
ZAF,ZAF2012HSRC,sexnonregplus,ZAF_2_DC44,A Nzo DM,29,2012,Y030_034,0.5771267923767074
ZAF,ZAF2012HSRC,nosex12m,ZAF_2_DC44,A Nzo DM,29,2012,Y035_039,0.18319396993689813
ZAF,ZAF2012HSRC,sexcohab,ZAF_2_DC44,A Nzo DM,29,2012,Y035_039,0.3271069025008913
ZAF,ZAF2012HSRC,sexnonregplus,ZAF_2_DC44,A Nzo DM,29,2012,Y035_039,0.48969912756221057
ZAF,ZAF2012HSRC,nosex12m,ZAF_2_DC44,A Nzo DM,29,2012,Y040_044,0.23942979055569896
ZAF,ZAF2012HSRC,sexcohab,ZAF_2_DC44,A Nzo DM,29,2012,Y040_044,0.37755981659259447
ZAF,ZAF2012HSRC,sexnonregplus,ZAF_2_DC44,A Nzo DM,29,2012,Y040_044,0.38301039285170657
ZAF,ZAF2012HSRC,nosex12m,ZAF_2_DC44,A Nzo DM,29,2012,Y045_049,0.3355839918978031
ZAF,ZAF2012HSRC,sexcohab,ZAF_2_DC44,A Nzo DM,29,2012,Y045_049,0.35927641360863916
ZAF,ZAF2012HSRC,sexnonregplus,ZAF_2_DC44,A Nzo DM,29,2012,Y045_049,0.30513959449355776
ZAF,ZAF2012HSRC,nosex12m,ZAF_2_MAN,Mangaung MM,30,2012,Y015_019,0.7310800511471773
ZAF,ZAF2012HSRC,sexcohab,ZAF_2_MAN,Mangaung MM,30,2012,Y015_019,0.0240841563138915
ZAF,ZAF2012HSRC,sexnonregplus,ZAF_2_MAN,Mangaung MM,30,2012,Y015_019,0.2448357925389312
ZAF,ZAF2012HSRC,nosex12m,ZAF_2_MAN,Mangaung MM,30,2012,Y020_024,0.2894543840701956
ZAF,ZAF2012HSRC,sexcohab,ZAF_2_MAN,Mangaung MM,30,2012,Y020_024,0.15147847114754542
ZAF,ZAF2012HSRC,sexnonregplus,ZAF_2_MAN,Mangaung MM,30,2012,Y020_024,0.5590671447822589
ZAF,ZAF2012HSRC,nosex12m,ZAF_2_MAN,Mangaung MM,30,2012,Y025_029,0.1912864847407165
ZAF,ZAF2012HSRC,sexcohab,ZAF_2_MAN,Mangaung MM,30,2012,Y025_029,0.3145116592423941
ZAF,ZAF2012HSRC,sexnonregplus,ZAF_2_MAN,Mangaung MM,30,2012,Y025_029,0.49420185601688943
ZAF,ZAF2012HSRC,nosex12m,ZAF_2_MAN,Mangaung MM,30,2012,Y030_034,0.17934038376641848
ZAF,ZAF2012HSRC,sexcohab,ZAF_2_MAN,Mangaung MM,30,2012,Y030_034,0.413179172519061
ZAF,ZAF2012HSRC,sexnonregplus,ZAF_2_MAN,Mangaung MM,30,2012,Y030_034,0.4074804437145205
ZAF,ZAF2012HSRC,nosex12m,ZAF_2_MAN,Mangaung MM,30,2012,Y035_039,0.17521748969471393
ZAF,ZAF2012HSRC,sexcohab,ZAF_2_MAN,Mangaung MM,30,2012,Y035_039,0.5040091334844264
ZAF,ZAF2012HSRC,sexnonregplus,ZAF_2_MAN,Mangaung MM,30,2012,Y035_039,0.3207733768208596
ZAF,ZAF2012HSRC,nosex12m,ZAF_2_MAN,Mangaung MM,30,2012,Y040_044,0.21569796654422108
ZAF,ZAF2012HSRC,sexcohab,ZAF_2_MAN,Mangaung MM,30,2012,Y040_044,0.5480299136421122
ZAF,ZAF2012HSRC,sexnonregplus,ZAF_2_MAN,Mangaung MM,30,2012,Y040_044,0.2362721198136668
ZAF,ZAF2012HSRC,nosex12m,ZAF_2_MAN,Mangaung MM,30,2012,Y045_049,0.2988417493211993
ZAF,ZAF2012HSRC,sexcohab,ZAF_2_MAN,Mangaung MM,30,2012,Y045_049,0.5152006129418976
ZAF,ZAF2012HSRC,sexnonregplus,ZAF_2_MAN,Mangaung MM,30,2012,Y045_049,0.18595763773690316
ZAF,ZAF2012HSRC,nosex12m,ZAF_2_DC16,Xhariep DM,31,2012,Y015_019,0.7300246150086003
ZAF,ZAF2012HSRC,sexcohab,ZAF_2_DC16,Xhariep DM,31,2012,Y015_019,0.02758546058652999
ZAF,ZAF2012HSRC,sexnonregplus,ZAF_2_DC16,Xhariep DM,31,2012,Y015_019,0.24238992440486976
ZAF,ZAF2012HSRC,nosex12m,ZAF_2_DC16,Xhariep DM,31,2012,Y020_024,0.2857247521845556
ZAF,ZAF2012HSRC,sexcohab,ZAF_2_DC16,Xhariep DM,31,2012,Y020_024,0.17051626174268347
ZAF,ZAF2012HSRC,sexnonregplus,ZAF_2_DC16,Xhariep DM,31,2012,Y020_024,0.5437589860727609
ZAF,ZAF2012HSRC,nosex12m,ZAF_2_DC16,Xhariep DM,31,2012,Y025_029,0.1846311862252709
ZAF,ZAF2012HSRC,sexcohab,ZAF_2_DC16,Xhariep DM,31,2012,Y025_029,0.3454677255547339
ZAF,ZAF2012HSRC,sexnonregplus,ZAF_2_DC16,Xhariep DM,31,2012,Y025_029,0.46990108821999527
ZAF,ZAF2012HSRC,nosex12m,ZAF_2_DC16,Xhariep DM,31,2012,Y030_034,0.17070705961002228
ZAF,ZAF2012HSRC,sexcohab,ZAF_2_DC16,Xhariep DM,31,2012,Y030_034,0.4470694248062616
ZAF,ZAF2012HSRC,sexnonregplus,ZAF_2_DC16,Xhariep DM,31,2012,Y030_034,0.3822235155837161
ZAF,ZAF2012HSRC,nosex12m,ZAF_2_DC16,Xhariep DM,31,2012,Y035_039,0.16463834759207582
ZAF,ZAF2012HSRC,sexcohab,ZAF_2_DC16,Xhariep DM,31,2012,Y035_039,0.5380781989705926
ZAF,ZAF2012HSRC,sexnonregplus,ZAF_2_DC16,Xhariep DM,31,2012,Y035_039,0.29728345343733154
ZAF,ZAF2012HSRC,nosex12m,ZAF_2_DC16,Xhariep DM,31,2012,Y040_044,0.20130059887616275
ZAF,ZAF2012HSRC,sexcohab,ZAF_2_DC16,Xhariep DM,31,2012,Y040_044,0.5810377069829726
ZAF,ZAF2012HSRC,sexnonregplus,ZAF_2_DC16,Xhariep DM,31,2012,Y040_044,0.2176616941408646
ZAF,ZAF2012HSRC,nosex12m,ZAF_2_DC16,Xhariep DM,31,2012,Y045_049,0.27970829156045834
ZAF,ZAF2012HSRC,sexcohab,ZAF_2_DC16,Xhariep DM,31,2012,Y045_049,0.5482646638184088
ZAF,ZAF2012HSRC,sexnonregplus,ZAF_2_DC16,Xhariep DM,31,2012,Y045_049,0.1720270446211329
ZAF,ZAF2012HSRC,nosex12m,ZAF_2_DC18,Lejweleputswa DM,32,2012,Y015_019,0.7100908995968552
ZAF,ZAF2012HSRC,sexcohab,ZAF_2_DC18,Lejweleputswa DM,32,2012,Y015_019,0.02584068776885609
ZAF,ZAF2012HSRC,sexnonregplus,ZAF_2_DC18,Lejweleputswa DM,32,2012,Y015_019,0.2640684126342887
ZAF,ZAF2012HSRC,nosex12m,ZAF_2_DC18,Lejweleputswa DM,32,2012,Y020_024,0.26855014729440546
ZAF,ZAF2012HSRC,sexcohab,ZAF_2_DC18,Lejweleputswa DM,32,2012,Y020_024,0.15542954640084242
ZAF,ZAF2012HSRC,sexnonregplus,ZAF_2_DC18,Lejweleputswa DM,32,2012,Y020_024,0.5760203063047521
ZAF,ZAF2012HSRC,nosex12m,ZAF_2_DC18,Lejweleputswa DM,32,2012,Y025_029,0.17577752399370616
ZAF,ZAF2012HSRC,sexcohab,ZAF_2_DC18,Lejweleputswa DM,32,2012,Y025_029,0.3198238471352466
ZAF,ZAF2012HSRC,sexnonregplus,ZAF_2_DC18,Lejweleputswa DM,32,2012,Y025_029,0.5043986288710472
ZAF,ZAF2012HSRC,nosex12m,ZAF_2_DC18,Lejweleputswa DM,32,2012,Y030_034,0.16463900023359548
ZAF,ZAF2012HSRC,sexcohab,ZAF_2_DC18,Lejweleputswa DM,32,2012,Y030_034,0.4198928309529512
ZAF,ZAF2012HSRC,sexnonregplus,ZAF_2_DC18,Lejweleputswa DM,32,2012,Y030_034,0.4154681688134534
ZAF,ZAF2012HSRC,nosex12m,ZAF_2_DC18,Lejweleputswa DM,32,2012,Y035_039,0.16083272180913233
ZAF,ZAF2012HSRC,sexcohab,ZAF_2_DC18,Lejweleputswa DM,32,2012,Y035_039,0.5121963764395112
ZAF,ZAF2012HSRC,sexnonregplus,ZAF_2_DC18,Lejweleputswa DM,32,2012,Y035_039,0.3269709017513564
ZAF,ZAF2012HSRC,nosex12m,ZAF_2_DC18,Lejweleputswa DM,32,2012,Y040_044,0.19882438178041612
ZAF,ZAF2012HSRC,sexcohab,ZAF_2_DC18,Lejweleputswa DM,32,2012,Y040_044,0.5593050111592557
ZAF,ZAF2012HSRC,sexnonregplus,ZAF_2_DC18,Lejweleputswa DM,32,2012,Y040_044,0.24187060706032823
ZAF,ZAF2012HSRC,nosex12m,ZAF_2_DC18,Lejweleputswa DM,32,2012,Y045_049,0.2778009811972317
ZAF,ZAF2012HSRC,sexcohab,ZAF_2_DC18,Lejweleputswa DM,32,2012,Y045_049,0.5302196949032966
ZAF,ZAF2012HSRC,sexnonregplus,ZAF_2_DC18,Lejweleputswa DM,32,2012,Y045_049,0.19197932389947175
ZAF,ZAF2012HSRC,nosex12m,ZAF_2_DC19,T Mofutsanyana DM,33,2012,Y015_019,0.7185895276796878
ZAF,ZAF2012HSRC,sexcohab,ZAF_2_DC19,T Mofutsanyana DM,33,2012,Y015_019,0.01934079432842257
ZAF,ZAF2012HSRC,sexnonregplus,ZAF_2_DC19,T Mofutsanyana DM,33,2012,Y015_019,0.2620696779918897
ZAF,ZAF2012HSRC,nosex12m,ZAF_2_DC19,T Mofutsanyana DM,33,2012,Y020_024,0.28307645319985536
ZAF,ZAF2012HSRC,sexcohab,ZAF_2_DC19,T Mofutsanyana DM,33,2012,Y020_024,0.12111713178450144
ZAF,ZAF2012HSRC,sexnonregplus,ZAF_2_DC19,T Mofutsanyana DM,33,2012,Y020_024,0.5958064150156432
ZAF,ZAF2012HSRC,nosex12m,ZAF_2_DC19,T Mofutsanyana DM,33,2012,Y025_029,0.1937642743629602
ZAF,ZAF2012HSRC,sexcohab,ZAF_2_DC19,T Mofutsanyana DM,33,2012,Y025_029,0.2606668302567117
ZAF,ZAF2012HSRC,sexnonregplus,ZAF_2_DC19,T Mofutsanyana DM,33,2012,Y025_029,0.545568895380328
ZAF,ZAF2012HSRC,nosex12m,ZAF_2_DC19,T Mofutsanyana DM,33,2012,Y030_034,0.18650813914546108
ZAF,ZAF2012HSRC,sexcohab,ZAF_2_DC19,T Mofutsanyana DM,33,2012,Y030_034,0.35175200278443225
ZAF,ZAF2012HSRC,sexnonregplus,ZAF_2_DC19,T Mofutsanyana DM,33,2012,Y030_034,0.4617398580701067
ZAF,ZAF2012HSRC,nosex12m,ZAF_2_DC19,T Mofutsanyana DM,33,2012,Y035_039,0.18691982317399664
ZAF,ZAF2012HSRC,sexcohab,ZAF_2_DC19,T Mofutsanyana DM,33,2012,Y035_039,0.4402640656742111
ZAF,ZAF2012HSRC,sexnonregplus,ZAF_2_DC19,T Mofutsanyana DM,33,2012,Y035_039,0.3728161111517922
ZAF,ZAF2012HSRC,nosex12m,ZAF_2_DC19,T Mofutsanyana DM,33,2012,Y040_044,0.2340007090291982
ZAF,ZAF2012HSRC,sexcohab,ZAF_2_DC19,T Mofutsanyana DM,33,2012,Y040_044,0.48680509403163286
ZAF,ZAF2012HSRC,sexnonregplus,ZAF_2_DC19,T Mofutsanyana DM,33,2012,Y040_044,0.27919419693916897
ZAF,ZAF2012HSRC,nosex12m,ZAF_2_DC19,T Mofutsanyana DM,33,2012,Y045_049,0.3236713388454914
ZAF,ZAF2012HSRC,sexcohab,ZAF_2_DC19,T Mofutsanyana DM,33,2012,Y045_049,0.456920887555372
ZAF,ZAF2012HSRC,sexnonregplus,ZAF_2_DC19,T Mofutsanyana DM,33,2012,Y045_049,0.21940777359913663
ZAF,ZAF2012HSRC,nosex12m,ZAF_2_DC20,Fezile Dabi DM,34,2012,Y015_019,0.6997218750903825
ZAF,ZAF2012HSRC,sexcohab,ZAF_2_DC20,Fezile Dabi DM,34,2012,Y015_019,0.02447310673258588
ZAF,ZAF2012HSRC,sexnonregplus,ZAF_2_DC20,Fezile Dabi DM,34,2012,Y015_019,0.2758050181770316
ZAF,ZAF2012HSRC,nosex12m,ZAF_2_DC20,Fezile Dabi DM,34,2012,Y020_024,0.2617756330893078
ZAF,ZAF2012HSRC,sexcohab,ZAF_2_DC20,Fezile Dabi DM,34,2012,Y020_024,0.14506829943045466
ZAF,ZAF2012HSRC,sexnonregplus,ZAF_2_DC20,Fezile Dabi DM,34,2012,Y020_024,0.5931560674802375
ZAF,ZAF2012HSRC,nosex12m,ZAF_2_DC20,Fezile Dabi DM,34,2012,Y025_029,0.1732984387707582
ZAF,ZAF2012HSRC,sexcohab,ZAF_2_DC20,Fezile Dabi DM,34,2012,Y025_029,0.30152237055909165
ZAF,ZAF2012HSRC,sexnonregplus,ZAF_2_DC20,Fezile Dabi DM,34,2012,Y025_029,0.5251791906701502
ZAF,ZAF2012HSRC,nosex12m,ZAF_2_DC20,Fezile Dabi DM,34,2012,Y030_034,0.16382444054050585
ZAF,ZAF2012HSRC,sexcohab,ZAF_2_DC20,Fezile Dabi DM,34,2012,Y030_034,0.3993626990481208
ZAF,ZAF2012HSRC,sexnonregplus,ZAF_2_DC20,Fezile Dabi DM,34,2012,Y030_034,0.43681286041137335
ZAF,ZAF2012HSRC,nosex12m,ZAF_2_DC20,Fezile Dabi DM,34,2012,Y035_039,0.16152228601938096
ZAF,ZAF2012HSRC,sexcohab,ZAF_2_DC20,Fezile Dabi DM,34,2012,Y035_039,0.4914047547782034
ZAF,ZAF2012HSRC,sexnonregplus,ZAF_2_DC20,Fezile Dabi DM,34,2012,Y035_039,0.34707295920241565
ZAF,ZAF2012HSRC,nosex12m,ZAF_2_DC20,Fezile Dabi DM,34,2012,Y040_044,0.2010563397403804
ZAF,ZAF2012HSRC,sexcohab,ZAF_2_DC20,Fezile Dabi DM,34,2012,Y040_044,0.5402703757482917
ZAF,ZAF2012HSRC,sexnonregplus,ZAF_2_DC20,Fezile Dabi DM,34,2012,Y040_044,0.2586732845113278
ZAF,ZAF2012HSRC,nosex12m,ZAF_2_DC20,Fezile Dabi DM,34,2012,Y045_049,0.2812075065097905
ZAF,ZAF2012HSRC,sexcohab,ZAF_2_DC20,Fezile Dabi DM,34,2012,Y045_049,0.5130792394294416
ZAF,ZAF2012HSRC,sexnonregplus,ZAF_2_DC20,Fezile Dabi DM,34,2012,Y045_049,0.20571325406076796
ZAF,ZAF2012HSRC,nosex12m,ZAF_2_ETH,eThekwini MM,35,2012,Y015_019,0.7403100079868588
ZAF,ZAF2012HSRC,sexcohab,ZAF_2_ETH,eThekwini MM,35,2012,Y015_019,0.01570791560384078
ZAF,ZAF2012HSRC,sexnonregplus,ZAF_2_ETH,eThekwini MM,35,2012,Y015_019,0.2439820764093005
ZAF,ZAF2012HSRC,nosex12m,ZAF_2_ETH,eThekwini MM,35,2012,Y020_024,0.3082893882430481
ZAF,ZAF2012HSRC,sexcohab,ZAF_2_ETH,eThekwini MM,35,2012,Y020_024,0.10413338188943368
ZAF,ZAF2012HSRC,sexnonregplus,ZAF_2_ETH,eThekwini MM,35,2012,Y020_024,0.5875772298675183
ZAF,ZAF2012HSRC,nosex12m,ZAF_2_ETH,eThekwini MM,35,2012,Y025_029,0.2167735385947696
ZAF,ZAF2012HSRC,sexcohab,ZAF_2_ETH,eThekwini MM,35,2012,Y025_029,0.23045407927800157
ZAF,ZAF2012HSRC,sexnonregplus,ZAF_2_ETH,eThekwini MM,35,2012,Y025_029,0.5527723821272288
ZAF,ZAF2012HSRC,nosex12m,ZAF_2_ETH,eThekwini MM,35,2012,Y030_034,0.21130307128719633
ZAF,ZAF2012HSRC,sexcohab,ZAF_2_ETH,eThekwini MM,35,2012,Y030_034,0.3149872285453828
ZAF,ZAF2012HSRC,sexnonregplus,ZAF_2_ETH,eThekwini MM,35,2012,Y030_034,0.47370970016742087
ZAF,ZAF2012HSRC,nosex12m,ZAF_2_ETH,eThekwini MM,35,2012,Y035_039,0.21420619435398652
ZAF,ZAF2012HSRC,sexcohab,ZAF_2_ETH,eThekwini MM,35,2012,Y035_039,0.398952260370783
ZAF,ZAF2012HSRC,sexnonregplus,ZAF_2_ETH,eThekwini MM,35,2012,Y035_039,0.38684154527523046
ZAF,ZAF2012HSRC,nosex12m,ZAF_2_ETH,eThekwini MM,35,2012,Y040_044,0.26845080004317895
ZAF,ZAF2012HSRC,sexcohab,ZAF_2_ETH,eThekwini MM,35,2012,Y040_044,0.44159928505655666
ZAF,ZAF2012HSRC,sexnonregplus,ZAF_2_ETH,eThekwini MM,35,2012,Y040_044,0.2899499149002644
ZAF,ZAF2012HSRC,nosex12m,ZAF_2_ETH,eThekwini MM,35,2012,Y045_049,0.3663988958909959
ZAF,ZAF2012HSRC,sexcohab,ZAF_2_ETH,eThekwini MM,35,2012,Y045_049,0.4088621199953112
ZAF,ZAF2012HSRC,sexnonregplus,ZAF_2_ETH,eThekwini MM,35,2012,Y045_049,0.2247389841136929
ZAF,ZAF2012HSRC,nosex12m,ZAF_2_DC21,Ugu DM,36,2012,Y015_019,0.7331914760843281
ZAF,ZAF2012HSRC,sexcohab,ZAF_2_DC21,Ugu DM,36,2012,Y015_019,0.01185795347049243
ZAF,ZAF2012HSRC,sexnonregplus,ZAF_2_DC21,Ugu DM,36,2012,Y015_019,0.25495057044517944
ZAF,ZAF2012HSRC,nosex12m,ZAF_2_DC21,Ugu DM,36,2012,Y020_024,0.30626661914448144
ZAF,ZAF2012HSRC,sexcohab,ZAF_2_DC21,Ugu DM,36,2012,Y020_024,0.07879660700351872
ZAF,ZAF2012HSRC,sexnonregplus,ZAF_2_DC21,Ugu DM,36,2012,Y020_024,0.6149367738519999
ZAF,ZAF2012HSRC,nosex12m,ZAF_2_DC21,Ugu DM,36,2012,Y025_029,0.22248391382168697
ZAF,ZAF2012HSRC,sexcohab,ZAF_2_DC21,Ugu DM,36,2012,Y025_029,0.1799764124878376
ZAF,ZAF2012HSRC,sexnonregplus,ZAF_2_DC21,Ugu DM,36,2012,Y025_029,0.5975396736904754
ZAF,ZAF2012HSRC,nosex12m,ZAF_2_DC21,Ugu DM,36,2012,Y030_034,0.22245902238252263
ZAF,ZAF2012HSRC,sexcohab,ZAF_2_DC21,Ugu DM,36,2012,Y030_034,0.2521882095916639
ZAF,ZAF2012HSRC,sexnonregplus,ZAF_2_DC21,Ugu DM,36,2012,Y030_034,0.5253527680258134
ZAF,ZAF2012HSRC,nosex12m,ZAF_2_DC21,Ugu DM,36,2012,Y035_039,0.23154386643579364
ZAF,ZAF2012HSRC,sexcohab,ZAF_2_DC21,Ugu DM,36,2012,Y035_039,0.3278770879711489
ZAF,ZAF2012HSRC,sexnonregplus,ZAF_2_DC21,Ugu DM,36,2012,Y035_039,0.4405790455930575
ZAF,ZAF2012HSRC,nosex12m,ZAF_2_DC21,Ugu DM,36,2012,Y040_044,0.2950934164963096
ZAF,ZAF2012HSRC,sexcohab,ZAF_2_DC21,Ugu DM,36,2012,Y040_044,0.3690133701776464
ZAF,ZAF2012HSRC,sexnonregplus,ZAF_2_DC21,Ugu DM,36,2012,Y040_044,0.335893213326044
ZAF,ZAF2012HSRC,nosex12m,ZAF_2_DC21,Ugu DM,36,2012,Y045_049,0.4007361781290691
ZAF,ZAF2012HSRC,sexcohab,ZAF_2_DC21,Ugu DM,36,2012,Y045_049,0.3401004906415638
ZAF,ZAF2012HSRC,sexnonregplus,ZAF_2_DC21,Ugu DM,36,2012,Y045_049,0.25916333122936713
ZAF,ZAF2012HSRC,nosex12m,ZAF_2_DC22,uMgungundlovu DM,37,2012,Y015_019,0.7626678945147697
ZAF,ZAF2012HSRC,sexcohab,ZAF_2_DC22,uMgungundlovu DM,37,2012,Y015_019,0.01251010320685441
ZAF,ZAF2012HSRC,sexnonregplus,ZAF_2_DC22,uMgungundlovu DM,37,2012,Y015_019,0.2248220022783759
ZAF,ZAF2012HSRC,nosex12m,ZAF_2_DC22,uMgungundlovu DM,37,2012,Y020_024,0.33743529206088635
ZAF,ZAF2012HSRC,sexcohab,ZAF_2_DC22,uMgungundlovu DM,37,2012,Y020_024,0.08803580057454978
ZAF,ZAF2012HSRC,sexnonregplus,ZAF_2_DC22,uMgungundlovu DM,37,2012,Y020_024,0.5745289073645639
ZAF,ZAF2012HSRC,nosex12m,ZAF_2_DC22,uMgungundlovu DM,37,2012,Y025_029,0.2439997200337884
ZAF,ZAF2012HSRC,sexcohab,ZAF_2_DC22,uMgungundlovu DM,37,2012,Y025_029,0.20025219261431845
ZAF,ZAF2012HSRC,sexnonregplus,ZAF_2_DC22,uMgungundlovu DM,37,2012,Y025_029,0.5557480873518932
ZAF,ZAF2012HSRC,nosex12m,ZAF_2_DC22,uMgungundlovu DM,37,2012,Y030_034,0.2407985625743725
ZAF,ZAF2012HSRC,sexcohab,ZAF_2_DC22,uMgungundlovu DM,37,2012,Y030_034,0.2769656012471042
ZAF,ZAF2012HSRC,sexnonregplus,ZAF_2_DC22,uMgungundlovu DM,37,2012,Y030_034,0.4822358361785234
ZAF,ZAF2012HSRC,nosex12m,ZAF_2_DC22,uMgungundlovu DM,37,2012,Y035_039,0.2469036756565096
ZAF,ZAF2012HSRC,sexcohab,ZAF_2_DC22,uMgungundlovu DM,37,2012,Y035_039,0.35472036392924716
ZAF,ZAF2012HSRC,sexnonregplus,ZAF_2_DC22,uMgungundlovu DM,37,2012,Y035_039,0.3983759604142432
ZAF,ZAF2012HSRC,nosex12m,ZAF_2_DC22,uMgungundlovu DM,37,2012,Y040_044,0.309184576137376
ZAF,ZAF2012HSRC,sexcohab,ZAF_2_DC22,uMgungundlovu DM,37,2012,Y040_044,0.3923784745348091
ZAF,ZAF2012HSRC,sexnonregplus,ZAF_2_DC22,uMgungundlovu DM,37,2012,Y040_044,0.29843694932781484
ZAF,ZAF2012HSRC,nosex12m,ZAF_2_DC22,uMgungundlovu DM,37,2012,Y045_049,0.41500115010902056
ZAF,ZAF2012HSRC,sexcohab,ZAF_2_DC22,uMgungundlovu DM,37,2012,Y045_049,0.3574342337146606
ZAF,ZAF2012HSRC,sexnonregplus,ZAF_2_DC22,uMgungundlovu DM,37,2012,Y045_049,0.22756461617631885
ZAF,ZAF2012HSRC,nosex12m,ZAF_2_DC23,Uthukela DM,38,2012,Y015_019,0.7356128445111261
ZAF,ZAF2012HSRC,sexcohab,ZAF_2_DC23,Uthukela DM,38,2012,Y015_019,0.01551857974298796
ZAF,ZAF2012HSRC,sexnonregplus,ZAF_2_DC23,Uthukela DM,38,2012,Y015_019,0.24886857574588603
ZAF,ZAF2012HSRC,nosex12m,ZAF_2_DC23,Uthukela DM,38,2012,Y020_024,0.3040623173050181
ZAF,ZAF2012HSRC,sexcohab,ZAF_2_DC23,Uthukela DM,38,2012,Y020_024,0.10205047542123705
ZAF,ZAF2012HSRC,sexnonregplus,ZAF_2_DC23,Uthukela DM,38,2012,Y020_024,0.5938872072737449
ZAF,ZAF2012HSRC,nosex12m,ZAF_2_DC23,Uthukela DM,38,2012,Y025_029,0.21421194685683873
ZAF,ZAF2012HSRC,sexcohab,ZAF_2_DC23,Uthukela DM,38,2012,Y025_029,0.22608570246020931
ZAF,ZAF2012HSRC,sexnonregplus,ZAF_2_DC23,Uthukela DM,38,2012,Y025_029,0.5597023506829519
ZAF,ZAF2012HSRC,nosex12m,ZAF_2_DC23,Uthukela DM,38,2012,Y030_034,0.20934375802277028
ZAF,ZAF2012HSRC,sexcohab,ZAF_2_DC23,Uthukela DM,38,2012,Y030_034,0.3096803941611452
ZAF,ZAF2012HSRC,sexnonregplus,ZAF_2_DC23,Uthukela DM,38,2012,Y030_034,0.48097584781608455
ZAF,ZAF2012HSRC,nosex12m,ZAF_2_DC23,Uthukela DM,38,2012,Y035_039,0.21282304395115328
ZAF,ZAF2012HSRC,sexcohab,ZAF_2_DC23,Uthukela DM,38,2012,Y035_039,0.39316034213163686
ZAF,ZAF2012HSRC,sexnonregplus,ZAF_2_DC23,Uthukela DM,38,2012,Y035_039,0.3940166139172098
ZAF,ZAF2012HSRC,nosex12m,ZAF_2_DC23,Uthukela DM,38,2012,Y040_044,0.26747570802317633
ZAF,ZAF2012HSRC,sexcohab,ZAF_2_DC23,Uthukela DM,38,2012,Y040_044,0.4363224398740546
ZAF,ZAF2012HSRC,sexnonregplus,ZAF_2_DC23,Uthukela DM,38,2012,Y040_044,0.29620185210276906
ZAF,ZAF2012HSRC,nosex12m,ZAF_2_DC23,Uthukela DM,38,2012,Y045_049,0.3654678027548553
ZAF,ZAF2012HSRC,sexcohab,ZAF_2_DC23,Uthukela DM,38,2012,Y045_049,0.4045972866229946
ZAF,ZAF2012HSRC,sexnonregplus,ZAF_2_DC23,Uthukela DM,38,2012,Y045_049,0.2299349106221501
ZAF,ZAF2012HSRC,nosex12m,ZAF_2_DC24,Umzinyathi DM,39,2012,Y015_019,0.7388282477304836
ZAF,ZAF2012HSRC,sexcohab,ZAF_2_DC24,Umzinyathi DM,39,2012,Y015_019,0.00999861128190441
ZAF,ZAF2012HSRC,sexnonregplus,ZAF_2_DC24,Umzinyathi DM,39,2012,Y015_019,0.251173140987612
ZAF,ZAF2012HSRC,nosex12m,ZAF_2_DC24,Umzinyathi DM,39,2012,Y020_024,0.31481617374346726
ZAF,ZAF2012HSRC,sexcohab,ZAF_2_DC24,Umzinyathi DM,39,2012,Y020_024,0.06770579953181957
ZAF,ZAF2012HSRC,sexnonregplus,ZAF_2_DC24,Umzinyathi DM,39,2012,Y020_024,0.6174780267247132
ZAF,ZAF2012HSRC,nosex12m,ZAF_2_DC24,Umzinyathi DM,39,2012,Y025_029,0.23257940050968384
ZAF,ZAF2012HSRC,sexcohab,ZAF_2_DC24,Umzinyathi DM,39,2012,Y025_029,0.1572988989733397
ZAF,ZAF2012HSRC,sexnonregplus,ZAF_2_DC24,Umzinyathi DM,39,2012,Y025_029,0.6101217005169765
ZAF,ZAF2012HSRC,nosex12m,ZAF_2_DC24,Umzinyathi DM,39,2012,Y030_034,0.2350068267383545
ZAF,ZAF2012HSRC,sexcohab,ZAF_2_DC24,Umzinyathi DM,39,2012,Y030_034,0.22281332442733984
ZAF,ZAF2012HSRC,sexnonregplus,ZAF_2_DC24,Umzinyathi DM,39,2012,Y030_034,0.5421798488343057
ZAF,ZAF2012HSRC,nosex12m,ZAF_2_DC24,Umzinyathi DM,39,2012,Y035_039,0.24733380194150795
ZAF,ZAF2012HSRC,sexcohab,ZAF_2_DC24,Umzinyathi DM,39,2012,Y035_039,0.29286097134502875
ZAF,ZAF2012HSRC,sexnonregplus,ZAF_2_DC24,Umzinyathi DM,39,2012,Y035_039,0.4598052267134633
ZAF,ZAF2012HSRC,nosex12m,ZAF_2_DC24,Umzinyathi DM,39,2012,Y040_044,0.3166872934955271
ZAF,ZAF2012HSRC,sexcohab,ZAF_2_DC24,Umzinyathi DM,39,2012,Y040_044,0.33110547358336406
ZAF,ZAF2012HSRC,sexnonregplus,ZAF_2_DC24,Umzinyathi DM,39,2012,Y040_044,0.35220723292110884
ZAF,ZAF2012HSRC,nosex12m,ZAF_2_DC24,Umzinyathi DM,39,2012,Y045_049,0.4269616750108382
ZAF,ZAF2012HSRC,sexcohab,ZAF_2_DC24,Umzinyathi DM,39,2012,Y045_049,0.3031111230270108
ZAF,ZAF2012HSRC,sexnonregplus,ZAF_2_DC24,Umzinyathi DM,39,2012,Y045_049,0.26992720196215103
ZAF,ZAF2012HSRC,nosex12m,ZAF_2_DC25,Amajuba DM,40,2012,Y015_019,0.7229974324881011
ZAF,ZAF2012HSRC,sexcohab,ZAF_2_DC25,Amajuba DM,40,2012,Y015_019,0.01052559946749717
ZAF,ZAF2012HSRC,sexnonregplus,ZAF_2_DC25,Amajuba DM,40,2012,Y015_019,0.26647696804440174
ZAF,ZAF2012HSRC,nosex12m,ZAF_2_DC25,Amajuba DM,40,2012,Y020_024,0.29830134567441324
ZAF,ZAF2012HSRC,sexcohab,ZAF_2_DC25,Amajuba DM,40,2012,Y020_024,0.06891351024625775
ZAF,ZAF2012HSRC,sexnonregplus,ZAF_2_DC25,Amajuba DM,40,2012,Y020_024,0.6327851440793291
ZAF,ZAF2012HSRC,nosex12m,ZAF_2_DC25,Amajuba DM,40,2012,Y025_029,0.21923797399960784
ZAF,ZAF2012HSRC,sexcohab,ZAF_2_DC25,Amajuba DM,40,2012,Y025_029,0.15902686832314253
ZAF,ZAF2012HSRC,sexnonregplus,ZAF_2_DC25,Amajuba DM,40,2012,Y025_029,0.6217351576772496
ZAF,ZAF2012HSRC,nosex12m,ZAF_2_DC25,Amajuba DM,40,2012,Y030_034,0.22170048400911027
ZAF,ZAF2012HSRC,sexcohab,ZAF_2_DC25,Amajuba DM,40,2012,Y030_034,0.22536163786349708
ZAF,ZAF2012HSRC,sexnonregplus,ZAF_2_DC25,Amajuba DM,40,2012,Y030_034,0.5529378781273927
ZAF,ZAF2012HSRC,nosex12m,ZAF_2_DC25,Amajuba DM,40,2012,Y035_039,0.23367205677402955
ZAF,ZAF2012HSRC,sexcohab,ZAF_2_DC25,Amajuba DM,40,2012,Y035_039,0.29655889615949477
ZAF,ZAF2012HSRC,sexnonregplus,ZAF_2_DC25,Amajuba DM,40,2012,Y035_039,0.46976904706647565
ZAF,ZAF2012HSRC,nosex12m,ZAF_2_DC25,Amajuba DM,40,2012,Y040_044,0.30081841362571526
ZAF,ZAF2012HSRC,sexcohab,ZAF_2_DC25,Amajuba DM,40,2012,Y040_044,0.3371562608099111
ZAF,ZAF2012HSRC,sexnonregplus,ZAF_2_DC25,Amajuba DM,40,2012,Y040_044,0.3620253255643736
ZAF,ZAF2012HSRC,nosex12m,ZAF_2_DC25,Amajuba DM,40,2012,Y045_049,0.4088895366900441
ZAF,ZAF2012HSRC,sexcohab,ZAF_2_DC25,Amajuba DM,40,2012,Y045_049,0.3112774443472891
ZAF,ZAF2012HSRC,sexnonregplus,ZAF_2_DC25,Amajuba DM,40,2012,Y045_049,0.27983301896266677
ZAF,ZAF2012HSRC,nosex12m,ZAF_2_DC26,Zululand DM,41,2012,Y015_019,0.7091633867533249
ZAF,ZAF2012HSRC,sexcohab,ZAF_2_DC26,Zululand DM,41,2012,Y015_019,0.0101869604173104
ZAF,ZAF2012HSRC,sexnonregplus,ZAF_2_DC26,Zululand DM,41,2012,Y015_019,0.2806496528293647
ZAF,ZAF2012HSRC,nosex12m,ZAF_2_DC26,Zululand DM,41,2012,Y020_024,0.2849901084963664
ZAF,ZAF2012HSRC,sexcohab,ZAF_2_DC26,Zululand DM,41,2012,Y020_024,0.06503351513496665
ZAF,ZAF2012HSRC,sexnonregplus,ZAF_2_DC26,Zululand DM,41,2012,Y020_024,0.6499763763686669
ZAF,ZAF2012HSRC,nosex12m,ZAF_2_DC26,Zululand DM,41,2012,Y025_029,0.209723350572888
ZAF,ZAF2012HSRC,sexcohab,ZAF_2_DC26,Zululand DM,41,2012,Y025_029,0.15049193382731094
ZAF,ZAF2012HSRC,sexnonregplus,ZAF_2_DC26,Zululand DM,41,2012,Y025_029,0.639784715599801
ZAF,ZAF2012HSRC,nosex12m,ZAF_2_DC26,Zululand DM,41,2012,Y030_034,0.2133160930741128
ZAF,ZAF2012HSRC,sexcohab,ZAF_2_DC26,Zululand DM,41,2012,Y030_034,0.21449703459540972
ZAF,ZAF2012HSRC,sexnonregplus,ZAF_2_DC26,Zululand DM,41,2012,Y030_034,0.5721868723304775
ZAF,ZAF2012HSRC,nosex12m,ZAF_2_DC26,Zululand DM,41,2012,Y035_039,0.226421782977049
ZAF,ZAF2012HSRC,sexcohab,ZAF_2_DC26,Zululand DM,41,2012,Y035_039,0.2842458131284611
ZAF,ZAF2012HSRC,sexnonregplus,ZAF_2_DC26,Zululand DM,41,2012,Y035_039,0.4893324038944899
ZAF,ZAF2012HSRC,nosex12m,ZAF_2_DC26,Zululand DM,41,2012,Y040_044,0.2938670387158251
ZAF,ZAF2012HSRC,sexcohab,ZAF_2_DC26,Zululand DM,41,2012,Y040_044,0.3259348413524853
ZAF,ZAF2012HSRC,sexnonregplus,ZAF_2_DC26,Zululand DM,41,2012,Y040_044,0.3801981199316896
ZAF,ZAF2012HSRC,nosex12m,ZAF_2_DC26,Zululand DM,41,2012,Y045_049,0.4018798058224968
ZAF,ZAF2012HSRC,sexcohab,ZAF_2_DC26,Zululand DM,41,2012,Y045_049,0.30263152056115433
ZAF,ZAF2012HSRC,sexnonregplus,ZAF_2_DC26,Zululand DM,41,2012,Y045_049,0.29548867361634895
ZAF,ZAF2012HSRC,nosex12m,ZAF_2_DC27,Umkhanyakude DM,42,2012,Y015_019,0.7568898088152383
ZAF,ZAF2012HSRC,sexcohab,ZAF_2_DC27,Umkhanyakude DM,42,2012,Y015_019,0.01064235995480596
ZAF,ZAF2012HSRC,sexnonregplus,ZAF_2_DC27,Umkhanyakude DM,42,2012,Y015_019,0.2324678312299557
ZAF,ZAF2012HSRC,nosex12m,ZAF_2_DC27,Umkhanyakude DM,42,2012,Y020_024,0.33407071887739337
ZAF,ZAF2012HSRC,sexcohab,ZAF_2_DC27,Umkhanyakude DM,42,2012,Y020_024,0.07457703363689641
ZAF,ZAF2012HSRC,sexnonregplus,ZAF_2_DC27,Umkhanyakude DM,42,2012,Y020_024,0.5913522474857102
ZAF,ZAF2012HSRC,nosex12m,ZAF_2_DC27,Umkhanyakude DM,42,2012,Y025_029,0.24574876965083817
ZAF,ZAF2012HSRC,sexcohab,ZAF_2_DC27,Umkhanyakude DM,42,2012,Y025_029,0.1724707087481177
ZAF,ZAF2012HSRC,sexnonregplus,ZAF_2_DC27,Umkhanyakude DM,42,2012,Y025_029,0.5817805216010441
ZAF,ZAF2012HSRC,nosex12m,ZAF_2_DC27,Umkhanyakude DM,42,2012,Y030_034,0.2460088937340096
ZAF,ZAF2012HSRC,sexcohab,ZAF_2_DC27,Umkhanyakude DM,42,2012,Y030_034,0.24189580746009717
ZAF,ZAF2012HSRC,sexnonregplus,ZAF_2_DC27,Umkhanyakude DM,42,2012,Y030_034,0.5120952988058932
ZAF,ZAF2012HSRC,nosex12m,ZAF_2_DC27,Umkhanyakude DM,42,2012,Y035_039,0.256057924547107
ZAF,ZAF2012HSRC,sexcohab,ZAF_2_DC27,Umkhanyakude DM,42,2012,Y035_039,0.31434271405956377
ZAF,ZAF2012HSRC,sexnonregplus,ZAF_2_DC27,Umkhanyakude DM,42,2012,Y035_039,0.4295993613933292
ZAF,ZAF2012HSRC,nosex12m,ZAF_2_DC27,Umkhanyakude DM,42,2012,Y040_044,0.3237938098604882
ZAF,ZAF2012HSRC,sexcohab,ZAF_2_DC27,Umkhanyakude DM,42,2012,Y040_044,0.35107216279129777
ZAF,ZAF2012HSRC,sexnonregplus,ZAF_2_DC27,Umkhanyakude DM,42,2012,Y040_044,0.325134027348214
ZAF,ZAF2012HSRC,nosex12m,ZAF_2_DC27,Umkhanyakude DM,42,2012,Y045_049,0.433481370182434
ZAF,ZAF2012HSRC,sexcohab,ZAF_2_DC27,Umkhanyakude DM,42,2012,Y045_049,0.3191133239954596
ZAF,ZAF2012HSRC,sexnonregplus,ZAF_2_DC27,Umkhanyakude DM,42,2012,Y045_049,0.2474053058221064
ZAF,ZAF2012HSRC,nosex12m,ZAF_2_DC28,King Cetshwayo DM,43,2012,Y015_019,0.7284288815024352
ZAF,ZAF2012HSRC,sexcohab,ZAF_2_DC28,King Cetshwayo DM,43,2012,Y015_019,0.00896377917525224
ZAF,ZAF2012HSRC,sexnonregplus,ZAF_2_DC28,King Cetshwayo DM,43,2012,Y015_019,0.2626073393223125
ZAF,ZAF2012HSRC,nosex12m,ZAF_2_DC28,King Cetshwayo DM,43,2012,Y020_024,0.3049115593680285
ZAF,ZAF2012HSRC,sexcohab,ZAF_2_DC28,King Cetshwayo DM,43,2012,Y020_024,0.05967662455010338
ZAF,ZAF2012HSRC,sexnonregplus,ZAF_2_DC28,King Cetshwayo DM,43,2012,Y020_024,0.6354118160818681
ZAF,ZAF2012HSRC,nosex12m,ZAF_2_DC28,King Cetshwayo DM,43,2012,Y025_029,0.2270853189807138
ZAF,ZAF2012HSRC,sexcohab,ZAF_2_DC28,King Cetshwayo DM,43,2012,Y025_029,0.13984490444807285
ZAF,ZAF2012HSRC,sexnonregplus,ZAF_2_DC28,King Cetshwayo DM,43,2012,Y025_029,0.6330697765712133
ZAF,ZAF2012HSRC,nosex12m,ZAF_2_DC28,King Cetshwayo DM,43,2012,Y030_034,0.23179164346360068
ZAF,ZAF2012HSRC,sexcohab,ZAF_2_DC28,King Cetshwayo DM,43,2012,Y030_034,0.20013257652355024
ZAF,ZAF2012HSRC,sexnonregplus,ZAF_2_DC28,King Cetshwayo DM,43,2012,Y030_034,0.5680757800128491
ZAF,ZAF2012HSRC,nosex12m,ZAF_2_DC28,King Cetshwayo DM,43,2012,Y035_039,0.2467252870227425
ZAF,ZAF2012HSRC,sexcohab,ZAF_2_DC28,King Cetshwayo DM,43,2012,Y035_039,0.26608051080166945
ZAF,ZAF2012HSRC,sexnonregplus,ZAF_2_DC28,King Cetshwayo DM,43,2012,Y035_039,0.48719420217558806
ZAF,ZAF2012HSRC,nosex12m,ZAF_2_DC28,King Cetshwayo DM,43,2012,Y040_044,0.3191208818505436
ZAF,ZAF2012HSRC,sexcohab,ZAF_2_DC28,King Cetshwayo DM,43,2012,Y040_044,0.303959056895635
ZAF,ZAF2012HSRC,sexnonregplus,ZAF_2_DC28,King Cetshwayo DM,43,2012,Y040_044,0.3769200612538214
ZAF,ZAF2012HSRC,nosex12m,ZAF_2_DC28,King Cetshwayo DM,43,2012,Y045_049,0.43153435518402133
ZAF,ZAF2012HSRC,sexcohab,ZAF_2_DC28,King Cetshwayo DM,43,2012,Y045_049,0.2789254649302833
ZAF,ZAF2012HSRC,sexnonregplus,ZAF_2_DC28,King Cetshwayo DM,43,2012,Y045_049,0.28954017988569536
ZAF,ZAF2012HSRC,nosex12m,ZAF_2_DC29,iLembe DM,44,2012,Y015_019,0.7210681808361323
ZAF,ZAF2012HSRC,sexcohab,ZAF_2_DC29,iLembe DM,44,2012,Y015_019,0.01151128898705293
ZAF,ZAF2012HSRC,sexnonregplus,ZAF_2_DC29,iLembe DM,44,2012,Y015_019,0.2674205301768147
ZAF,ZAF2012HSRC,nosex12m,ZAF_2_DC29,iLembe DM,44,2012,Y020_024,0.2947153536383536
ZAF,ZAF2012HSRC,sexcohab,ZAF_2_DC29,iLembe DM,44,2012,Y020_024,0.074856937310324
ZAF,ZAF2012HSRC,sexnonregplus,ZAF_2_DC29,iLembe DM,44,2012,Y020_024,0.6304277090513224
ZAF,ZAF2012HSRC,nosex12m,ZAF_2_DC29,iLembe DM,44,2012,Y025_029,0.2145974277659179
ZAF,ZAF2012HSRC,sexcohab,ZAF_2_DC29,iLembe DM,44,2012,Y025_029,0.17136944206604404
ZAF,ZAF2012HSRC,sexnonregplus,ZAF_2_DC29,iLembe DM,44,2012,Y025_029,0.6140331301680381
ZAF,ZAF2012HSRC,nosex12m,ZAF_2_DC29,iLembe DM,44,2012,Y030_034,0.21575633502712388
ZAF,ZAF2012HSRC,sexcohab,ZAF_2_DC29,iLembe DM,44,2012,Y030_034,0.24140760199247213
ZAF,ZAF2012HSRC,sexnonregplus,ZAF_2_DC29,iLembe DM,44,2012,Y030_034,0.542836062980404
ZAF,ZAF2012HSRC,nosex12m,ZAF_2_DC29,iLembe DM,44,2012,Y035_039,0.22599958407248855
ZAF,ZAF2012HSRC,sexcohab,ZAF_2_DC29,iLembe DM,44,2012,Y035_039,0.3157746289466386
ZAF,ZAF2012HSRC,sexnonregplus,ZAF_2_DC29,iLembe DM,44,2012,Y035_039,0.4582257869808729
ZAF,ZAF2012HSRC,nosex12m,ZAF_2_DC29,iLembe DM,44,2012,Y040_044,0.2901027961284159
ZAF,ZAF2012HSRC,sexcohab,ZAF_2_DC29,iLembe DM,44,2012,Y040_044,0.3579326788072971
ZAF,ZAF2012HSRC,sexnonregplus,ZAF_2_DC29,iLembe DM,44,2012,Y040_044,0.351964525064287
ZAF,ZAF2012HSRC,nosex12m,ZAF_2_DC29,iLembe DM,44,2012,Y045_049,0.3957262251783464
ZAF,ZAF2012HSRC,sexcohab,ZAF_2_DC29,iLembe DM,44,2012,Y045_049,0.3314118834078213
ZAF,ZAF2012HSRC,sexnonregplus,ZAF_2_DC29,iLembe DM,44,2012,Y045_049,0.2728618914138323
ZAF,ZAF2012HSRC,nosex12m,ZAF_2_DC43,Harry Gwala DM,45,2012,Y015_019,0.6669468650798426
ZAF,ZAF2012HSRC,sexcohab,ZAF_2_DC43,Harry Gwala DM,45,2012,Y015_019,0.01294338259476044
ZAF,ZAF2012HSRC,sexnonregplus,ZAF_2_DC43,Harry Gwala DM,45,2012,Y015_019,0.320109752325397
ZAF,ZAF2012HSRC,nosex12m,ZAF_2_DC43,Harry Gwala DM,45,2012,Y020_024,0.24542140346254185
ZAF,ZAF2012HSRC,sexcohab,ZAF_2_DC43,Harry Gwala DM,45,2012,Y020_024,0.07562845654806691
ZAF,ZAF2012HSRC,sexnonregplus,ZAF_2_DC43,Harry Gwala DM,45,2012,Y020_024,0.6789501399893912
ZAF,ZAF2012HSRC,nosex12m,ZAF_2_DC43,Harry Gwala DM,45,2012,Y025_029,0.17639536039609044
ZAF,ZAF2012HSRC,sexcohab,ZAF_2_DC43,Harry Gwala DM,45,2012,Y025_029,0.1708550980417924
ZAF,ZAF2012HSRC,sexnonregplus,ZAF_2_DC43,Harry Gwala DM,45,2012,Y025_029,0.6527495415621172
ZAF,ZAF2012HSRC,nosex12m,ZAF_2_DC43,Harry Gwala DM,45,2012,Y030_034,0.17819814553583108
ZAF,ZAF2012HSRC,sexcohab,ZAF_2_DC43,Harry Gwala DM,45,2012,Y030_034,0.24186080456148815
ZAF,ZAF2012HSRC,sexnonregplus,ZAF_2_DC43,Harry Gwala DM,45,2012,Y030_034,0.5799410499026807
ZAF,ZAF2012HSRC,nosex12m,ZAF_2_DC43,Harry Gwala DM,45,2012,Y035_039,0.18804465867039252
ZAF,ZAF2012HSRC,sexcohab,ZAF_2_DC43,Harry Gwala DM,45,2012,Y035_039,0.3187073652615136
ZAF,ZAF2012HSRC,sexnonregplus,ZAF_2_DC43,Harry Gwala DM,45,2012,Y035_039,0.4932479760680939
ZAF,ZAF2012HSRC,nosex12m,ZAF_2_DC43,Harry Gwala DM,45,2012,Y040_044,0.24591600837380723
ZAF,ZAF2012HSRC,sexcohab,ZAF_2_DC43,Harry Gwala DM,45,2012,Y040_044,0.3680454840349981
ZAF,ZAF2012HSRC,sexnonregplus,ZAF_2_DC43,Harry Gwala DM,45,2012,Y040_044,0.3860385075911948
ZAF,ZAF2012HSRC,nosex12m,ZAF_2_DC43,Harry Gwala DM,45,2012,Y045_049,0.343884226481946
ZAF,ZAF2012HSRC,sexcohab,ZAF_2_DC43,Harry Gwala DM,45,2012,Y045_049,0.34933560145292314
ZAF,ZAF2012HSRC,sexnonregplus,ZAF_2_DC43,Harry Gwala DM,45,2012,Y045_049,0.30678017206513086
ZAF,ZAF2012HSRC,nosex12m,ZAF_2_DC30,G Sibande DM,46,2012,Y015_019,0.6648672660718866
ZAF,ZAF2012HSRC,sexcohab,ZAF_2_DC30,G Sibande DM,46,2012,Y015_019,0.01874972875781359
ZAF,ZAF2012HSRC,sexnonregplus,ZAF_2_DC30,G Sibande DM,46,2012,Y015_019,0.3163830051702998
ZAF,ZAF2012HSRC,nosex12m,ZAF_2_DC30,G Sibande DM,46,2012,Y020_024,0.23810148004922843
ZAF,ZAF2012HSRC,sexcohab,ZAF_2_DC30,G Sibande DM,46,2012,Y020_024,0.10695319230521903
ZAF,ZAF2012HSRC,sexnonregplus,ZAF_2_DC30,G Sibande DM,46,2012,Y020_024,0.6549453276455525
ZAF,ZAF2012HSRC,nosex12m,ZAF_2_DC30,G Sibande DM,46,2012,Y025_029,0.16411233180443727
ZAF,ZAF2012HSRC,sexcohab,ZAF_2_DC30,G Sibande DM,46,2012,Y025_029,0.23194494096991455
ZAF,ZAF2012HSRC,sexnonregplus,ZAF_2_DC30,G Sibande DM,46,2012,Y025_029,0.6039427272256481
ZAF,ZAF2012HSRC,nosex12m,ZAF_2_DC30,G Sibande DM,46,2012,Y030_034,0.16085006635605512
ZAF,ZAF2012HSRC,sexcohab,ZAF_2_DC30,G Sibande DM,46,2012,Y030_034,0.31870969815685957
ZAF,ZAF2012HSRC,sexnonregplus,ZAF_2_DC30,G Sibande DM,46,2012,Y030_034,0.5204402354870853
ZAF,ZAF2012HSRC,nosex12m,ZAF_2_DC30,G Sibande DM,46,2012,Y035_039,0.16442422142310428
ZAF,ZAF2012HSRC,sexcohab,ZAF_2_DC30,G Sibande DM,46,2012,Y035_039,0.4069807495259635
ZAF,ZAF2012HSRC,sexnonregplus,ZAF_2_DC30,G Sibande DM,46,2012,Y035_039,0.42859502905093216
ZAF,ZAF2012HSRC,nosex12m,ZAF_2_DC30,G Sibande DM,46,2012,Y040_044,0.21071379167879095
ZAF,ZAF2012HSRC,sexcohab,ZAF_2_DC30,G Sibande DM,46,2012,Y040_044,0.4607184537948952
ZAF,ZAF2012HSRC,sexnonregplus,ZAF_2_DC30,G Sibande DM,46,2012,Y040_044,0.3285677545263138
ZAF,ZAF2012HSRC,nosex12m,ZAF_2_DC30,G Sibande DM,46,2012,Y045_049,0.2968700931295948
ZAF,ZAF2012HSRC,sexcohab,ZAF_2_DC30,G Sibande DM,46,2012,Y045_049,0.44025812426768784
ZAF,ZAF2012HSRC,sexnonregplus,ZAF_2_DC30,G Sibande DM,46,2012,Y045_049,0.26287178260271743
ZAF,ZAF2012HSRC,nosex12m,ZAF_2_DC31,Nkangala DM,47,2012,Y015_019,0.6717232876733965
ZAF,ZAF2012HSRC,sexcohab,ZAF_2_DC31,Nkangala DM,47,2012,Y015_019,0.01952971993286453
ZAF,ZAF2012HSRC,sexnonregplus,ZAF_2_DC31,Nkangala DM,47,2012,Y015_019,0.308746992393739
ZAF,ZAF2012HSRC,nosex12m,ZAF_2_DC31,Nkangala DM,47,2012,Y020_024,0.2428529855870441
ZAF,ZAF2012HSRC,sexcohab,ZAF_2_DC31,Nkangala DM,47,2012,Y020_024,0.11232326580339434
ZAF,ZAF2012HSRC,sexnonregplus,ZAF_2_DC31,Nkangala DM,47,2012,Y020_024,0.6448237486095616
ZAF,ZAF2012HSRC,nosex12m,ZAF_2_DC31,Nkangala DM,47,2012,Y025_029,0.16646851040211888
ZAF,ZAF2012HSRC,sexcohab,ZAF_2_DC31,Nkangala DM,47,2012,Y025_029,0.2421870875522931
ZAF,ZAF2012HSRC,sexnonregplus,ZAF_2_DC31,Nkangala DM,47,2012,Y025_029,0.591344402045588
ZAF,ZAF2012HSRC,nosex12m,ZAF_2_DC31,Nkangala DM,47,2012,Y030_034,0.1622852838271175
ZAF,ZAF2012HSRC,sexcohab,ZAF_2_DC31,Nkangala DM,47,2012,Y030_034,0.3309075279704035
ZAF,ZAF2012HSRC,sexnonregplus,ZAF_2_DC31,Nkangala DM,47,2012,Y030_034,0.5068071882024789
ZAF,ZAF2012HSRC,nosex12m,ZAF_2_DC31,Nkangala DM,47,2012,Y035_039,0.16496135492908373
ZAF,ZAF2012HSRC,sexcohab,ZAF_2_DC31,Nkangala DM,47,2012,Y035_039,0.4200497951728731
ZAF,ZAF2012HSRC,sexnonregplus,ZAF_2_DC31,Nkangala DM,47,2012,Y035_039,0.41498884989804313
ZAF,ZAF2012HSRC,nosex12m,ZAF_2_DC31,Nkangala DM,47,2012,Y040_044,0.21032574294425707
ZAF,ZAF2012HSRC,sexcohab,ZAF_2_DC31,Nkangala DM,47,2012,Y040_044,0.4730792488478543
ZAF,ZAF2012HSRC,sexnonregplus,ZAF_2_DC31,Nkangala DM,47,2012,Y040_044,0.3165950082078886
ZAF,ZAF2012HSRC,nosex12m,ZAF_2_DC31,Nkangala DM,47,2012,Y045_049,0.2957611549431962
ZAF,ZAF2012HSRC,sexcohab,ZAF_2_DC31,Nkangala DM,47,2012,Y045_049,0.45132371393814047
ZAF,ZAF2012HSRC,sexnonregplus,ZAF_2_DC31,Nkangala DM,47,2012,Y045_049,0.2529151311186633
ZAF,ZAF2012HSRC,nosex12m,ZAF_2_DC32,Ehlanzeni DM,48,2012,Y015_019,0.6647188028111413
ZAF,ZAF2012HSRC,sexcohab,ZAF_2_DC32,Ehlanzeni DM,48,2012,Y015_019,0.02490772296000849
ZAF,ZAF2012HSRC,sexnonregplus,ZAF_2_DC32,Ehlanzeni DM,48,2012,Y015_019,0.3103734742288503
ZAF,ZAF2012HSRC,nosex12m,ZAF_2_DC32,Ehlanzeni DM,48,2012,Y020_024,0.23280003454415277
ZAF,ZAF2012HSRC,sexcohab,ZAF_2_DC32,Ehlanzeni DM,48,2012,Y020_024,0.13885393262061732
ZAF,ZAF2012HSRC,sexnonregplus,ZAF_2_DC32,Ehlanzeni DM,48,2012,Y020_024,0.6283460328352299
ZAF,ZAF2012HSRC,nosex12m,ZAF_2_DC32,Ehlanzeni DM,48,2012,Y025_029,0.15414748216238733
ZAF,ZAF2012HSRC,sexcohab,ZAF_2_DC32,Ehlanzeni DM,48,2012,Y025_029,0.28925376772640743
ZAF,ZAF2012HSRC,sexnonregplus,ZAF_2_DC32,Ehlanzeni DM,48,2012,Y025_029,0.5565987501112053
ZAF,ZAF2012HSRC,nosex12m,ZAF_2_DC32,Ehlanzeni DM,48,2012,Y030_034,0.14694270222775177
ZAF,ZAF2012HSRC,sexcohab,ZAF_2_DC32,Ehlanzeni DM,48,2012,Y030_034,0.3865721280920756
ZAF,ZAF2012HSRC,sexnonregplus,ZAF_2_DC32,Ehlanzeni DM,48,2012,Y030_034,0.4664851696801727
ZAF,ZAF2012HSRC,nosex12m,ZAF_2_DC32,Ehlanzeni DM,48,2012,Y035_039,0.14613481092601197
ZAF,ZAF2012HSRC,sexcohab,ZAF_2_DC32,Ehlanzeni DM,48,2012,Y035_039,0.4801807102114785
ZAF,ZAF2012HSRC,sexnonregplus,ZAF_2_DC32,Ehlanzeni DM,48,2012,Y035_039,0.3736844788625095
ZAF,ZAF2012HSRC,nosex12m,ZAF_2_DC32,Ehlanzeni DM,48,2012,Y040_044,0.1840852733521927
ZAF,ZAF2012HSRC,sexcohab,ZAF_2_DC32,Ehlanzeni DM,48,2012,Y040_044,0.5343029254955524
ZAF,ZAF2012HSRC,sexnonregplus,ZAF_2_DC32,Ehlanzeni DM,48,2012,Y040_044,0.2816118011522549
ZAF,ZAF2012HSRC,nosex12m,ZAF_2_DC32,Ehlanzeni DM,48,2012,Y045_049,0.2605844410587203
ZAF,ZAF2012HSRC,sexcohab,ZAF_2_DC32,Ehlanzeni DM,48,2012,Y045_049,0.5130305554340802
ZAF,ZAF2012HSRC,sexnonregplus,ZAF_2_DC32,Ehlanzeni DM,48,2012,Y045_049,0.22638500350719956
ZAF,ZAF2012HSRC,nosex12m,ZAF_2_DC33,Mopani DM,49,2012,Y015_019,0.6366171200620363
ZAF,ZAF2012HSRC,sexcohab,ZAF_2_DC33,Mopani DM,49,2012,Y015_019,0.03171050194634501
ZAF,ZAF2012HSRC,sexnonregplus,ZAF_2_DC33,Mopani DM,49,2012,Y015_019,0.33167237799161864
ZAF,ZAF2012HSRC,nosex12m,ZAF_2_DC33,Mopani DM,49,2012,Y020_024,0.2085635033154344
ZAF,ZAF2012HSRC,sexcohab,ZAF_2_DC33,Mopani DM,49,2012,Y020_024,0.16493491603963592
ZAF,ZAF2012HSRC,sexnonregplus,ZAF_2_DC33,Mopani DM,49,2012,Y020_024,0.6265015806449297
ZAF,ZAF2012HSRC,nosex12m,ZAF_2_DC33,Mopani DM,49,2012,Y025_029,0.13325533946715398
ZAF,ZAF2012HSRC,sexcohab,ZAF_2_DC33,Mopani DM,49,2012,Y025_029,0.33122581251031097
ZAF,ZAF2012HSRC,sexnonregplus,ZAF_2_DC33,Mopani DM,49,2012,Y025_029,0.535518848022535
ZAF,ZAF2012HSRC,nosex12m,ZAF_2_DC33,Mopani DM,49,2012,Y030_034,0.12474527600751556
ZAF,ZAF2012HSRC,sexcohab,ZAF_2_DC33,Mopani DM,49,2012,Y030_034,0.4344426435701747
ZAF,ZAF2012HSRC,sexnonregplus,ZAF_2_DC33,Mopani DM,49,2012,Y030_034,0.4408120804223097
ZAF,ZAF2012HSRC,nosex12m,ZAF_2_DC33,Mopani DM,49,2012,Y035_039,0.12200045836116503
ZAF,ZAF2012HSRC,sexcohab,ZAF_2_DC33,Mopani DM,49,2012,Y035_039,0.5305688326034558
ZAF,ZAF2012HSRC,sexnonregplus,ZAF_2_DC33,Mopani DM,49,2012,Y035_039,0.34743070903537915
ZAF,ZAF2012HSRC,nosex12m,ZAF_2_DC33,Mopani DM,49,2012,Y040_044,0.15280537696228794
ZAF,ZAF2012HSRC,sexcohab,ZAF_2_DC33,Mopani DM,49,2012,Y040_044,0.5868473543789259
ZAF,ZAF2012HSRC,sexnonregplus,ZAF_2_DC33,Mopani DM,49,2012,Y040_044,0.2603472686587862
ZAF,ZAF2012HSRC,nosex12m,ZAF_2_DC33,Mopani DM,49,2012,Y045_049,0.21862005258398057
ZAF,ZAF2012HSRC,sexcohab,ZAF_2_DC33,Mopani DM,49,2012,Y045_049,0.5697155197070722
ZAF,ZAF2012HSRC,sexnonregplus,ZAF_2_DC33,Mopani DM,49,2012,Y045_049,0.21166442770894725
ZAF,ZAF2012HSRC,nosex12m,ZAF_2_DC34,Vhembe DM,50,2012,Y015_019,0.6819830061055727
ZAF,ZAF2012HSRC,sexcohab,ZAF_2_DC34,Vhembe DM,50,2012,Y015_019,0.032681894930839
ZAF,ZAF2012HSRC,sexnonregplus,ZAF_2_DC34,Vhembe DM,50,2012,Y015_019,0.2853350989635882
ZAF,ZAF2012HSRC,nosex12m,ZAF_2_DC34,Vhembe DM,50,2012,Y020_024,0.24008050951115775
ZAF,ZAF2012HSRC,sexcohab,ZAF_2_DC34,Vhembe DM,50,2012,Y020_024,0.1822287307060518
ZAF,ZAF2012HSRC,sexnonregplus,ZAF_2_DC34,Vhembe DM,50,2012,Y020_024,0.5776907597827904
ZAF,ZAF2012HSRC,nosex12m,ZAF_2_DC34,Vhembe DM,50,2012,Y025_029,0.15148811110031404
ZAF,ZAF2012HSRC,sexcohab,ZAF_2_DC34,Vhembe DM,50,2012,Y025_029,0.3608878867930717
ZAF,ZAF2012HSRC,sexnonregplus,ZAF_2_DC34,Vhembe DM,50,2012,Y025_029,0.4876240021066142
ZAF,ZAF2012HSRC,nosex12m,ZAF_2_DC34,Vhembe DM,50,2012,Y030_034,0.13948781343258318
ZAF,ZAF2012HSRC,sexcohab,ZAF_2_DC34,Vhembe DM,50,2012,Y030_034,0.46549647646818815
ZAF,ZAF2012HSRC,sexnonregplus,ZAF_2_DC34,Vhembe DM,50,2012,Y030_034,0.39501571009922865
ZAF,ZAF2012HSRC,nosex12m,ZAF_2_DC34,Vhembe DM,50,2012,Y035_039,0.13429579973534325
ZAF,ZAF2012HSRC,sexcohab,ZAF_2_DC34,Vhembe DM,50,2012,Y035_039,0.5592709877604105
ZAF,ZAF2012HSRC,sexnonregplus,ZAF_2_DC34,Vhembe DM,50,2012,Y035_039,0.30643321250424627
ZAF,ZAF2012HSRC,nosex12m,ZAF_2_DC34,Vhembe DM,50,2012,Y040_044,0.16546606698335975
ZAF,ZAF2012HSRC,sexcohab,ZAF_2_DC34,Vhembe DM,50,2012,Y040_044,0.6085508031339004
ZAF,ZAF2012HSRC,sexnonregplus,ZAF_2_DC34,Vhembe DM,50,2012,Y040_044,0.2259831298827398
ZAF,ZAF2012HSRC,nosex12m,ZAF_2_DC34,Vhembe DM,50,2012,Y045_049,0.2340444241919515
ZAF,ZAF2012HSRC,sexcohab,ZAF_2_DC34,Vhembe DM,50,2012,Y045_049,0.5843001800098984
ZAF,ZAF2012HSRC,sexnonregplus,ZAF_2_DC34,Vhembe DM,50,2012,Y045_049,0.18165539579815013
ZAF,ZAF2012HSRC,nosex12m,ZAF_2_DC35,Capricorn DM,51,2012,Y015_019,0.6260550964516949
ZAF,ZAF2012HSRC,sexcohab,ZAF_2_DC35,Capricorn DM,51,2012,Y015_019,0.02363618841434301
ZAF,ZAF2012HSRC,sexnonregplus,ZAF_2_DC35,Capricorn DM,51,2012,Y015_019,0.3503087151339621
ZAF,ZAF2012HSRC,nosex12m,ZAF_2_DC35,Capricorn DM,51,2012,Y020_024,0.2071989570266658
ZAF,ZAF2012HSRC,sexcohab,ZAF_2_DC35,Capricorn DM,51,2012,Y020_024,0.1243170740741823
ZAF,ZAF2012HSRC,sexnonregplus,ZAF_2_DC35,Capricorn DM,51,2012,Y020_024,0.668483968899152
ZAF,ZAF2012HSRC,nosex12m,ZAF_2_DC35,Capricorn DM,51,2012,Y025_029,0.13889119534314331
ZAF,ZAF2012HSRC,sexcohab,ZAF_2_DC35,Capricorn DM,51,2012,Y025_029,0.26179893002321347
ZAF,ZAF2012HSRC,sexnonregplus,ZAF_2_DC35,Capricorn DM,51,2012,Y025_029,0.5993098746336432
ZAF,ZAF2012HSRC,nosex12m,ZAF_2_DC35,Capricorn DM,51,2012,Y030_034,0.13450178826064757
ZAF,ZAF2012HSRC,sexcohab,ZAF_2_DC35,Capricorn DM,51,2012,Y030_034,0.3552126081880952
ZAF,ZAF2012HSRC,sexnonregplus,ZAF_2_DC35,Capricorn DM,51,2012,Y030_034,0.5102856035512572
ZAF,ZAF2012HSRC,nosex12m,ZAF_2_DC35,Capricorn DM,51,2012,Y035_039,0.1359646672273512
ZAF,ZAF2012HSRC,sexcohab,ZAF_2_DC35,Capricorn DM,51,2012,Y035_039,0.4483276246239211
ZAF,ZAF2012HSRC,sexnonregplus,ZAF_2_DC35,Capricorn DM,51,2012,Y035_039,0.4157077081487277
ZAF,ZAF2012HSRC,nosex12m,ZAF_2_DC35,Capricorn DM,51,2012,Y040_044,0.17420125888433166
ZAF,ZAF2012HSRC,sexcohab,ZAF_2_DC35,Capricorn DM,51,2012,Y040_044,0.5071613043238777
ZAF,ZAF2012HSRC,sexnonregplus,ZAF_2_DC35,Capricorn DM,51,2012,Y040_044,0.31863743679179063
ZAF,ZAF2012HSRC,nosex12m,ZAF_2_DC35,Capricorn DM,51,2012,Y045_049,0.2490781814595049
ZAF,ZAF2012HSRC,sexcohab,ZAF_2_DC35,Capricorn DM,51,2012,Y045_049,0.49208924983221153
ZAF,ZAF2012HSRC,sexnonregplus,ZAF_2_DC35,Capricorn DM,51,2012,Y045_049,0.2588325687082836
ZAF,ZAF2012HSRC,nosex12m,ZAF_2_DC36,Waterberg DM,52,2012,Y015_019,0.6879613523057972
ZAF,ZAF2012HSRC,sexcohab,ZAF_2_DC36,Waterberg DM,52,2012,Y015_019,0.02567630206878619
ZAF,ZAF2012HSRC,sexnonregplus,ZAF_2_DC36,Waterberg DM,52,2012,Y015_019,0.2863623456254166
ZAF,ZAF2012HSRC,nosex12m,ZAF_2_DC36,Waterberg DM,52,2012,Y020_024,0.25061679054968433
ZAF,ZAF2012HSRC,sexcohab,ZAF_2_DC36,Waterberg DM,52,2012,Y020_024,0.14845036141925116
ZAF,ZAF2012HSRC,sexnonregplus,ZAF_2_DC36,Waterberg DM,52,2012,Y020_024,0.6009328480310645
ZAF,ZAF2012HSRC,nosex12m,ZAF_2_DC36,Waterberg DM,52,2012,Y025_029,0.16479689796924865
ZAF,ZAF2012HSRC,sexcohab,ZAF_2_DC36,Waterberg DM,52,2012,Y025_029,0.30663036510642244
ZAF,ZAF2012HSRC,sexnonregplus,ZAF_2_DC36,Waterberg DM,52,2012,Y025_029,0.5285727369243289
ZAF,ZAF2012HSRC,nosex12m,ZAF_2_DC36,Waterberg DM,52,2012,Y030_034,0.15558388368005432
ZAF,ZAF2012HSRC,sexcohab,ZAF_2_DC36,Waterberg DM,52,2012,Y030_034,0.4055877694674901
ZAF,ZAF2012HSRC,sexnonregplus,ZAF_2_DC36,Waterberg DM,52,2012,Y030_034,0.4388283468524556
ZAF,ZAF2012HSRC,nosex12m,ZAF_2_DC36,Waterberg DM,52,2012,Y035_039,0.15319423928583484
ZAF,ZAF2012HSRC,sexcohab,ZAF_2_DC36,Waterberg DM,52,2012,Y035_039,0.4986050737969388
ZAF,ZAF2012HSRC,sexnonregplus,ZAF_2_DC36,Waterberg DM,52,2012,Y035_039,0.3482006869172264
ZAF,ZAF2012HSRC,nosex12m,ZAF_2_DC36,Waterberg DM,52,2012,Y040_044,0.19104486969539017
ZAF,ZAF2012HSRC,sexcohab,ZAF_2_DC36,Waterberg DM,52,2012,Y040_044,0.5491234704285651
ZAF,ZAF2012HSRC,sexnonregplus,ZAF_2_DC36,Waterberg DM,52,2012,Y040_044,0.2598316598760447
ZAF,ZAF2012HSRC,nosex12m,ZAF_2_DC36,Waterberg DM,52,2012,Y045_049,0.26853692548284425
ZAF,ZAF2012HSRC,sexcohab,ZAF_2_DC36,Waterberg DM,52,2012,Y045_049,0.5239043994010807
ZAF,ZAF2012HSRC,sexnonregplus,ZAF_2_DC36,Waterberg DM,52,2012,Y045_049,0.20755867511607504
ZAF,ZAF2012HSRC,nosex12m,ZAF_2_DC47,Sekhukhune DM,53,2012,Y015_019,0.6471869058323452
ZAF,ZAF2012HSRC,sexcohab,ZAF_2_DC47,Sekhukhune DM,53,2012,Y015_019,0.02067748309459578
ZAF,ZAF2012HSRC,sexnonregplus,ZAF_2_DC47,Sekhukhune DM,53,2012,Y015_019,0.3321356110730591
ZAF,ZAF2012HSRC,nosex12m,ZAF_2_DC47,Sekhukhune DM,53,2012,Y020_024,0.22376933975224828
ZAF,ZAF2012HSRC,sexcohab,ZAF_2_DC47,Sekhukhune DM,53,2012,Y020_024,0.11359991815143355
ZAF,ZAF2012HSRC,sexnonregplus,ZAF_2_DC47,Sekhukhune DM,53,2012,Y020_024,0.6626307420963181
ZAF,ZAF2012HSRC,nosex12m,ZAF_2_DC47,Sekhukhune DM,53,2012,Y025_029,0.15248234638460118
ZAF,ZAF2012HSRC,sexcohab,ZAF_2_DC47,Sekhukhune DM,53,2012,Y025_029,0.2434402825620507
ZAF,ZAF2012HSRC,sexnonregplus,ZAF_2_DC47,Sekhukhune DM,53,2012,Y025_029,0.6040773710533481
ZAF,ZAF2012HSRC,nosex12m,ZAF_2_DC47,Sekhukhune DM,53,2012,Y030_034,0.14875698432325316
ZAF,ZAF2012HSRC,sexcohab,ZAF_2_DC47,Sekhukhune DM,53,2012,Y030_034,0.3329167571671674
ZAF,ZAF2012HSRC,sexnonregplus,ZAF_2_DC47,Sekhukhune DM,53,2012,Y030_034,0.5183262585095795
ZAF,ZAF2012HSRC,nosex12m,ZAF_2_DC47,Sekhukhune DM,53,2012,Y035_039,0.1514699022663741
ZAF,ZAF2012HSRC,sexcohab,ZAF_2_DC47,Sekhukhune DM,53,2012,Y035_039,0.42328629603221174
ZAF,ZAF2012HSRC,sexnonregplus,ZAF_2_DC47,Sekhukhune DM,53,2012,Y035_039,0.4252438017014141
ZAF,ZAF2012HSRC,nosex12m,ZAF_2_DC47,Sekhukhune DM,53,2012,Y040_044,0.19429010701792265
ZAF,ZAF2012HSRC,sexcohab,ZAF_2_DC47,Sekhukhune DM,53,2012,Y040_044,0.4794172573814354
ZAF,ZAF2012HSRC,sexnonregplus,ZAF_2_DC47,Sekhukhune DM,53,2012,Y040_044,0.32629263560064187
ZAF,ZAF2012HSRC,nosex12m,ZAF_2_DC47,Sekhukhune DM,53,2012,Y045_049,0.2756307612830962
ZAF,ZAF2012HSRC,sexcohab,ZAF_2_DC47,Sekhukhune DM,53,2012,Y045_049,0.4614324654716317
ZAF,ZAF2012HSRC,sexnonregplus,ZAF_2_DC47,Sekhukhune DM,53,2012,Y045_049,0.2629367732452721
ZAF,ZAF2012HSRC,nosex12m,ZAF_2_DC37,Bojanala Platinum DM,54,2012,Y015_019,0.6454003102832168
ZAF,ZAF2012HSRC,sexcohab,ZAF_2_DC37,Bojanala Platinum DM,54,2012,Y015_019,0.02501126673179052
ZAF,ZAF2012HSRC,sexnonregplus,ZAF_2_DC37,Bojanala Platinum DM,54,2012,Y015_019,0.3295884229849927
ZAF,ZAF2012HSRC,nosex12m,ZAF_2_DC37,Bojanala Platinum DM,54,2012,Y020_024,0.21900912097194272
ZAF,ZAF2012HSRC,sexcohab,ZAF_2_DC37,Bojanala Platinum DM,54,2012,Y020_024,0.13500695878869698
ZAF,ZAF2012HSRC,sexnonregplus,ZAF_2_DC37,Bojanala Platinum DM,54,2012,Y020_024,0.6459839202393602
ZAF,ZAF2012HSRC,nosex12m,ZAF_2_DC37,Bojanala Platinum DM,54,2012,Y025_029,0.14520318283245814
ZAF,ZAF2012HSRC,sexcohab,ZAF_2_DC37,Bojanala Platinum DM,54,2012,Y025_029,0.2816470612827516
ZAF,ZAF2012HSRC,sexnonregplus,ZAF_2_DC37,Bojanala Platinum DM,54,2012,Y025_029,0.5731497558847902
ZAF,ZAF2012HSRC,nosex12m,ZAF_2_DC37,Bojanala Platinum DM,54,2012,Y030_034,0.13908512984655022
ZAF,ZAF2012HSRC,sexcohab,ZAF_2_DC37,Bojanala Platinum DM,54,2012,Y030_034,0.37820048663502126
ZAF,ZAF2012HSRC,sexnonregplus,ZAF_2_DC37,Bojanala Platinum DM,54,2012,Y030_034,0.48271438351842855
ZAF,ZAF2012HSRC,nosex12m,ZAF_2_DC37,Bojanala Platinum DM,54,2012,Y035_039,0.13903970058021645
ZAF,ZAF2012HSRC,sexcohab,ZAF_2_DC37,Bojanala Platinum DM,54,2012,Y035_039,0.47222187373674135
ZAF,ZAF2012HSRC,sexnonregplus,ZAF_2_DC37,Bojanala Platinum DM,54,2012,Y035_039,0.38873842568304223
ZAF,ZAF2012HSRC,nosex12m,ZAF_2_DC37,Bojanala Platinum DM,54,2012,Y040_044,0.17633080565522105
ZAF,ZAF2012HSRC,sexcohab,ZAF_2_DC37,Bojanala Platinum DM,54,2012,Y040_044,0.5288375242835069
ZAF,ZAF2012HSRC,sexnonregplus,ZAF_2_DC37,Bojanala Platinum DM,54,2012,Y040_044,0.294831670061272
ZAF,ZAF2012HSRC,nosex12m,ZAF_2_DC37,Bojanala Platinum DM,54,2012,Y045_049,0.25097495729393643
ZAF,ZAF2012HSRC,sexcohab,ZAF_2_DC37,Bojanala Platinum DM,54,2012,Y045_049,0.5106548056198971
ZAF,ZAF2012HSRC,sexnonregplus,ZAF_2_DC37,Bojanala Platinum DM,54,2012,Y045_049,0.23837023708616656
ZAF,ZAF2012HSRC,nosex12m,ZAF_2_DC38,Ngaka Modiri Molema DM,55,2012,Y015_019,0.6256755989155826
ZAF,ZAF2012HSRC,sexcohab,ZAF_2_DC38,Ngaka Modiri Molema DM,55,2012,Y015_019,0.01985606385565114
ZAF,ZAF2012HSRC,sexnonregplus,ZAF_2_DC38,Ngaka Modiri Molema DM,55,2012,Y015_019,0.35446833722876625
ZAF,ZAF2012HSRC,nosex12m,ZAF_2_DC38,Ngaka Modiri Molema DM,55,2012,Y020_024,0.2095519286892933
ZAF,ZAF2012HSRC,sexcohab,ZAF_2_DC38,Ngaka Modiri Molema DM,55,2012,Y020_024,0.10563067120874882
ZAF,ZAF2012HSRC,sexnonregplus,ZAF_2_DC38,Ngaka Modiri Molema DM,55,2012,Y020_024,0.6848174001019579
ZAF,ZAF2012HSRC,nosex12m,ZAF_2_DC38,Ngaka Modiri Molema DM,55,2012,Y025_029,0.14375800665080316
ZAF,ZAF2012HSRC,sexcohab,ZAF_2_DC38,Ngaka Modiri Molema DM,55,2012,Y025_029,0.22789162846323208
ZAF,ZAF2012HSRC,sexnonregplus,ZAF_2_DC38,Ngaka Modiri Molema DM,55,2012,Y025_029,0.6283503648859647
ZAF,ZAF2012HSRC,nosex12m,ZAF_2_DC38,Ngaka Modiri Molema DM,55,2012,Y030_034,0.14149985266663684
ZAF,ZAF2012HSRC,sexcohab,ZAF_2_DC38,Ngaka Modiri Molema DM,55,2012,Y030_034,0.3145036552616421
ZAF,ZAF2012HSRC,sexnonregplus,ZAF_2_DC38,Ngaka Modiri Molema DM,55,2012,Y030_034,0.5439964920717211
ZAF,ZAF2012HSRC,nosex12m,ZAF_2_DC38,Ngaka Modiri Molema DM,55,2012,Y035_039,0.14552792593922917
ZAF,ZAF2012HSRC,sexcohab,ZAF_2_DC38,Ngaka Modiri Molema DM,55,2012,Y035_039,0.4037921138293278
ZAF,ZAF2012HSRC,sexnonregplus,ZAF_2_DC38,Ngaka Modiri Molema DM,55,2012,Y035_039,0.4506799602314431
ZAF,ZAF2012HSRC,nosex12m,ZAF_2_DC38,Ngaka Modiri Molema DM,55,2012,Y040_044,0.1885104483906625
ZAF,ZAF2012HSRC,sexcohab,ZAF_2_DC38,Ngaka Modiri Molema DM,55,2012,Y040_044,0.46206889984038135
ZAF,ZAF2012HSRC,sexnonregplus,ZAF_2_DC38,Ngaka Modiri Molema DM,55,2012,Y040_044,0.34942065176895615
ZAF,ZAF2012HSRC,nosex12m,ZAF_2_DC38,Ngaka Modiri Molema DM,55,2012,Y045_049,0.2691116175333544
ZAF,ZAF2012HSRC,sexcohab,ZAF_2_DC38,Ngaka Modiri Molema DM,55,2012,Y045_049,0.4475250787310017
ZAF,ZAF2012HSRC,sexnonregplus,ZAF_2_DC38,Ngaka Modiri Molema DM,55,2012,Y045_049,0.28336330373564395
ZAF,ZAF2012HSRC,nosex12m,ZAF_2_DC39,Ruth Segomotsi Mompati DM,56,2012,Y015_019,0.6153256567427415
ZAF,ZAF2012HSRC,sexcohab,ZAF_2_DC39,Ruth Segomotsi Mompati DM,56,2012,Y015_019,0.01934693061006513
ZAF,ZAF2012HSRC,sexnonregplus,ZAF_2_DC39,Ruth Segomotsi Mompati DM,56,2012,Y015_019,0.3653274126471934
ZAF,ZAF2012HSRC,nosex12m,ZAF_2_DC39,Ruth Segomotsi Mompati DM,56,2012,Y020_024,0.20362901237020897
ZAF,ZAF2012HSRC,sexcohab,ZAF_2_DC39,Ruth Segomotsi Mompati DM,56,2012,Y020_024,0.10157968107529317
ZAF,ZAF2012HSRC,sexnonregplus,ZAF_2_DC39,Ruth Segomotsi Mompati DM,56,2012,Y020_024,0.6947913065544978
ZAF,ZAF2012HSRC,nosex12m,ZAF_2_DC39,Ruth Segomotsi Mompati DM,56,2012,Y025_029,0.14025806394356435
ZAF,ZAF2012HSRC,sexcohab,ZAF_2_DC39,Ruth Segomotsi Mompati DM,56,2012,Y025_029,0.219695586484929
ZAF,ZAF2012HSRC,sexnonregplus,ZAF_2_DC39,Ruth Segomotsi Mompati DM,56,2012,Y025_029,0.6400463495715066
ZAF,ZAF2012HSRC,nosex12m,ZAF_2_DC39,Ruth Segomotsi Mompati DM,56,2012,Y030_034,0.13869445838763508
ZAF,ZAF2012HSRC,sexcohab,ZAF_2_DC39,Ruth Segomotsi Mompati DM,56,2012,Y030_034,0.30439239988349426
ZAF,ZAF2012HSRC,sexnonregplus,ZAF_2_DC39,Ruth Segomotsi Mompati DM,56,2012,Y030_034,0.5569131417288706
ZAF,ZAF2012HSRC,nosex12m,ZAF_2_DC39,Ruth Segomotsi Mompati DM,56,2012,Y035_039,0.1433819853783
ZAF,ZAF2012HSRC,sexcohab,ZAF_2_DC39,Ruth Segomotsi Mompati DM,56,2012,Y035_039,0.39261868747730183
ZAF,ZAF2012HSRC,sexnonregplus,ZAF_2_DC39,Ruth Segomotsi Mompati DM,56,2012,Y035_039,0.4639993271443982
ZAF,ZAF2012HSRC,nosex12m,ZAF_2_DC39,Ruth Segomotsi Mompati DM,56,2012,Y040_044,0.1866829465268796
ZAF,ZAF2012HSRC,sexcohab,ZAF_2_DC39,Ruth Segomotsi Mompati DM,56,2012,Y040_044,0.4514960467551158
ZAF,ZAF2012HSRC,sexnonregplus,ZAF_2_DC39,Ruth Segomotsi Mompati DM,56,2012,Y040_044,0.36182100671800466
ZAF,ZAF2012HSRC,nosex12m,ZAF_2_DC39,Ruth Segomotsi Mompati DM,56,2012,Y045_049,0.26706063406595587
ZAF,ZAF2012HSRC,sexcohab,ZAF_2_DC39,Ruth Segomotsi Mompati DM,56,2012,Y045_049,0.4385542316069512
ZAF,ZAF2012HSRC,sexnonregplus,ZAF_2_DC39,Ruth Segomotsi Mompati DM,56,2012,Y045_049,0.2943851343270929
ZAF,ZAF2012HSRC,nosex12m,ZAF_2_DC40,Dr K Kaunda DM,57,2012,Y015_019,0.6296113590289811
ZAF,ZAF2012HSRC,sexcohab,ZAF_2_DC40,Dr K Kaunda DM,57,2012,Y015_019,0.02602508532574082
ZAF,ZAF2012HSRC,sexnonregplus,ZAF_2_DC40,Dr K Kaunda DM,57,2012,Y015_019,0.34436355564527804
ZAF,ZAF2012HSRC,nosex12m,ZAF_2_DC40,Dr K Kaunda DM,57,2012,Y020_024,0.2077792760351807
ZAF,ZAF2012HSRC,sexcohab,ZAF_2_DC40,Dr K Kaunda DM,57,2012,Y020_024,0.13645427357138792
ZAF,ZAF2012HSRC,sexnonregplus,ZAF_2_DC40,Dr K Kaunda DM,57,2012,Y020_024,0.6557664503934314
ZAF,ZAF2012HSRC,nosex12m,ZAF_2_DC40,Dr K Kaunda DM,57,2012,Y025_029,0.13720523199447915
ZAF,ZAF2012HSRC,sexcohab,ZAF_2_DC40,Dr K Kaunda DM,57,2012,Y025_029,0.2834531031834563
ZAF,ZAF2012HSRC,sexnonregplus,ZAF_2_DC40,Dr K Kaunda DM,57,2012,Y025_029,0.5793416648220645
ZAF,ZAF2012HSRC,nosex12m,ZAF_2_DC40,Dr K Kaunda DM,57,2012,Y030_034,0.13141714787519082
ZAF,ZAF2012HSRC,sexcohab,ZAF_2_DC40,Dr K Kaunda DM,57,2012,Y030_034,0.38057187692021033
ZAF,ZAF2012HSRC,sexnonregplus,ZAF_2_DC40,Dr K Kaunda DM,57,2012,Y030_034,0.4880109752045989
ZAF,ZAF2012HSRC,nosex12m,ZAF_2_DC40,Dr K Kaunda DM,57,2012,Y035_039,0.13145176164223532
ZAF,ZAF2012HSRC,sexcohab,ZAF_2_DC40,Dr K Kaunda DM,57,2012,Y035_039,0.47531305423117065
ZAF,ZAF2012HSRC,sexnonregplus,ZAF_2_DC40,Dr K Kaunda DM,57,2012,Y035_039,0.393235184126594
ZAF,ZAF2012HSRC,nosex12m,ZAF_2_DC40,Dr K Kaunda DM,57,2012,Y040_044,0.16716313125105642
ZAF,ZAF2012HSRC,sexcohab,ZAF_2_DC40,Dr K Kaunda DM,57,2012,Y040_044,0.5337491856549369
ZAF,ZAF2012HSRC,sexnonregplus,ZAF_2_DC40,Dr K Kaunda DM,57,2012,Y040_044,0.2990876830940067
ZAF,ZAF2012HSRC,nosex12m,ZAF_2_DC40,Dr K Kaunda DM,57,2012,Y045_049,0.2390620755871324
ZAF,ZAF2012HSRC,sexcohab,ZAF_2_DC40,Dr K Kaunda DM,57,2012,Y045_049,0.5179344621135358
ZAF,ZAF2012HSRC,sexnonregplus,ZAF_2_DC40,Dr K Kaunda DM,57,2012,Y045_049,0.24300346229933176
ZAF,ZAF2012HSRC,nosex12m,ZAF_2_JHB,Johannesburg MM,58,2012,Y015_019,0.6577459332860752
ZAF,ZAF2012HSRC,sexcohab,ZAF_2_JHB,Johannesburg MM,58,2012,Y015_019,0.03022509089349303
ZAF,ZAF2012HSRC,sexnonregplus,ZAF_2_JHB,Johannesburg MM,58,2012,Y015_019,0.3120289758204317
ZAF,ZAF2012HSRC,nosex12m,ZAF_2_JHB,Johannesburg MM,58,2012,Y020_024,0.2237810136088147
ZAF,ZAF2012HSRC,sexcohab,ZAF_2_JHB,Johannesburg MM,58,2012,Y020_024,0.16339839256405336
ZAF,ZAF2012HSRC,sexnonregplus,ZAF_2_JHB,Johannesburg MM,58,2012,Y020_024,0.6128205938271319
ZAF,ZAF2012HSRC,nosex12m,ZAF_2_JHB,Johannesburg MM,58,2012,Y025_029,0.14365658900746223
ZAF,ZAF2012HSRC,sexcohab,ZAF_2_JHB,Johannesburg MM,58,2012,Y025_029,0.32995269241361885
ZAF,ZAF2012HSRC,sexnonregplus,ZAF_2_JHB,Johannesburg MM,58,2012,Y025_029,0.526390718578919
ZAF,ZAF2012HSRC,nosex12m,ZAF_2_JHB,Johannesburg MM,58,2012,Y030_034,0.13439971994112404
ZAF,ZAF2012HSRC,sexcohab,ZAF_2_JHB,Johannesburg MM,58,2012,Y030_034,0.4326339859923635
ZAF,ZAF2012HSRC,sexnonregplus,ZAF_2_JHB,Johannesburg MM,58,2012,Y030_034,0.4329662940665125
ZAF,ZAF2012HSRC,nosex12m,ZAF_2_JHB,Johannesburg MM,58,2012,Y035_039,0.13128301225321828
ZAF,ZAF2012HSRC,sexcohab,ZAF_2_JHB,Johannesburg MM,58,2012,Y035_039,0.5279303383192063
ZAF,ZAF2012HSRC,sexnonregplus,ZAF_2_JHB,Johannesburg MM,58,2012,Y035_039,0.3407866494275754
ZAF,ZAF2012HSRC,nosex12m,ZAF_2_JHB,Johannesburg MM,58,2012,Y040_044,0.16381204591703413
ZAF,ZAF2012HSRC,sexcohab,ZAF_2_JHB,Johannesburg MM,58,2012,Y040_044,0.5818251984266642
ZAF,ZAF2012HSRC,sexnonregplus,ZAF_2_JHB,Johannesburg MM,58,2012,Y040_044,0.25436275565630156
ZAF,ZAF2012HSRC,nosex12m,ZAF_2_JHB,Johannesburg MM,58,2012,Y045_049,0.23305371912669073
ZAF,ZAF2012HSRC,sexcohab,ZAF_2_JHB,Johannesburg MM,58,2012,Y045_049,0.5614270316467354
ZAF,ZAF2012HSRC,sexnonregplus,ZAF_2_JHB,Johannesburg MM,58,2012,Y045_049,0.2055192492265739
ZAF,ZAF2012HSRC,nosex12m,ZAF_2_TSH,Tshwane MM,59,2012,Y015_019,0.6783457926526736
ZAF,ZAF2012HSRC,sexcohab,ZAF_2_TSH,Tshwane MM,59,2012,Y015_019,0.03148968607928777
ZAF,ZAF2012HSRC,sexnonregplus,ZAF_2_TSH,Tshwane MM,59,2012,Y015_019,0.2901645212680387
ZAF,ZAF2012HSRC,nosex12m,ZAF_2_TSH,Tshwane MM,59,2012,Y020_024,0.23782177479460304
ZAF,ZAF2012HSRC,sexcohab,ZAF_2_TSH,Tshwane MM,59,2012,Y020_024,0.17539130201549252
ZAF,ZAF2012HSRC,sexnonregplus,ZAF_2_TSH,Tshwane MM,59,2012,Y020_024,0.5867869231899044
ZAF,ZAF2012HSRC,nosex12m,ZAF_2_TSH,Tshwane MM,59,2012,Y025_029,0.15106734867802069
ZAF,ZAF2012HSRC,sexcohab,ZAF_2_TSH,Tshwane MM,59,2012,Y025_029,0.3502259937388109
ZAF,ZAF2012HSRC,sexnonregplus,ZAF_2_TSH,Tshwane MM,59,2012,Y025_029,0.49870665758316846
ZAF,ZAF2012HSRC,nosex12m,ZAF_2_TSH,Tshwane MM,59,2012,Y030_034,0.13982071692175568
ZAF,ZAF2012HSRC,sexcohab,ZAF_2_TSH,Tshwane MM,59,2012,Y030_034,0.4542631000765109
ZAF,ZAF2012HSRC,sexnonregplus,ZAF_2_TSH,Tshwane MM,59,2012,Y030_034,0.40591618300173343
ZAF,ZAF2012HSRC,nosex12m,ZAF_2_TSH,Tshwane MM,59,2012,Y035_039,0.1351953369075328
ZAF,ZAF2012HSRC,sexcohab,ZAF_2_TSH,Tshwane MM,59,2012,Y035_039,0.5485439666940045
ZAF,ZAF2012HSRC,sexnonregplus,ZAF_2_TSH,Tshwane MM,59,2012,Y035_039,0.3162606963984627
ZAF,ZAF2012HSRC,nosex12m,ZAF_2_TSH,Tshwane MM,59,2012,Y040_044,0.16714731756136195
ZAF,ZAF2012HSRC,sexcohab,ZAF_2_TSH,Tshwane MM,59,2012,Y040_044,0.5989179131968511
ZAF,ZAF2012HSRC,sexnonregplus,ZAF_2_TSH,Tshwane MM,59,2012,Y040_044,0.233934769241787
ZAF,ZAF2012HSRC,nosex12m,ZAF_2_TSH,Tshwane MM,59,2012,Y045_049,0.2365990131631554
ZAF,ZAF2012HSRC,sexcohab,ZAF_2_TSH,Tshwane MM,59,2012,Y045_049,0.5752717153013286
ZAF,ZAF2012HSRC,sexnonregplus,ZAF_2_TSH,Tshwane MM,59,2012,Y045_049,0.18812927153551603
ZAF,ZAF2012HSRC,nosex12m,ZAF_2_EKU,Ekurhuleni MM,60,2012,Y015_019,0.6651639810124568
ZAF,ZAF2012HSRC,sexcohab,ZAF_2_EKU,Ekurhuleni MM,60,2012,Y015_019,0.03137086862746274
ZAF,ZAF2012HSRC,sexnonregplus,ZAF_2_EKU,Ekurhuleni MM,60,2012,Y015_019,0.30346515036008054
ZAF,ZAF2012HSRC,nosex12m,ZAF_2_EKU,Ekurhuleni MM,60,2012,Y020_024,0.2280560408960397
ZAF,ZAF2012HSRC,sexcohab,ZAF_2_EKU,Ekurhuleni MM,60,2012,Y020_024,0.17115042269405414
ZAF,ZAF2012HSRC,sexnonregplus,ZAF_2_EKU,Ekurhuleni MM,60,2012,Y020_024,0.6007935364099062
ZAF,ZAF2012HSRC,nosex12m,ZAF_2_EKU,Ekurhuleni MM,60,2012,Y025_029,0.14527284159695103
ZAF,ZAF2012HSRC,sexcohab,ZAF_2_EKU,Ekurhuleni MM,60,2012,Y025_029,0.3427654859206804
ZAF,ZAF2012HSRC,sexnonregplus,ZAF_2_EKU,Ekurhuleni MM,60,2012,Y025_029,0.5119616724823686
ZAF,ZAF2012HSRC,nosex12m,ZAF_2_EKU,Ekurhuleni MM,60,2012,Y030_034,0.13503409080046652
ZAF,ZAF2012HSRC,sexcohab,ZAF_2_EKU,Ekurhuleni MM,60,2012,Y030_034,0.4465577157854234
ZAF,ZAF2012HSRC,sexnonregplus,ZAF_2_EKU,Ekurhuleni MM,60,2012,Y030_034,0.41840819341411006
ZAF,ZAF2012HSRC,nosex12m,ZAF_2_EKU,Ekurhuleni MM,60,2012,Y035_039,0.1311053603410687
ZAF,ZAF2012HSRC,sexcohab,ZAF_2_EKU,Ekurhuleni MM,60,2012,Y035_039,0.5415702601647212
ZAF,ZAF2012HSRC,sexnonregplus,ZAF_2_EKU,Ekurhuleni MM,60,2012,Y035_039,0.32732437949421006
ZAF,ZAF2012HSRC,nosex12m,ZAF_2_EKU,Ekurhuleni MM,60,2012,Y040_044,0.16281279325991255
ZAF,ZAF2012HSRC,sexcohab,ZAF_2_EKU,Ekurhuleni MM,60,2012,Y040_044,0.5940080408616208
ZAF,ZAF2012HSRC,sexnonregplus,ZAF_2_EKU,Ekurhuleni MM,60,2012,Y040_044,0.24317916587846655
ZAF,ZAF2012HSRC,nosex12m,ZAF_2_EKU,Ekurhuleni MM,60,2012,Y045_049,0.2313022159199944
ZAF,ZAF2012HSRC,sexcohab,ZAF_2_EKU,Ekurhuleni MM,60,2012,Y045_049,0.5725019850828164
ZAF,ZAF2012HSRC,sexnonregplus,ZAF_2_EKU,Ekurhuleni MM,60,2012,Y045_049,0.19619579899718917
ZAF,ZAF2012HSRC,nosex12m,ZAF_2_DC42,Sedibeng DM,61,2012,Y015_019,0.7025622962826372
ZAF,ZAF2012HSRC,sexcohab,ZAF_2_DC42,Sedibeng DM,61,2012,Y015_019,0.02653860477242508
ZAF,ZAF2012HSRC,sexnonregplus,ZAF_2_DC42,Sedibeng DM,61,2012,Y015_019,0.27089909894493774
ZAF,ZAF2012HSRC,nosex12m,ZAF_2_DC42,Sedibeng DM,61,2012,Y020_024,0.2615549550552568
ZAF,ZAF2012HSRC,sexcohab,ZAF_2_DC42,Sedibeng DM,61,2012,Y020_024,0.15684027687181043
ZAF,ZAF2012HSRC,sexnonregplus,ZAF_2_DC42,Sedibeng DM,61,2012,Y020_024,0.5816047680729328
ZAF,ZAF2012HSRC,nosex12m,ZAF_2_DC42,Sedibeng DM,61,2012,Y025_029,0.1706816604939122
ZAF,ZAF2012HSRC,sexcohab,ZAF_2_DC42,Sedibeng DM,61,2012,Y025_029,0.32165372091933503
ZAF,ZAF2012HSRC,sexnonregplus,ZAF_2_DC42,Sedibeng DM,61,2012,Y025_029,0.5076646185867527
ZAF,ZAF2012HSRC,nosex12m,ZAF_2_DC42,Sedibeng DM,61,2012,Y030_034,0.15983299211800994
ZAF,ZAF2012HSRC,sexcohab,ZAF_2_DC42,Sedibeng DM,61,2012,Y030_034,0.42210773563356735
ZAF,ZAF2012HSRC,sexnonregplus,ZAF_2_DC42,Sedibeng DM,61,2012,Y030_034,0.4180592722484227
ZAF,ZAF2012HSRC,nosex12m,ZAF_2_DC42,Sedibeng DM,61,2012,Y035_039,0.15609790121028308
ZAF,ZAF2012HSRC,sexcohab,ZAF_2_DC42,Sedibeng DM,61,2012,Y035_039,0.5148632265995803
ZAF,ZAF2012HSRC,sexnonregplus,ZAF_2_DC42,Sedibeng DM,61,2012,Y035_039,0.32903887219013667
ZAF,ZAF2012HSRC,nosex12m,ZAF_2_DC42,Sedibeng DM,61,2012,Y040_044,0.19326675749586184
ZAF,ZAF2012HSRC,sexcohab,ZAF_2_DC42,Sedibeng DM,61,2012,Y040_044,0.562998054127698
ZAF,ZAF2012HSRC,sexnonregplus,ZAF_2_DC42,Sedibeng DM,61,2012,Y040_044,0.24373518837644012
ZAF,ZAF2012HSRC,nosex12m,ZAF_2_DC42,Sedibeng DM,61,2012,Y045_049,0.27079014283882225
ZAF,ZAF2012HSRC,sexcohab,ZAF_2_DC42,Sedibeng DM,61,2012,Y045_049,0.535221004961938
ZAF,ZAF2012HSRC,sexnonregplus,ZAF_2_DC42,Sedibeng DM,61,2012,Y045_049,0.19398885219923973
ZAF,ZAF2012HSRC,nosex12m,ZAF_2_DC48,West Rand DM,62,2012,Y015_019,0.6482259404878933
ZAF,ZAF2012HSRC,sexcohab,ZAF_2_DC48,West Rand DM,62,2012,Y015_019,0.03007693410869041
ZAF,ZAF2012HSRC,sexnonregplus,ZAF_2_DC48,West Rand DM,62,2012,Y015_019,0.3216971254034163
ZAF,ZAF2012HSRC,nosex12m,ZAF_2_DC48,West Rand DM,62,2012,Y020_024,0.21769250601326187
ZAF,ZAF2012HSRC,sexcohab,ZAF_2_DC48,West Rand DM,62,2012,Y020_024,0.1602499708038108
ZAF,ZAF2012HSRC,sexnonregplus,ZAF_2_DC48,West Rand DM,62,2012,Y020_024,0.6220575231829274
ZAF,ZAF2012HSRC,nosex12m,ZAF_2_DC48,West Rand DM,62,2012,Y025_029,0.1401524064549315
ZAF,ZAF2012HSRC,sexcohab,ZAF_2_DC48,West Rand DM,62,2012,Y025_029,0.3241550163315072
ZAF,ZAF2012HSRC,sexnonregplus,ZAF_2_DC48,West Rand DM,62,2012,Y025_029,0.5356925772135613
ZAF,ZAF2012HSRC,nosex12m,ZAF_2_DC48,West Rand DM,62,2012,Y030_034,0.13151205431170931
ZAF,ZAF2012HSRC,sexcohab,ZAF_2_DC48,West Rand DM,62,2012,Y030_034,0.4263268228318881
ZAF,ZAF2012HSRC,sexnonregplus,ZAF_2_DC48,West Rand DM,62,2012,Y030_034,0.4421611228564026
ZAF,ZAF2012HSRC,nosex12m,ZAF_2_DC48,West Rand DM,62,2012,Y035_039,0.1289239048398886
ZAF,ZAF2012HSRC,sexcohab,ZAF_2_DC48,West Rand DM,62,2012,Y035_039,0.5217790066661169
ZAF,ZAF2012HSRC,sexnonregplus,ZAF_2_DC48,West Rand DM,62,2012,Y035_039,0.3492970884939945
ZAF,ZAF2012HSRC,nosex12m,ZAF_2_DC48,West Rand DM,62,2012,Y040_044,0.16139089288743325
ZAF,ZAF2012HSRC,sexcohab,ZAF_2_DC48,West Rand DM,62,2012,Y040_044,0.5769253417716563
ZAF,ZAF2012HSRC,sexnonregplus,ZAF_2_DC48,West Rand DM,62,2012,Y040_044,0.2616837653409105
ZAF,ZAF2012HSRC,nosex12m,ZAF_2_DC48,West Rand DM,62,2012,Y045_049,0.23007605090118824
ZAF,ZAF2012HSRC,sexcohab,ZAF_2_DC48,West Rand DM,62,2012,Y045_049,0.5580108219744255
ZAF,ZAF2012HSRC,sexnonregplus,ZAF_2_DC48,West Rand DM,62,2012,Y045_049,0.21191312712438629
ZAF,ZAF2017HSRC,nosex12m,ZAF_2_CPT,Cape Town MM,11,2017,Y015_019,0.7661068089650818
ZAF,ZAF2017HSRC,sexcohab,ZAF_2_CPT,Cape Town MM,11,2017,Y015_019,0.01945053287531139
ZAF,ZAF2017HSRC,sexnonregplus,ZAF_2_CPT,Cape Town MM,11,2017,Y015_019,0.2144426581596069
ZAF,ZAF2017HSRC,nosex12m,ZAF_2_CPT,Cape Town MM,11,2017,Y020_024,0.33089241992894886
ZAF,ZAF2017HSRC,sexcohab,ZAF_2_CPT,Cape Town MM,11,2017,Y020_024,0.13369606368885642
ZAF,ZAF2017HSRC,sexnonregplus,ZAF_2_CPT,Cape Town MM,11,2017,Y020_024,0.5354115163821948
ZAF,ZAF2017HSRC,nosex12m,ZAF_2_CPT,Cape Town MM,11,2017,Y025_029,0.2254248342386375
ZAF,ZAF2017HSRC,sexcohab,ZAF_2_CPT,Cape Town MM,11,2017,Y025_029,0.2866298924147553
ZAF,ZAF2017HSRC,sexnonregplus,ZAF_2_CPT,Cape Town MM,11,2017,Y025_029,0.48794527334660726
ZAF,ZAF2017HSRC,nosex12m,ZAF_2_CPT,Cape Town MM,11,2017,Y030_034,0.21340988699151647
ZAF,ZAF2017HSRC,sexcohab,ZAF_2_CPT,Cape Town MM,11,2017,Y030_034,0.3804781068470292
ZAF,ZAF2017HSRC,sexnonregplus,ZAF_2_CPT,Cape Town MM,11,2017,Y030_034,0.4061120061614543
ZAF,ZAF2017HSRC,nosex12m,ZAF_2_CPT,Cape Town MM,11,2017,Y035_039,0.21007488134082747
ZAF,ZAF2017HSRC,sexcohab,ZAF_2_CPT,Cape Town MM,11,2017,Y035_039,0.4678969453793247
ZAF,ZAF2017HSRC,sexnonregplus,ZAF_2_CPT,Cape Town MM,11,2017,Y035_039,0.32202817327984784
ZAF,ZAF2017HSRC,nosex12m,ZAF_2_CPT,Cape Town MM,11,2017,Y040_044,0.2574519997522717
ZAF,ZAF2017HSRC,sexcohab,ZAF_2_CPT,Cape Town MM,11,2017,Y040_044,0.5065109151549818
ZAF,ZAF2017HSRC,sexnonregplus,ZAF_2_CPT,Cape Town MM,11,2017,Y040_044,0.23603708509274657
ZAF,ZAF2017HSRC,nosex12m,ZAF_2_CPT,Cape Town MM,11,2017,Y045_049,0.3501787241238948
ZAF,ZAF2017HSRC,sexcohab,ZAF_2_CPT,Cape Town MM,11,2017,Y045_049,0.4674469533431783
ZAF,ZAF2017HSRC,sexnonregplus,ZAF_2_CPT,Cape Town MM,11,2017,Y045_049,0.18237432253292687
ZAF,ZAF2017HSRC,nosex12m,ZAF_2_DC1,West Coast DM,12,2017,Y015_019,0.8053995313083326
ZAF,ZAF2017HSRC,sexcohab,ZAF_2_DC1,West Coast DM,12,2017,Y015_019,0.01572442526306541
ZAF,ZAF2017HSRC,sexnonregplus,ZAF_2_DC1,West Coast DM,12,2017,Y015_019,0.1788760434286019
ZAF,ZAF2017HSRC,nosex12m,ZAF_2_DC1,West Coast DM,12,2017,Y020_024,0.38694690916298546
ZAF,ZAF2017HSRC,sexcohab,ZAF_2_DC1,West Coast DM,12,2017,Y020_024,0.11973092157879406
ZAF,ZAF2017HSRC,sexnonregplus,ZAF_2_DC1,West Coast DM,12,2017,Y020_024,0.4933221692582205
ZAF,ZAF2017HSRC,nosex12m,ZAF_2_DC1,West Coast DM,12,2017,Y025_029,0.27207831366594437
ZAF,ZAF2017HSRC,sexcohab,ZAF_2_DC1,West Coast DM,12,2017,Y025_029,0.26432093469067297
ZAF,ZAF2017HSRC,sexnonregplus,ZAF_2_DC1,West Coast DM,12,2017,Y025_029,0.46360075164338266
ZAF,ZAF2017HSRC,nosex12m,ZAF_2_DC1,West Coast DM,12,2017,Y030_034,0.2591195699699636
ZAF,ZAF2017HSRC,sexcohab,ZAF_2_DC1,West Coast DM,12,2017,Y030_034,0.3525255632718379
ZAF,ZAF2017HSRC,sexnonregplus,ZAF_2_DC1,West Coast DM,12,2017,Y030_034,0.38835486675819847
ZAF,ZAF2017HSRC,nosex12m,ZAF_2_DC1,West Coast DM,12,2017,Y035_039,0.2560121016350858
ZAF,ZAF2017HSRC,sexcohab,ZAF_2_DC1,West Coast DM,12,2017,Y035_039,0.43474119701412867
ZAF,ZAF2017HSRC,sexnonregplus,ZAF_2_DC1,West Coast DM,12,2017,Y035_039,0.3092467013507856
ZAF,ZAF2017HSRC,nosex12m,ZAF_2_DC1,West Coast DM,12,2017,Y040_044,0.31022377410596397
ZAF,ZAF2017HSRC,sexcohab,ZAF_2_DC1,West Coast DM,12,2017,Y040_044,0.4654099858840984
ZAF,ZAF2017HSRC,sexnonregplus,ZAF_2_DC1,West Coast DM,12,2017,Y040_044,0.2243662400099377
ZAF,ZAF2017HSRC,nosex12m,ZAF_2_DC1,West Coast DM,12,2017,Y045_049,0.4113076833237992
ZAF,ZAF2017HSRC,sexcohab,ZAF_2_DC1,West Coast DM,12,2017,Y045_049,0.4193817257890154
ZAF,ZAF2017HSRC,sexnonregplus,ZAF_2_DC1,West Coast DM,12,2017,Y045_049,0.16931059088718542
ZAF,ZAF2017HSRC,nosex12m,ZAF_2_DC2,Cape Winelands DM,13,2017,Y015_019,0.839761666561941
ZAF,ZAF2017HSRC,sexcohab,ZAF_2_DC2,Cape Winelands DM,13,2017,Y015_019,0.01455757954446705
ZAF,ZAF2017HSRC,sexnonregplus,ZAF_2_DC2,Cape Winelands DM,13,2017,Y015_019,0.14568075389359195
ZAF,ZAF2017HSRC,nosex12m,ZAF_2_DC2,Cape Winelands DM,13,2017,Y020_024,0.4393186460137793
ZAF,ZAF2017HSRC,sexcohab,ZAF_2_DC2,Cape Winelands DM,13,2017,Y020_024,0.12099708574932044
ZAF,ZAF2017HSRC,sexnonregplus,ZAF_2_DC2,Cape Winelands DM,13,2017,Y020_024,0.4396842682369003
ZAF,ZAF2017HSRC,nosex12m,ZAF_2_DC2,Cape Winelands DM,13,2017,Y025_029,0.3120803253308775
ZAF,ZAF2017HSRC,sexcohab,ZAF_2_DC2,Cape Winelands DM,13,2017,Y025_029,0.2702100613209266
ZAF,ZAF2017HSRC,sexnonregplus,ZAF_2_DC2,Cape Winelands DM,13,2017,Y025_029,0.4177096133481959
ZAF,ZAF2017HSRC,nosex12m,ZAF_2_DC2,Cape Winelands DM,13,2017,Y030_034,0.2949645261029073
ZAF,ZAF2017HSRC,sexcohab,ZAF_2_DC2,Cape Winelands DM,13,2017,Y030_034,0.35791140818613243
ZAF,ZAF2017HSRC,sexnonregplus,ZAF_2_DC2,Cape Winelands DM,13,2017,Y030_034,0.3471240657109603
ZAF,ZAF2017HSRC,nosex12m,ZAF_2_DC2,Cape Winelands DM,13,2017,Y035_039,0.2886535638756182
ZAF,ZAF2017HSRC,sexcohab,ZAF_2_DC2,Cape Winelands DM,13,2017,Y035_039,0.4375436909117556
ZAF,ZAF2017HSRC,sexnonregplus,ZAF_2_DC2,Cape Winelands DM,13,2017,Y035_039,0.2738027452126262
ZAF,ZAF2017HSRC,nosex12m,ZAF_2_DC2,Cape Winelands DM,13,2017,Y040_044,0.34405153474849004
ZAF,ZAF2017HSRC,sexcohab,ZAF_2_DC2,Cape Winelands DM,13,2017,Y040_044,0.4606874650086277
ZAF,ZAF2017HSRC,sexnonregplus,ZAF_2_DC2,Cape Winelands DM,13,2017,Y040_044,0.1952610002428823
ZAF,ZAF2017HSRC,nosex12m,ZAF_2_DC2,Cape Winelands DM,13,2017,Y045_049,0.4481338232188023
ZAF,ZAF2017HSRC,sexcohab,ZAF_2_DC2,Cape Winelands DM,13,2017,Y045_049,0.40733463264787806
ZAF,ZAF2017HSRC,sexnonregplus,ZAF_2_DC2,Cape Winelands DM,13,2017,Y045_049,0.14453154413331956
ZAF,ZAF2017HSRC,nosex12m,ZAF_2_DC3,Overberg DM,14,2017,Y015_019,0.8144408972484294
ZAF,ZAF2017HSRC,sexcohab,ZAF_2_DC3,Overberg DM,14,2017,Y015_019,0.01589232968660928
ZAF,ZAF2017HSRC,sexnonregplus,ZAF_2_DC3,Overberg DM,14,2017,Y015_019,0.1696667730649613
ZAF,ZAF2017HSRC,nosex12m,ZAF_2_DC3,Overberg DM,14,2017,Y020_024,0.3998987964998674
ZAF,ZAF2017HSRC,sexcohab,ZAF_2_DC3,Overberg DM,14,2017,Y020_024,0.1231971790267154
ZAF,ZAF2017HSRC,sexnonregplus,ZAF_2_DC3,Overberg DM,14,2017,Y020_024,0.4769040244734172
ZAF,ZAF2017HSRC,nosex12m,ZAF_2_DC3,Overberg DM,14,2017,Y025_029,0.28103545619555825
ZAF,ZAF2017HSRC,sexcohab,ZAF_2_DC3,Overberg DM,14,2017,Y025_029,0.27126177919290145
ZAF,ZAF2017HSRC,sexnonregplus,ZAF_2_DC3,Overberg DM,14,2017,Y025_029,0.4477027646115403
ZAF,ZAF2017HSRC,nosex12m,ZAF_2_DC3,Overberg DM,14,2017,Y030_034,0.2664236501654573
ZAF,ZAF2017HSRC,sexcohab,ZAF_2_DC3,Overberg DM,14,2017,Y030_034,0.3601015289251894
ZAF,ZAF2017HSRC,sexnonregplus,ZAF_2_DC3,Overberg DM,14,2017,Y030_034,0.3734748209093533
ZAF,ZAF2017HSRC,nosex12m,ZAF_2_DC3,Overberg DM,14,2017,Y035_039,0.26204679368074524
ZAF,ZAF2017HSRC,sexcohab,ZAF_2_DC3,Overberg DM,14,2017,Y035_039,0.4417934510691345
ZAF,ZAF2017HSRC,sexnonregplus,ZAF_2_DC3,Overberg DM,14,2017,Y035_039,0.2961597552501203
ZAF,ZAF2017HSRC,nosex12m,ZAF_2_DC3,Overberg DM,14,2017,Y040_044,0.3157646331813443
ZAF,ZAF2017HSRC,sexcohab,ZAF_2_DC3,Overberg DM,14,2017,Y040_044,0.4704131631572603
ZAF,ZAF2017HSRC,sexnonregplus,ZAF_2_DC3,Overberg DM,14,2017,Y040_044,0.21382220366139543
ZAF,ZAF2017HSRC,nosex12m,ZAF_2_DC3,Overberg DM,14,2017,Y045_049,0.4168930511175689
ZAF,ZAF2017HSRC,sexcohab,ZAF_2_DC3,Overberg DM,14,2017,Y045_049,0.422398617450841
ZAF,ZAF2017HSRC,sexnonregplus,ZAF_2_DC3,Overberg DM,14,2017,Y045_049,0.1607083314315901
ZAF,ZAF2017HSRC,nosex12m,ZAF_2_DC4,Garden Route DM,15,2017,Y015_019,0.8280794885107909
ZAF,ZAF2017HSRC,sexcohab,ZAF_2_DC4,Garden Route DM,15,2017,Y015_019,0.01437776552523137
ZAF,ZAF2017HSRC,sexnonregplus,ZAF_2_DC4,Garden Route DM,15,2017,Y015_019,0.1575427459639777
ZAF,ZAF2017HSRC,nosex12m,ZAF_2_DC4,Garden Route DM,15,2017,Y020_024,0.422199226159127
ZAF,ZAF2017HSRC,sexcohab,ZAF_2_DC4,Garden Route DM,15,2017,Y020_024,0.11598039810588832
ZAF,ZAF2017HSRC,sexnonregplus,ZAF_2_DC4,Garden Route DM,15,2017,Y020_024,0.46182037573498474
ZAF,ZAF2017HSRC,nosex12m,ZAF_2_DC4,Garden Route DM,15,2017,Y025_029,0.3007506596845266
ZAF,ZAF2017HSRC,sexcohab,ZAF_2_DC4,Garden Route DM,15,2017,Y025_029,0.2594578652078579
ZAF,ZAF2017HSRC,sexnonregplus,ZAF_2_DC4,Garden Route DM,15,2017,Y025_029,0.4397914751076155
ZAF,ZAF2017HSRC,nosex12m,ZAF_2_DC4,Garden Route DM,15,2017,Y030_034,0.2861464651906816
ZAF,ZAF2017HSRC,sexcohab,ZAF_2_DC4,Garden Route DM,15,2017,Y030_034,0.34582945244385277
ZAF,ZAF2017HSRC,sexnonregplus,ZAF_2_DC4,Garden Route DM,15,2017,Y030_034,0.3680240823654656
ZAF,ZAF2017HSRC,nosex12m,ZAF_2_DC4,Garden Route DM,15,2017,Y035_039,0.28202872616935654
ZAF,ZAF2017HSRC,sexcohab,ZAF_2_DC4,Garden Route DM,15,2017,Y035_039,0.42555788841097303
ZAF,ZAF2017HSRC,sexnonregplus,ZAF_2_DC4,Garden Route DM,15,2017,Y035_039,0.29241338541967044
ZAF,ZAF2017HSRC,nosex12m,ZAF_2_DC4,Garden Route DM,15,2017,Y040_044,0.3385056356770601
ZAF,ZAF2017HSRC,sexcohab,ZAF_2_DC4,Garden Route DM,15,2017,Y040_044,0.4513231434685637
ZAF,ZAF2017HSRC,sexnonregplus,ZAF_2_DC4,Garden Route DM,15,2017,Y040_044,0.2101712208543762
ZAF,ZAF2017HSRC,nosex12m,ZAF_2_DC4,Garden Route DM,15,2017,Y045_049,0.4427004113433072
ZAF,ZAF2017HSRC,sexcohab,ZAF_2_DC4,Garden Route DM,15,2017,Y045_049,0.400978029602794
ZAF,ZAF2017HSRC,sexnonregplus,ZAF_2_DC4,Garden Route DM,15,2017,Y045_049,0.1563215590538988
ZAF,ZAF2017HSRC,nosex12m,ZAF_2_DC5,Central Karoo DM,16,2017,Y015_019,0.8268345914634251
ZAF,ZAF2017HSRC,sexcohab,ZAF_2_DC5,Central Karoo DM,16,2017,Y015_019,0.01411802482230007
ZAF,ZAF2017HSRC,sexnonregplus,ZAF_2_DC5,Central Karoo DM,16,2017,Y015_019,0.15904738371427485
ZAF,ZAF2017HSRC,nosex12m,ZAF_2_DC5,Central Karoo DM,16,2017,Y020_024,0.42172332360180614
ZAF,ZAF2017HSRC,sexcohab,ZAF_2_DC5,Central Karoo DM,16,2017,Y020_024,0.1138921028288205
ZAF,ZAF2017HSRC,sexnonregplus,ZAF_2_DC5,Central Karoo DM,16,2017,Y020_024,0.46438457356937335
ZAF,ZAF2017HSRC,nosex12m,ZAF_2_DC5,Central Karoo DM,16,2017,Y025_029,0.3013545090411796
ZAF,ZAF2017HSRC,sexcohab,ZAF_2_DC5,Central Karoo DM,16,2017,Y025_029,0.255223066412579
ZAF,ZAF2017HSRC,sexnonregplus,ZAF_2_DC5,Central Karoo DM,16,2017,Y025_029,0.44342242454624137
ZAF,ZAF2017HSRC,nosex12m,ZAF_2_DC5,Central Karoo DM,16,2017,Y030_034,0.28732592582232247
ZAF,ZAF2017HSRC,sexcohab,ZAF_2_DC5,Central Karoo DM,16,2017,Y030_034,0.3407445575017695
ZAF,ZAF2017HSRC,sexnonregplus,ZAF_2_DC5,Central Karoo DM,16,2017,Y030_034,0.371929516675908
ZAF,ZAF2017HSRC,nosex12m,ZAF_2_DC5,Central Karoo DM,16,2017,Y035_039,0.2837480291794715
ZAF,ZAF2017HSRC,sexcohab,ZAF_2_DC5,Central Karoo DM,16,2017,Y035_039,0.41994892911367737
ZAF,ZAF2017HSRC,sexnonregplus,ZAF_2_DC5,Central Karoo DM,16,2017,Y035_039,0.2963030417068511
ZAF,ZAF2017HSRC,nosex12m,ZAF_2_DC5,Central Karoo DM,16,2017,Y040_044,0.3408682953832506
ZAF,ZAF2017HSRC,sexcohab,ZAF_2_DC5,Central Karoo DM,16,2017,Y040_044,0.4457998373302416
ZAF,ZAF2017HSRC,sexnonregplus,ZAF_2_DC5,Central Karoo DM,16,2017,Y040_044,0.21333186728650785
ZAF,ZAF2017HSRC,nosex12m,ZAF_2_DC5,Central Karoo DM,16,2017,Y045_049,0.4453588403051024
ZAF,ZAF2017HSRC,sexcohab,ZAF_2_DC5,Central Karoo DM,16,2017,Y045_049,0.3960029713057711
ZAF,ZAF2017HSRC,sexnonregplus,ZAF_2_DC5,Central Karoo DM,16,2017,Y045_049,0.15863818838912647
ZAF,ZAF2017HSRC,nosex12m,ZAF_2_DC6,Namakwa DM,17,2017,Y015_019,0.8069012815449713
ZAF,ZAF2017HSRC,sexcohab,ZAF_2_DC6,Namakwa DM,17,2017,Y015_019,0.01618618424870473
ZAF,ZAF2017HSRC,sexnonregplus,ZAF_2_DC6,Namakwa DM,17,2017,Y015_019,0.17691253420632397
ZAF,ZAF2017HSRC,nosex12m,ZAF_2_DC6,Namakwa DM,17,2017,Y020_024,0.3879079489675772
ZAF,ZAF2017HSRC,sexcohab,ZAF_2_DC6,Namakwa DM,17,2017,Y020_024,0.12335626417229616
ZAF,ZAF2017HSRC,sexnonregplus,ZAF_2_DC6,Namakwa DM,17,2017,Y020_024,0.48873578686012664
ZAF,ZAF2017HSRC,nosex12m,ZAF_2_DC6,Namakwa DM,17,2017,Y025_029,0.27149204503871494
ZAF,ZAF2017HSRC,sexcohab,ZAF_2_DC6,Namakwa DM,17,2017,Y025_029,0.27111110894761836
ZAF,ZAF2017HSRC,sexnonregplus,ZAF_2_DC6,Namakwa DM,17,2017,Y025_029,0.4573968460136667
ZAF,ZAF2017HSRC,nosex12m,ZAF_2_DC6,Namakwa DM,17,2017,Y030_034,0.2576845457809933
ZAF,ZAF2017HSRC,sexcohab,ZAF_2_DC6,Namakwa DM,17,2017,Y030_034,0.36045930138711657
ZAF,ZAF2017HSRC,sexnonregplus,ZAF_2_DC6,Namakwa DM,17,2017,Y030_034,0.38185615283189017
ZAF,ZAF2017HSRC,nosex12m,ZAF_2_DC6,Namakwa DM,17,2017,Y035_039,0.25376176065374145
ZAF,ZAF2017HSRC,sexcohab,ZAF_2_DC6,Namakwa DM,17,2017,Y035_039,0.4431251962512074
ZAF,ZAF2017HSRC,sexnonregplus,ZAF_2_DC6,Namakwa DM,17,2017,Y035_039,0.3031130430950512
ZAF,ZAF2017HSRC,nosex12m,ZAF_2_DC6,Namakwa DM,17,2017,Y040_044,0.306946697942352
ZAF,ZAF2017HSRC,sexcohab,ZAF_2_DC6,Namakwa DM,17,2017,Y040_044,0.4735180831675357
ZAF,ZAF2017HSRC,sexnonregplus,ZAF_2_DC6,Namakwa DM,17,2017,Y040_044,0.2195352188901123
ZAF,ZAF2017HSRC,nosex12m,ZAF_2_DC6,Namakwa DM,17,2017,Y045_049,0.4073618825658893
ZAF,ZAF2017HSRC,sexcohab,ZAF_2_DC6,Namakwa DM,17,2017,Y045_049,0.4268860417930512
ZAF,ZAF2017HSRC,sexnonregplus,ZAF_2_DC6,Namakwa DM,17,2017,Y045_049,0.16575207564105954
ZAF,ZAF2017HSRC,nosex12m,ZAF_2_DC7,Pixley ka Seme DM,18,2017,Y015_019,0.7607095445744343
ZAF,ZAF2017HSRC,sexcohab,ZAF_2_DC7,Pixley ka Seme DM,18,2017,Y015_019,0.01414641198486435
ZAF,ZAF2017HSRC,sexnonregplus,ZAF_2_DC7,Pixley ka Seme DM,18,2017,Y015_019,0.22514404344070132
ZAF,ZAF2017HSRC,nosex12m,ZAF_2_DC7,Pixley ka Seme DM,18,2017,Y020_024,0.33293328289305413
ZAF,ZAF2017HSRC,sexcohab,ZAF_2_DC7,Pixley ka Seme DM,18,2017,Y020_024,0.09842178195265128
ZAF,ZAF2017HSRC,sexnonregplus,ZAF_2_DC7,Pixley ka Seme DM,18,2017,Y020_024,0.5686449351542946
ZAF,ZAF2017HSRC,nosex12m,ZAF_2_DC7,Pixley ka Seme DM,18,2017,Y025_029,0.2372664401205144
ZAF,ZAF2017HSRC,sexcohab,ZAF_2_DC7,Pixley ka Seme DM,18,2017,Y025_029,0.2206001103119564
ZAF,ZAF2017HSRC,sexnonregplus,ZAF_2_DC7,Pixley ka Seme DM,18,2017,Y025_029,0.5421334495675292
ZAF,ZAF2017HSRC,nosex12m,ZAF_2_DC7,Pixley ka Seme DM,18,2017,Y030_034,0.23188464106375128
ZAF,ZAF2017HSRC,sexcohab,ZAF_2_DC7,Pixley ka Seme DM,18,2017,Y030_034,0.302218782618832
ZAF,ZAF2017HSRC,sexnonregplus,ZAF_2_DC7,Pixley ka Seme DM,18,2017,Y030_034,0.4658965763174167
ZAF,ZAF2017HSRC,nosex12m,ZAF_2_DC7,Pixley ka Seme DM,18,2017,Y035_039,0.23544598613851545
ZAF,ZAF2017HSRC,sexcohab,ZAF_2_DC7,Pixley ka Seme DM,18,2017,Y035_039,0.38330228511657394
ZAF,ZAF2017HSRC,sexnonregplus,ZAF_2_DC7,Pixley ka Seme DM,18,2017,Y035_039,0.38125172874491065
ZAF,ZAF2017HSRC,nosex12m,ZAF_2_DC7,Pixley ka Seme DM,18,2017,Y040_044,0.29353821220091764
ZAF,ZAF2017HSRC,sexcohab,ZAF_2_DC7,Pixley ka Seme DM,18,2017,Y040_044,0.4220890643458149
ZAF,ZAF2017HSRC,sexnonregplus,ZAF_2_DC7,Pixley ka Seme DM,18,2017,Y040_044,0.28437272345326753
ZAF,ZAF2017HSRC,nosex12m,ZAF_2_DC7,Pixley ka Seme DM,18,2017,Y045_049,0.3958234533155971
ZAF,ZAF2017HSRC,sexcohab,ZAF_2_DC7,Pixley ka Seme DM,18,2017,Y045_049,0.3862759617564194
ZAF,ZAF2017HSRC,sexnonregplus,ZAF_2_DC7,Pixley ka Seme DM,18,2017,Y045_049,0.21790058492798348
ZAF,ZAF2017HSRC,nosex12m,ZAF_2_DC8,ZF Mgcawu DM,19,2017,Y015_019,0.7671551673721484
ZAF,ZAF2017HSRC,sexcohab,ZAF_2_DC8,ZF Mgcawu DM,19,2017,Y015_019,0.01612809750741665
ZAF,ZAF2017HSRC,sexnonregplus,ZAF_2_DC8,ZF Mgcawu DM,19,2017,Y015_019,0.21671673512043493
ZAF,ZAF2017HSRC,nosex12m,ZAF_2_DC8,ZF Mgcawu DM,19,2017,Y020_024,0.3376435929240015
ZAF,ZAF2017HSRC,sexcohab,ZAF_2_DC8,ZF Mgcawu DM,19,2017,Y020_024,0.11272996815697232
ZAF,ZAF2017HSRC,sexnonregplus,ZAF_2_DC8,ZF Mgcawu DM,19,2017,Y020_024,0.5496264389190262
ZAF,ZAF2017HSRC,nosex12m,ZAF_2_DC8,ZF Mgcawu DM,19,2017,Y025_029,0.23658354715769803
ZAF,ZAF2017HSRC,sexcohab,ZAF_2_DC8,ZF Mgcawu DM,19,2017,Y025_029,0.24828146524615335
ZAF,ZAF2017HSRC,sexnonregplus,ZAF_2_DC8,ZF Mgcawu DM,19,2017,Y025_029,0.5151349875961486
ZAF,ZAF2017HSRC,nosex12m,ZAF_2_DC8,ZF Mgcawu DM,19,2017,Y030_034,0.22803276495259783
ZAF,ZAF2017HSRC,sexcohab,ZAF_2_DC8,ZF Mgcawu DM,19,2017,Y030_034,0.3353570329295299
ZAF,ZAF2017HSRC,sexnonregplus,ZAF_2_DC8,ZF Mgcawu DM,19,2017,Y030_034,0.4366102021178722
ZAF,ZAF2017HSRC,nosex12m,ZAF_2_DC8,ZF Mgcawu DM,19,2017,Y035_039,0.22832426545913545
ZAF,ZAF2017HSRC,sexcohab,ZAF_2_DC8,ZF Mgcawu DM,19,2017,Y035_039,0.4193515514471621
ZAF,ZAF2017HSRC,sexnonregplus,ZAF_2_DC8,ZF Mgcawu DM,19,2017,Y035_039,0.35232418309370245
ZAF,ZAF2017HSRC,nosex12m,ZAF_2_DC8,ZF Mgcawu DM,19,2017,Y040_044,0.282047896272887
ZAF,ZAF2017HSRC,sexcohab,ZAF_2_DC8,ZF Mgcawu DM,19,2017,Y040_044,0.4575534596163127
ZAF,ZAF2017HSRC,sexnonregplus,ZAF_2_DC8,ZF Mgcawu DM,19,2017,Y040_044,0.26039864411080027
ZAF,ZAF2017HSRC,nosex12m,ZAF_2_DC8,ZF Mgcawu DM,19,2017,Y045_049,0.380788901071475
ZAF,ZAF2017HSRC,sexcohab,ZAF_2_DC8,ZF Mgcawu DM,19,2017,Y045_049,0.4193742904811852
ZAF,ZAF2017HSRC,sexnonregplus,ZAF_2_DC8,ZF Mgcawu DM,19,2017,Y045_049,0.19983680844733984
ZAF,ZAF2017HSRC,nosex12m,ZAF_2_DC9,Frances Baard DM,20,2017,Y015_019,0.7266503869842126
ZAF,ZAF2017HSRC,sexcohab,ZAF_2_DC9,Frances Baard DM,20,2017,Y015_019,0.01300677619760136
ZAF,ZAF2017HSRC,sexnonregplus,ZAF_2_DC9,Frances Baard DM,20,2017,Y015_019,0.26034283681818604
ZAF,ZAF2017HSRC,nosex12m,ZAF_2_DC9,Frances Baard DM,20,2017,Y020_024,0.2984493197838268
ZAF,ZAF2017HSRC,sexcohab,ZAF_2_DC9,Frances Baard DM,20,2017,Y020_024,0.08485103828887751
ZAF,ZAF2017HSRC,sexnonregplus,ZAF_2_DC9,Frances Baard DM,20,2017,Y020_024,0.6166996419272956
ZAF,ZAF2017HSRC,nosex12m,ZAF_2_DC9,Frances Baard DM,20,2017,Y025_029,0.2147008423454209
ZAF,ZAF2017HSRC,sexcohab,ZAF_2_DC9,Frances Baard DM,20,2017,Y025_029,0.19192682031141337
ZAF,ZAF2017HSRC,sexnonregplus,ZAF_2_DC9,Frances Baard DM,20,2017,Y025_029,0.5933723373431657
ZAF,ZAF2017HSRC,nosex12m,ZAF_2_DC9,Frances Baard DM,20,2017,Y030_034,0.2135128274898887
ZAF,ZAF2017HSRC,sexcohab,ZAF_2_DC9,Frances Baard DM,20,2017,Y030_034,0.2675813815536621
ZAF,ZAF2017HSRC,sexnonregplus,ZAF_2_DC9,Frances Baard DM,20,2017,Y030_034,0.5189057909564492
ZAF,ZAF2017HSRC,nosex12m,ZAF_2_DC9,Frances Baard DM,20,2017,Y035_039,0.22107187969230305
ZAF,ZAF2017HSRC,sexcohab,ZAF_2_DC9,Frances Baard DM,20,2017,Y035_039,0.3460332501093741
ZAF,ZAF2017HSRC,sexnonregplus,ZAF_2_DC9,Frances Baard DM,20,2017,Y035_039,0.4328948701983229
ZAF,ZAF2017HSRC,nosex12m,ZAF_2_DC9,Frances Baard DM,20,2017,Y040_044,0.28136586367691424
ZAF,ZAF2017HSRC,sexcohab,ZAF_2_DC9,Frances Baard DM,20,2017,Y040_044,0.3890161048439342
ZAF,ZAF2017HSRC,sexnonregplus,ZAF_2_DC9,Frances Baard DM,20,2017,Y040_044,0.3296180314791516
ZAF,ZAF2017HSRC,nosex12m,ZAF_2_DC9,Frances Baard DM,20,2017,Y045_049,0.3839544111016794
ZAF,ZAF2017HSRC,sexcohab,ZAF_2_DC9,Frances Baard DM,20,2017,Y045_049,0.36035724134131936
ZAF,ZAF2017HSRC,sexnonregplus,ZAF_2_DC9,Frances Baard DM,20,2017,Y045_049,0.25568834755700126
ZAF,ZAF2017HSRC,nosex12m,ZAF_2_DC45,J T Gaetsewe DM,21,2017,Y015_019,0.7489737165169955
ZAF,ZAF2017HSRC,sexcohab,ZAF_2_DC45,J T Gaetsewe DM,21,2017,Y015_019,0.01016424627384676
ZAF,ZAF2017HSRC,sexnonregplus,ZAF_2_DC45,J T Gaetsewe DM,21,2017,Y015_019,0.2408620372091577
ZAF,ZAF2017HSRC,nosex12m,ZAF_2_DC45,J T Gaetsewe DM,21,2017,Y020_024,0.32764300072454977
ZAF,ZAF2017HSRC,sexcohab,ZAF_2_DC45,J T Gaetsewe DM,21,2017,Y020_024,0.07021588895098906
ZAF,ZAF2017HSRC,sexnonregplus,ZAF_2_DC45,J T Gaetsewe DM,21,2017,Y020_024,0.6021411103244612
ZAF,ZAF2017HSRC,nosex12m,ZAF_2_DC45,J T Gaetsewe DM,21,2017,Y025_029,0.24230361334220976
ZAF,ZAF2017HSRC,sexcohab,ZAF_2_DC45,J T Gaetsewe DM,21,2017,Y025_029,0.1628364841647328
ZAF,ZAF2017HSRC,sexnonregplus,ZAF_2_DC45,J T Gaetsewe DM,21,2017,Y025_029,0.5948599024930574
ZAF,ZAF2017HSRC,nosex12m,ZAF_2_DC45,J T Gaetsewe DM,21,2017,Y030_034,0.2437861751634978
ZAF,ZAF2017HSRC,sexcohab,ZAF_2_DC45,J T Gaetsewe DM,21,2017,Y030_034,0.22956908165018416
ZAF,ZAF2017HSRC,sexnonregplus,ZAF_2_DC45,J T Gaetsewe DM,21,2017,Y030_034,0.526644743186318
ZAF,ZAF2017HSRC,nosex12m,ZAF_2_DC45,J T Gaetsewe DM,21,2017,Y035_039,0.255253126993336
ZAF,ZAF2017HSRC,sexcohab,ZAF_2_DC45,J T Gaetsewe DM,21,2017,Y035_039,0.30004810667842935
ZAF,ZAF2017HSRC,sexnonregplus,ZAF_2_DC45,J T Gaetsewe DM,21,2017,Y035_039,0.44469876632823463
ZAF,ZAF2017HSRC,nosex12m,ZAF_2_DC45,J T Gaetsewe DM,21,2017,Y040_044,0.32431578715914217
ZAF,ZAF2017HSRC,sexcohab,ZAF_2_DC45,J T Gaetsewe DM,21,2017,Y040_044,0.33694442482755727
ZAF,ZAF2017HSRC,sexnonregplus,ZAF_2_DC45,J T Gaetsewe DM,21,2017,Y040_044,0.33873978801330057
ZAF,ZAF2017HSRC,nosex12m,ZAF_2_DC45,J T Gaetsewe DM,21,2017,Y045_049,0.4344449253649192
ZAF,ZAF2017HSRC,sexcohab,ZAF_2_DC45,J T Gaetsewe DM,21,2017,Y045_049,0.30699791234241663
ZAF,ZAF2017HSRC,sexnonregplus,ZAF_2_DC45,J T Gaetsewe DM,21,2017,Y045_049,0.2585571622926641
ZAF,ZAF2017HSRC,nosex12m,ZAF_2_BUF,Buffalo City MM,22,2017,Y015_019,0.7436707516912132
ZAF,ZAF2017HSRC,sexcohab,ZAF_2_BUF,Buffalo City MM,22,2017,Y015_019,0.00974015298500292
ZAF,ZAF2017HSRC,sexnonregplus,ZAF_2_BUF,Buffalo City MM,22,2017,Y015_019,0.24658909532378387
ZAF,ZAF2017HSRC,nosex12m,ZAF_2_BUF,Buffalo City MM,22,2017,Y020_024,0.3209114316697289
ZAF,ZAF2017HSRC,sexcohab,ZAF_2_BUF,Buffalo City MM,22,2017,Y020_024,0.06675872513032817
ZAF,ZAF2017HSRC,sexnonregplus,ZAF_2_BUF,Buffalo City MM,22,2017,Y020_024,0.6123298431999429
ZAF,ZAF2017HSRC,nosex12m,ZAF_2_BUF,Buffalo City MM,22,2017,Y025_029,0.23779200643955287
ZAF,ZAF2017HSRC,sexcohab,ZAF_2_BUF,Buffalo City MM,22,2017,Y025_029,0.15541152139364314
ZAF,ZAF2017HSRC,sexnonregplus,ZAF_2_BUF,Buffalo City MM,22,2017,Y025_029,0.606796472166804
ZAF,ZAF2017HSRC,nosex12m,ZAF_2_BUF,Buffalo City MM,22,2017,Y030_034,0.2404085105919167
ZAF,ZAF2017HSRC,sexcohab,ZAF_2_BUF,Buffalo City MM,22,2017,Y030_034,0.2201669560422165
ZAF,ZAF2017HSRC,sexnonregplus,ZAF_2_BUF,Buffalo City MM,22,2017,Y030_034,0.5394245333658668
ZAF,ZAF2017HSRC,nosex12m,ZAF_2_BUF,Buffalo City MM,22,2017,Y035_039,0.2530099411715929
ZAF,ZAF2017HSRC,sexcohab,ZAF_2_BUF,Buffalo City MM,22,2017,Y035_039,0.2893410677393219
ZAF,ZAF2017HSRC,sexnonregplus,ZAF_2_BUF,Buffalo City MM,22,2017,Y035_039,0.4576489910890852
ZAF,ZAF2017HSRC,nosex12m,ZAF_2_BUF,Buffalo City MM,22,2017,Y040_044,0.3233093918803472
ZAF,ZAF2017HSRC,sexcohab,ZAF_2_BUF,Buffalo City MM,22,2017,Y040_044,0.326612425918304
ZAF,ZAF2017HSRC,sexnonregplus,ZAF_2_BUF,Buffalo City MM,22,2017,Y040_044,0.35007818220134884
ZAF,ZAF2017HSRC,nosex12m,ZAF_2_BUF,Buffalo City MM,22,2017,Y045_049,0.4343866589316734
ZAF,ZAF2017HSRC,sexcohab,ZAF_2_BUF,Buffalo City MM,22,2017,Y045_049,0.29805532482526326
ZAF,ZAF2017HSRC,sexnonregplus,ZAF_2_BUF,Buffalo City MM,22,2017,Y045_049,0.26755801624306336
ZAF,ZAF2017HSRC,nosex12m,ZAF_2_NMA,N Mandela Bay MM,23,2017,Y015_019,0.7890992657377047
ZAF,ZAF2017HSRC,sexcohab,ZAF_2_NMA,N Mandela Bay MM,23,2017,Y015_019,0.01365135928055469
ZAF,ZAF2017HSRC,sexnonregplus,ZAF_2_NMA,N Mandela Bay MM,23,2017,Y015_019,0.1972493749817406
ZAF,ZAF2017HSRC,nosex12m,ZAF_2_NMA,N Mandela Bay MM,23,2017,Y020_024,0.3682222509574301
ZAF,ZAF2017HSRC,sexcohab,ZAF_2_NMA,N Mandela Bay MM,23,2017,Y020_024,0.10110730390704346
ZAF,ZAF2017HSRC,sexnonregplus,ZAF_2_NMA,N Mandela Bay MM,23,2017,Y020_024,0.5306704451355264
ZAF,ZAF2017HSRC,nosex12m,ZAF_2_NMA,N Mandela Bay MM,23,2017,Y025_029,0.2638343017078003
ZAF,ZAF2017HSRC,sexcohab,ZAF_2_NMA,N Mandela Bay MM,23,2017,Y025_029,0.2276871713002842
ZAF,ZAF2017HSRC,sexnonregplus,ZAF_2_NMA,N Mandela Bay MM,23,2017,Y025_029,0.5084785269919154
ZAF,ZAF2017HSRC,nosex12m,ZAF_2_NMA,N Mandela Bay MM,23,2017,Y030_034,0.2561409287514837
ZAF,ZAF2017HSRC,sexcohab,ZAF_2_NMA,N Mandela Bay MM,23,2017,Y030_034,0.30982116010242244
ZAF,ZAF2017HSRC,sexnonregplus,ZAF_2_NMA,N Mandela Bay MM,23,2017,Y030_034,0.43403791114609386
ZAF,ZAF2017HSRC,nosex12m,ZAF_2_NMA,N Mandela Bay MM,23,2017,Y035_039,0.2580034595248127
ZAF,ZAF2017HSRC,sexcohab,ZAF_2_NMA,N Mandela Bay MM,23,2017,Y035_039,0.3896993287336483
ZAF,ZAF2017HSRC,sexnonregplus,ZAF_2_NMA,N Mandela Bay MM,23,2017,Y035_039,0.35229721174153905
ZAF,ZAF2017HSRC,nosex12m,ZAF_2_NMA,N Mandela Bay MM,23,2017,Y040_044,0.3173336516975135
ZAF,ZAF2017HSRC,sexcohab,ZAF_2_NMA,N Mandela Bay MM,23,2017,Y040_044,0.4234143541851824
ZAF,ZAF2017HSRC,sexnonregplus,ZAF_2_NMA,N Mandela Bay MM,23,2017,Y040_044,0.25925199411730415
ZAF,ZAF2017HSRC,nosex12m,ZAF_2_NMA,N Mandela Bay MM,23,2017,Y045_049,0.4218732110847087
ZAF,ZAF2017HSRC,sexcohab,ZAF_2_NMA,N Mandela Bay MM,23,2017,Y045_049,0.382213310785641
ZAF,ZAF2017HSRC,sexnonregplus,ZAF_2_NMA,N Mandela Bay MM,23,2017,Y045_049,0.19591347812965024
ZAF,ZAF2017HSRC,nosex12m,ZAF_2_DC10,Sarah Baartman DM,24,2017,Y015_019,0.79433047597506
ZAF,ZAF2017HSRC,sexcohab,ZAF_2_DC10,Sarah Baartman DM,24,2017,Y015_019,0.01375573407452288
ZAF,ZAF2017HSRC,sexnonregplus,ZAF_2_DC10,Sarah Baartman DM,24,2017,Y015_019,0.1919137899504171
ZAF,ZAF2017HSRC,nosex12m,ZAF_2_DC10,Sarah Baartman DM,24,2017,Y020_024,0.3748881338722707
ZAF,ZAF2017HSRC,sexcohab,ZAF_2_DC10,Sarah Baartman DM,24,2017,Y020_024,0.10307084182937232
ZAF,ZAF2017HSRC,sexnonregplus,ZAF_2_DC10,Sarah Baartman DM,24,2017,Y020_024,0.522041024298357
ZAF,ZAF2017HSRC,nosex12m,ZAF_2_DC10,Sarah Baartman DM,24,2017,Y025_029,0.2683216165876425
ZAF,ZAF2017HSRC,sexcohab,ZAF_2_DC10,Sarah Baartman DM,24,2017,Y025_029,0.2319053877800573
ZAF,ZAF2017HSRC,sexnonregplus,ZAF_2_DC10,Sarah Baartman DM,24,2017,Y025_029,0.49977299563230027
ZAF,ZAF2017HSRC,nosex12m,ZAF_2_DC10,Sarah Baartman DM,24,2017,Y030_034,0.259803392815472
ZAF,ZAF2017HSRC,sexcohab,ZAF_2_DC10,Sarah Baartman DM,24,2017,Y030_034,0.31463262659557645
ZAF,ZAF2017HSRC,sexnonregplus,ZAF_2_DC10,Sarah Baartman DM,24,2017,Y030_034,0.4255639805889515
ZAF,ZAF2017HSRC,nosex12m,ZAF_2_DC10,Sarah Baartman DM,24,2017,Y035_039,0.2609438123120104
ZAF,ZAF2017HSRC,sexcohab,ZAF_2_DC10,Sarah Baartman DM,24,2017,Y035_039,0.39459528741701205
ZAF,ZAF2017HSRC,sexnonregplus,ZAF_2_DC10,Sarah Baartman DM,24,2017,Y035_039,0.34446090027097753
ZAF,ZAF2017HSRC,nosex12m,ZAF_2_DC10,Sarah Baartman DM,24,2017,Y040_044,0.3199113490496078
ZAF,ZAF2017HSRC,sexcohab,ZAF_2_DC10,Sarah Baartman DM,24,2017,Y040_044,0.4273277726302045
ZAF,ZAF2017HSRC,sexnonregplus,ZAF_2_DC10,Sarah Baartman DM,24,2017,Y040_044,0.2527608783201877
ZAF,ZAF2017HSRC,nosex12m,ZAF_2_DC10,Sarah Baartman DM,24,2017,Y045_049,0.4244579224678651
ZAF,ZAF2017HSRC,sexcohab,ZAF_2_DC10,Sarah Baartman DM,24,2017,Y045_049,0.38494836020574713
ZAF,ZAF2017HSRC,sexnonregplus,ZAF_2_DC10,Sarah Baartman DM,24,2017,Y045_049,0.19059371732638777
ZAF,ZAF2017HSRC,nosex12m,ZAF_2_DC12,Amathole DM,25,2017,Y015_019,0.7335718885687449
ZAF,ZAF2017HSRC,sexcohab,ZAF_2_DC12,Amathole DM,25,2017,Y015_019,0.00761731818888847
ZAF,ZAF2017HSRC,sexnonregplus,ZAF_2_DC12,Amathole DM,25,2017,Y015_019,0.2588107932423666
ZAF,ZAF2017HSRC,nosex12m,ZAF_2_DC12,Amathole DM,25,2017,Y020_024,0.31286089051198307
ZAF,ZAF2017HSRC,sexcohab,ZAF_2_DC12,Amathole DM,25,2017,Y020_024,0.05154825562361684
ZAF,ZAF2017HSRC,sexnonregplus,ZAF_2_DC12,Amathole DM,25,2017,Y020_024,0.6355908538644001
ZAF,ZAF2017HSRC,nosex12m,ZAF_2_DC12,Amathole DM,25,2017,Y025_029,0.23613073885885183
ZAF,ZAF2017HSRC,sexcohab,ZAF_2_DC12,Amathole DM,25,2017,Y025_029,0.12235751281604884
ZAF,ZAF2017HSRC,sexnonregplus,ZAF_2_DC12,Amathole DM,25,2017,Y025_029,0.6415117483250993
ZAF,ZAF2017HSRC,nosex12m,ZAF_2_DC12,Amathole DM,25,2017,Y030_034,0.24300817037610056
ZAF,ZAF2017HSRC,sexcohab,ZAF_2_DC12,Amathole DM,25,2017,Y030_034,0.1764407144391083
ZAF,ZAF2017HSRC,sexnonregplus,ZAF_2_DC12,Amathole DM,25,2017,Y030_034,0.5805511151847912
ZAF,ZAF2017HSRC,nosex12m,ZAF_2_DC12,Amathole DM,25,2017,Y035_039,0.2609407300474589
ZAF,ZAF2017HSRC,sexcohab,ZAF_2_DC12,Amathole DM,25,2017,Y035_039,0.23662718929058177
ZAF,ZAF2017HSRC,sexnonregplus,ZAF_2_DC12,Amathole DM,25,2017,Y035_039,0.5024320806619593
ZAF,ZAF2017HSRC,nosex12m,ZAF_2_DC12,Amathole DM,25,2017,Y040_044,0.3385389539194521
ZAF,ZAF2017HSRC,sexcohab,ZAF_2_DC12,Amathole DM,25,2017,Y040_044,0.27120848811261566
ZAF,ZAF2017HSRC,sexnonregplus,ZAF_2_DC12,Amathole DM,25,2017,Y040_044,0.39025255796793223
ZAF,ZAF2017HSRC,nosex12m,ZAF_2_DC12,Amathole DM,25,2017,Y045_049,0.45461096325990646
ZAF,ZAF2017HSRC,sexcohab,ZAF_2_DC12,Amathole DM,25,2017,Y045_049,0.24732203555423
ZAF,ZAF2017HSRC,sexnonregplus,ZAF_2_DC12,Amathole DM,25,2017,Y045_049,0.29806700118586354
ZAF,ZAF2017HSRC,nosex12m,ZAF_2_DC13,C Hani DM,26,2017,Y015_019,0.7544814481374541
ZAF,ZAF2017HSRC,sexcohab,ZAF_2_DC13,C Hani DM,26,2017,Y015_019,0.00854199211568601
ZAF,ZAF2017HSRC,sexnonregplus,ZAF_2_DC13,C Hani DM,26,2017,Y015_019,0.2369765597468599
ZAF,ZAF2017HSRC,nosex12m,ZAF_2_DC13,C Hani DM,26,2017,Y020_024,0.3343453110759913
ZAF,ZAF2017HSRC,sexcohab,ZAF_2_DC13,C Hani DM,26,2017,Y020_024,0.06014087276999652
ZAF,ZAF2017HSRC,sexnonregplus,ZAF_2_DC13,C Hani DM,26,2017,Y020_024,0.6055138161540122
ZAF,ZAF2017HSRC,nosex12m,ZAF_2_DC13,C Hani DM,26,2017,Y025_029,0.2507403432343359
ZAF,ZAF2017HSRC,sexcohab,ZAF_2_DC13,C Hani DM,26,2017,Y025_029,0.1418825772734695
ZAF,ZAF2017HSRC,sexnonregplus,ZAF_2_DC13,C Hani DM,26,2017,Y025_029,0.6073770794921945
ZAF,ZAF2017HSRC,nosex12m,ZAF_2_DC13,C Hani DM,26,2017,Y030_034,0.25491995912099574
ZAF,ZAF2017HSRC,sexcohab,ZAF_2_DC13,C Hani DM,26,2017,Y030_034,0.20217457508277065
ZAF,ZAF2017HSRC,sexnonregplus,ZAF_2_DC13,C Hani DM,26,2017,Y030_034,0.5429054657962337
ZAF,ZAF2017HSRC,nosex12m,ZAF_2_DC13,C Hani DM,26,2017,Y035_039,0.2697732765712422
ZAF,ZAF2017HSRC,sexcohab,ZAF_2_DC13,C Hani DM,26,2017,Y035_039,0.26723350788844863
ZAF,ZAF2017HSRC,sexnonregplus,ZAF_2_DC13,C Hani DM,26,2017,Y035_039,0.46299321554030914
ZAF,ZAF2017HSRC,nosex12m,ZAF_2_DC13,C Hani DM,26,2017,Y040_044,0.34455689201101036
ZAF,ZAF2017HSRC,sexcohab,ZAF_2_DC13,C Hani DM,26,2017,Y040_044,0.30154215396461365
ZAF,ZAF2017HSRC,sexnonregplus,ZAF_2_DC13,C Hani DM,26,2017,Y040_044,0.35390095402437605
ZAF,ZAF2017HSRC,nosex12m,ZAF_2_DC13,C Hani DM,26,2017,Y045_049,0.4590985420901924
ZAF,ZAF2017HSRC,sexcohab,ZAF_2_DC13,C Hani DM,26,2017,Y045_049,0.272806552806954
ZAF,ZAF2017HSRC,sexnonregplus,ZAF_2_DC13,C Hani DM,26,2017,Y045_049,0.2680949051028536
ZAF,ZAF2017HSRC,nosex12m,ZAF_2_DC14,Joe Gqabi DM,27,2017,Y015_019,0.7542131356212151
ZAF,ZAF2017HSRC,sexcohab,ZAF_2_DC14,Joe Gqabi DM,27,2017,Y015_019,0.01151575529021139
ZAF,ZAF2017HSRC,sexnonregplus,ZAF_2_DC14,Joe Gqabi DM,27,2017,Y015_019,0.23427110908857351
ZAF,ZAF2017HSRC,nosex12m,ZAF_2_DC14,Joe Gqabi DM,27,2017,Y020_024,0.33121263167555404
ZAF,ZAF2017HSRC,sexcohab,ZAF_2_DC14,Joe Gqabi DM,27,2017,Y020_024,0.07984446562052772
ZAF,ZAF2017HSRC,sexnonregplus,ZAF_2_DC14,Joe Gqabi DM,27,2017,Y020_024,0.5889429027039182
ZAF,ZAF2017HSRC,nosex12m,ZAF_2_DC14,Joe Gqabi DM,27,2017,Y025_029,0.24194333229700732
ZAF,ZAF2017HSRC,sexcohab,ZAF_2_DC14,Joe Gqabi DM,27,2017,Y025_029,0.18310916296628668
ZAF,ZAF2017HSRC,sexnonregplus,ZAF_2_DC14,Joe Gqabi DM,27,2017,Y025_029,0.574947504736706
ZAF,ZAF2017HSRC,nosex12m,ZAF_2_DC14,Joe Gqabi DM,27,2017,Y030_034,0.2408909560655196
ZAF,ZAF2017HSRC,sexcohab,ZAF_2_DC14,Joe Gqabi DM,27,2017,Y030_034,0.2553728708714687
ZAF,ZAF2017HSRC,sexnonregplus,ZAF_2_DC14,Joe Gqabi DM,27,2017,Y030_034,0.5037361730630117
ZAF,ZAF2017HSRC,nosex12m,ZAF_2_DC14,Joe Gqabi DM,27,2017,Y035_039,0.2493502832967447
ZAF,ZAF2017HSRC,sexcohab,ZAF_2_DC14,Joe Gqabi DM,27,2017,Y035_039,0.33006657742143536
ZAF,ZAF2017HSRC,sexnonregplus,ZAF_2_DC14,Joe Gqabi DM,27,2017,Y035_039,0.4205831392818199
ZAF,ZAF2017HSRC,nosex12m,ZAF_2_DC14,Joe Gqabi DM,27,2017,Y040_044,0.3143960064935368
ZAF,ZAF2017HSRC,sexcohab,ZAF_2_DC14,Joe Gqabi DM,27,2017,Y040_044,0.36773071636667937
ZAF,ZAF2017HSRC,sexnonregplus,ZAF_2_DC14,Joe Gqabi DM,27,2017,Y040_044,0.31787327713978386
ZAF,ZAF2017HSRC,nosex12m,ZAF_2_DC14,Joe Gqabi DM,27,2017,Y045_049,0.4217987372971625
ZAF,ZAF2017HSRC,sexcohab,ZAF_2_DC14,Joe Gqabi DM,27,2017,Y045_049,0.3353440297063886
ZAF,ZAF2017HSRC,sexnonregplus,ZAF_2_DC14,Joe Gqabi DM,27,2017,Y045_049,0.2428572329964489
ZAF,ZAF2017HSRC,nosex12m,ZAF_2_DC15,O Tambo DM,28,2017,Y015_019,0.7595390892335274
ZAF,ZAF2017HSRC,sexcohab,ZAF_2_DC15,O Tambo DM,28,2017,Y015_019,0.00724091097511475
ZAF,ZAF2017HSRC,sexnonregplus,ZAF_2_DC15,O Tambo DM,28,2017,Y015_019,0.23321999979135777
ZAF,ZAF2017HSRC,nosex12m,ZAF_2_DC15,O Tambo DM,28,2017,Y020_024,0.3418070638329966
ZAF,ZAF2017HSRC,sexcohab,ZAF_2_DC15,O Tambo DM,28,2017,Y020_024,0.05183493556004286
ZAF,ZAF2017HSRC,sexnonregplus,ZAF_2_DC15,O Tambo DM,28,2017,Y020_024,0.6063580006069605
ZAF,ZAF2017HSRC,nosex12m,ZAF_2_DC15,O Tambo DM,28,2017,Y025_029,0.2597274910567297
ZAF,ZAF2017HSRC,sexcohab,ZAF_2_DC15,O Tambo DM,28,2017,Y025_029,0.12395813543621428
ZAF,ZAF2017HSRC,sexnonregplus,ZAF_2_DC15,O Tambo DM,28,2017,Y025_029,0.616314373507056
ZAF,ZAF2017HSRC,nosex12m,ZAF_2_DC15,O Tambo DM,28,2017,Y030_034,0.2662765980235354
ZAF,ZAF2017HSRC,sexcohab,ZAF_2_DC15,O Tambo DM,28,2017,Y030_034,0.17818084530175848
ZAF,ZAF2017HSRC,sexnonregplus,ZAF_2_DC15,O Tambo DM,28,2017,Y030_034,0.5555425566747061
ZAF,ZAF2017HSRC,nosex12m,ZAF_2_DC15,O Tambo DM,28,2017,Y035_039,0.2843563804652511
ZAF,ZAF2017HSRC,sexcohab,ZAF_2_DC15,O Tambo DM,28,2017,Y035_039,0.23765529643958777
ZAF,ZAF2017HSRC,sexnonregplus,ZAF_2_DC15,O Tambo DM,28,2017,Y035_039,0.4779883230951611
ZAF,ZAF2017HSRC,nosex12m,ZAF_2_DC15,O Tambo DM,28,2017,Y040_044,0.3644664382744018
ZAF,ZAF2017HSRC,sexcohab,ZAF_2_DC15,O Tambo DM,28,2017,Y040_044,0.26905840676338866
ZAF,ZAF2017HSRC,sexnonregplus,ZAF_2_DC15,O Tambo DM,28,2017,Y040_044,0.3664751549622096
ZAF,ZAF2017HSRC,nosex12m,ZAF_2_DC15,O Tambo DM,28,2017,Y045_049,0.4825086641380358
ZAF,ZAF2017HSRC,sexcohab,ZAF_2_DC15,O Tambo DM,28,2017,Y045_049,0.24178729894720916
ZAF,ZAF2017HSRC,sexnonregplus,ZAF_2_DC15,O Tambo DM,28,2017,Y045_049,0.27570403691475504
ZAF,ZAF2017HSRC,nosex12m,ZAF_2_DC44,A Nzo DM,29,2017,Y015_019,0.717825279491969
ZAF,ZAF2017HSRC,sexcohab,ZAF_2_DC44,A Nzo DM,29,2017,Y015_019,0.00762176189563508
ZAF,ZAF2017HSRC,sexnonregplus,ZAF_2_DC44,A Nzo DM,29,2017,Y015_019,0.2745529586123959
ZAF,ZAF2017HSRC,nosex12m,ZAF_2_DC44,A Nzo DM,29,2017,Y020_024,0.2964958154602564
ZAF,ZAF2017HSRC,sexcohab,ZAF_2_DC44,A Nzo DM,29,2017,Y020_024,0.05000916323354504
ZAF,ZAF2017HSRC,sexnonregplus,ZAF_2_DC44,A Nzo DM,29,2017,Y020_024,0.6534950213061985
ZAF,ZAF2017HSRC,nosex12m,ZAF_2_DC44,A Nzo DM,29,2017,Y025_029,0.22329644212943023
ZAF,ZAF2017HSRC,sexcohab,ZAF_2_DC44,A Nzo DM,29,2017,Y025_029,0.11845371051949131
ZAF,ZAF2017HSRC,sexnonregplus,ZAF_2_DC44,A Nzo DM,29,2017,Y025_029,0.6582498473510784
ZAF,ZAF2017HSRC,nosex12m,ZAF_2_DC44,A Nzo DM,29,2017,Y030_034,0.2306374813852625
ZAF,ZAF2017HSRC,sexcohab,ZAF_2_DC44,A Nzo DM,29,2017,Y030_034,0.17147504847098283
ZAF,ZAF2017HSRC,sexnonregplus,ZAF_2_DC44,A Nzo DM,29,2017,Y030_034,0.5978874701437547
ZAF,ZAF2017HSRC,nosex12m,ZAF_2_DC44,A Nzo DM,29,2017,Y035_039,0.2489228023857281
ZAF,ZAF2017HSRC,sexcohab,ZAF_2_DC44,A Nzo DM,29,2017,Y035_039,0.23106627669357585
ZAF,ZAF2017HSRC,sexnonregplus,ZAF_2_DC44,A Nzo DM,29,2017,Y035_039,0.5200109209206961
ZAF,ZAF2017HSRC,nosex12m,ZAF_2_DC44,A Nzo DM,29,2017,Y040_044,0.32568069182238424
ZAF,ZAF2017HSRC,sexcohab,ZAF_2_DC44,A Nzo DM,29,2017,Y040_044,0.26711236332730987
ZAF,ZAF2017HSRC,sexnonregplus,ZAF_2_DC44,A Nzo DM,29,2017,Y040_044,0.4072069448503059
ZAF,ZAF2017HSRC,nosex12m,ZAF_2_DC44,A Nzo DM,29,2017,Y045_049,0.44093136317186254
ZAF,ZAF2017HSRC,sexcohab,ZAF_2_DC44,A Nzo DM,29,2017,Y045_049,0.2455990026791802
ZAF,ZAF2017HSRC,sexnonregplus,ZAF_2_DC44,A Nzo DM,29,2017,Y045_049,0.31346963414895723
ZAF,ZAF2017HSRC,nosex12m,ZAF_2_MAN,Mangaung MM,30,2017,Y015_019,0.7820001156974276
ZAF,ZAF2017HSRC,sexcohab,ZAF_2_MAN,Mangaung MM,30,2017,Y015_019,0.0133731674225252
ZAF,ZAF2017HSRC,sexnonregplus,ZAF_2_MAN,Mangaung MM,30,2017,Y015_019,0.2046267168800473
ZAF,ZAF2017HSRC,nosex12m,ZAF_2_MAN,Mangaung MM,30,2017,Y020_024,0.3595447342471766
ZAF,ZAF2017HSRC,sexcohab,ZAF_2_MAN,Mangaung MM,30,2017,Y020_024,0.09771245961141176
ZAF,ZAF2017HSRC,sexnonregplus,ZAF_2_MAN,Mangaung MM,30,2017,Y020_024,0.5427428061414117
ZAF,ZAF2017HSRC,nosex12m,ZAF_2_MAN,Mangaung MM,30,2017,Y025_029,0.2581874572824758
ZAF,ZAF2017HSRC,sexcohab,ZAF_2_MAN,Mangaung MM,30,2017,Y025_029,0.22055108360773723
ZAF,ZAF2017HSRC,sexnonregplus,ZAF_2_MAN,Mangaung MM,30,2017,Y025_029,0.5212614591097869
ZAF,ZAF2017HSRC,nosex12m,ZAF_2_MAN,Mangaung MM,30,2017,Y030_034,0.25171689015521864
ZAF,ZAF2017HSRC,sexcohab,ZAF_2_MAN,Mangaung MM,30,2017,Y030_034,0.30137639530580823
ZAF,ZAF2017HSRC,sexnonregplus,ZAF_2_MAN,Mangaung MM,30,2017,Y030_034,0.4469067145389731
ZAF,ZAF2017HSRC,nosex12m,ZAF_2_MAN,Mangaung MM,30,2017,Y035_039,0.25472055931482174
ZAF,ZAF2017HSRC,sexcohab,ZAF_2_MAN,Mangaung MM,30,2017,Y035_039,0.38086815655534406
ZAF,ZAF2017HSRC,sexnonregplus,ZAF_2_MAN,Mangaung MM,30,2017,Y035_039,0.3644112841298342
ZAF,ZAF2017HSRC,nosex12m,ZAF_2_MAN,Mangaung MM,30,2017,Y040_044,0.31476628534863976
ZAF,ZAF2017HSRC,sexcohab,ZAF_2_MAN,Mangaung MM,30,2017,Y040_044,0.4157829956523185
ZAF,ZAF2017HSRC,sexnonregplus,ZAF_2_MAN,Mangaung MM,30,2017,Y040_044,0.2694507189990417
ZAF,ZAF2017HSRC,nosex12m,ZAF_2_MAN,Mangaung MM,30,2017,Y045_049,0.41961168292927187
ZAF,ZAF2017HSRC,sexcohab,ZAF_2_MAN,Mangaung MM,30,2017,Y045_049,0.3762495319462868
ZAF,ZAF2017HSRC,sexnonregplus,ZAF_2_MAN,Mangaung MM,30,2017,Y045_049,0.20413878512444128
ZAF,ZAF2017HSRC,nosex12m,ZAF_2_DC16,Xhariep DM,31,2017,Y015_019,0.781674872579345
ZAF,ZAF2017HSRC,sexcohab,ZAF_2_DC16,Xhariep DM,31,2017,Y015_019,0.01534742696592284
ZAF,ZAF2017HSRC,sexnonregplus,ZAF_2_DC16,Xhariep DM,31,2017,Y015_019,0.20297770045473215
ZAF,ZAF2017HSRC,nosex12m,ZAF_2_DC16,Xhariep DM,31,2017,Y020_024,0.35732199472253534
ZAF,ZAF2017HSRC,sexcohab,ZAF_2_DC16,Xhariep DM,31,2017,Y020_024,0.11088008260157822
ZAF,ZAF2017HSRC,sexnonregplus,ZAF_2_DC16,Xhariep DM,31,2017,Y020_024,0.5317979226758864
ZAF,ZAF2017HSRC,nosex12m,ZAF_2_DC16,Xhariep DM,31,2017,Y025_029,0.2523489982930673
ZAF,ZAF2017HSRC,sexcohab,ZAF_2_DC16,Xhariep DM,31,2017,Y025_029,0.24568201661371936
ZAF,ZAF2017HSRC,sexnonregplus,ZAF_2_DC16,Xhariep DM,31,2017,Y025_029,0.5019689850932133
ZAF,ZAF2017HSRC,nosex12m,ZAF_2_DC16,Xhariep DM,31,2017,Y030_034,0.243122365837418
ZAF,ZAF2017HSRC,sexcohab,ZAF_2_DC16,Xhariep DM,31,2017,Y030_034,0.3314248514296654
ZAF,ZAF2017HSRC,sexnonregplus,ZAF_2_DC16,Xhariep DM,31,2017,Y030_034,0.42545278273291665
ZAF,ZAF2017HSRC,nosex12m,ZAF_2_DC16,Xhariep DM,31,2017,Y035_039,0.2431483556694882
ZAF,ZAF2017HSRC,sexcohab,ZAF_2_DC16,Xhariep DM,31,2017,Y035_039,0.4136980025047524
ZAF,ZAF2017HSRC,sexnonregplus,ZAF_2_DC16,Xhariep DM,31,2017,Y035_039,0.3431536418257594
ZAF,ZAF2017HSRC,nosex12m,ZAF_2_DC16,Xhariep DM,31,2017,Y040_044,0.29863158851835675
ZAF,ZAF2017HSRC,sexcohab,ZAF_2_DC16,Xhariep DM,31,2017,Y040_044,0.44891278184321254
ZAF,ZAF2017HSRC,sexnonregplus,ZAF_2_DC16,Xhariep DM,31,2017,Y040_044,0.25245562963843066
ZAF,ZAF2017HSRC,nosex12m,ZAF_2_DC16,Xhariep DM,31,2017,Y045_049,0.3995636780028969
ZAF,ZAF2017HSRC,sexcohab,ZAF_2_DC16,Xhariep DM,31,2017,Y045_049,0.4081562389946925
ZAF,ZAF2017HSRC,sexnonregplus,ZAF_2_DC16,Xhariep DM,31,2017,Y045_049,0.19228008300241065
ZAF,ZAF2017HSRC,nosex12m,ZAF_2_DC18,Lejweleputswa DM,32,2017,Y015_019,0.763661361659814
ZAF,ZAF2017HSRC,sexcohab,ZAF_2_DC18,Lejweleputswa DM,32,2017,Y015_019,0.01443274631350878
ZAF,ZAF2017HSRC,sexnonregplus,ZAF_2_DC18,Lejweleputswa DM,32,2017,Y015_019,0.22190589202667724
ZAF,ZAF2017HSRC,nosex12m,ZAF_2_DC18,Lejweleputswa DM,32,2017,Y020_024,0.3359203247499703
ZAF,ZAF2017HSRC,sexcohab,ZAF_2_DC18,Lejweleputswa DM,32,2017,Y020_024,0.10098210005661232
ZAF,ZAF2017HSRC,sexnonregplus,ZAF_2_DC18,Lejweleputswa DM,32,2017,Y020_024,0.5630975751934174
ZAF,ZAF2017HSRC,nosex12m,ZAF_2_DC18,Lejweleputswa DM,32,2017,Y025_029,0.2388112445614579
ZAF,ZAF2017HSRC,sexcohab,ZAF_2_DC18,Lejweleputswa DM,32,2017,Y025_029,0.22572708304264263
ZAF,ZAF2017HSRC,sexnonregplus,ZAF_2_DC18,Lejweleputswa DM,32,2017,Y025_029,0.5354616723958995
ZAF,ZAF2017HSRC,nosex12m,ZAF_2_DC18,Lejweleputswa DM,32,2017,Y030_034,0.23272260361912175
ZAF,ZAF2017HSRC,sexcohab,ZAF_2_DC18,Lejweleputswa DM,32,2017,Y030_034,0.3084054953601232
ZAF,ZAF2017HSRC,sexnonregplus,ZAF_2_DC18,Lejweleputswa DM,32,2017,Y030_034,0.4588719010207551
ZAF,ZAF2017HSRC,nosex12m,ZAF_2_DC18,Lejweleputswa DM,32,2017,Y035_039,0.23565568888625124
ZAF,ZAF2017HSRC,sexcohab,ZAF_2_DC18,Lejweleputswa DM,32,2017,Y035_039,0.3899813893814072
ZAF,ZAF2017HSRC,sexnonregplus,ZAF_2_DC18,Lejweleputswa DM,32,2017,Y035_039,0.3743629217323416
ZAF,ZAF2017HSRC,nosex12m,ZAF_2_DC18,Lejweleputswa DM,32,2017,Y040_044,0.29304081092827056
ZAF,ZAF2017HSRC,sexcohab,ZAF_2_DC18,Lejweleputswa DM,32,2017,Y040_044,0.4283958288624426
ZAF,ZAF2017HSRC,sexnonregplus,ZAF_2_DC18,Lejweleputswa DM,32,2017,Y040_044,0.2785633602092869
ZAF,ZAF2017HSRC,nosex12m,ZAF_2_DC18,Lejweleputswa DM,32,2017,Y045_049,0.3948760820425915
ZAF,ZAF2017HSRC,sexcohab,ZAF_2_DC18,Lejweleputswa DM,32,2017,Y045_049,0.39180677839536976
ZAF,ZAF2017HSRC,sexnonregplus,ZAF_2_DC18,Lejweleputswa DM,32,2017,Y045_049,0.2133171395620387
ZAF,ZAF2017HSRC,nosex12m,ZAF_2_DC19,T Mofutsanyana DM,33,2017,Y015_019,0.769864708963484
ZAF,ZAF2017HSRC,sexcohab,ZAF_2_DC19,T Mofutsanyana DM,33,2017,Y015_019,0.0107595715867881
ZAF,ZAF2017HSRC,sexnonregplus,ZAF_2_DC19,T Mofutsanyana DM,33,2017,Y015_019,0.2193757194497278
ZAF,ZAF2017HSRC,nosex12m,ZAF_2_DC19,T Mofutsanyana DM,33,2017,Y020_024,0.34879997748532393
ZAF,ZAF2017HSRC,sexcohab,ZAF_2_DC19,T Mofutsanyana DM,33,2017,Y020_024,0.0774887063090212
ZAF,ZAF2017HSRC,sexnonregplus,ZAF_2_DC19,T Mofutsanyana DM,33,2017,Y020_024,0.5737113162056549
ZAF,ZAF2017HSRC,nosex12m,ZAF_2_DC19,T Mofutsanyana DM,33,2017,Y025_029,0.25649272459865086
ZAF,ZAF2017HSRC,sexcohab,ZAF_2_DC19,T Mofutsanyana DM,33,2017,Y025_029,0.1791909774509459
ZAF,ZAF2017HSRC,sexnonregplus,ZAF_2_DC19,T Mofutsanyana DM,33,2017,Y025_029,0.5643162979504033
ZAF,ZAF2017HSRC,nosex12m,ZAF_2_DC19,T Mofutsanyana DM,33,2017,Y030_034,0.2554820653835878
ZAF,ZAF2017HSRC,sexcohab,ZAF_2_DC19,T Mofutsanyana DM,33,2017,Y030_034,0.2502990026680409
ZAF,ZAF2017HSRC,sexnonregplus,ZAF_2_DC19,T Mofutsanyana DM,33,2017,Y030_034,0.4942189319483713
ZAF,ZAF2017HSRC,nosex12m,ZAF_2_DC19,T Mofutsanyana DM,33,2017,Y035_039,0.26439047928262804
ZAF,ZAF2017HSRC,sexcohab,ZAF_2_DC19,T Mofutsanyana DM,33,2017,Y035_039,0.32354439410237734
ZAF,ZAF2017HSRC,sexnonregplus,ZAF_2_DC19,T Mofutsanyana DM,33,2017,Y035_039,0.4120651266149946
ZAF,ZAF2017HSRC,nosex12m,ZAF_2_DC19,T Mofutsanyana DM,33,2017,Y040_044,0.33184070549350253
ZAF,ZAF2017HSRC,sexcohab,ZAF_2_DC19,T Mofutsanyana DM,33,2017,Y040_044,0.3587499990989205
ZAF,ZAF2017HSRC,sexnonregplus,ZAF_2_DC19,T Mofutsanyana DM,33,2017,Y040_044,0.30940929540757695
ZAF,ZAF2017HSRC,nosex12m,ZAF_2_DC19,T Mofutsanyana DM,33,2017,Y045_049,0.4417567152112995
ZAF,ZAF2017HSRC,sexcohab,ZAF_2_DC19,T Mofutsanyana DM,33,2017,Y045_049,0.32415619968474857
ZAF,ZAF2017HSRC,sexnonregplus,ZAF_2_DC19,T Mofutsanyana DM,33,2017,Y045_049,0.2340870851039519
ZAF,ZAF2017HSRC,nosex12m,ZAF_2_DC20,Fezile Dabi DM,34,2017,Y015_019,0.753995090564084
ZAF,ZAF2017HSRC,sexcohab,ZAF_2_DC20,Fezile Dabi DM,34,2017,Y015_019,0.01369240735025656
ZAF,ZAF2017HSRC,sexnonregplus,ZAF_2_DC20,Fezile Dabi DM,34,2017,Y015_019,0.23231250208565948
ZAF,ZAF2017HSRC,nosex12m,ZAF_2_DC20,Fezile Dabi DM,34,2017,Y020_024,0.32685591005508013
ZAF,ZAF2017HSRC,sexcohab,ZAF_2_DC20,Fezile Dabi DM,34,2017,Y020_024,0.09409447091483092
ZAF,ZAF2017HSRC,sexnonregplus,ZAF_2_DC20,Fezile Dabi DM,34,2017,Y020_024,0.5790496190300889
ZAF,ZAF2017HSRC,nosex12m,ZAF_2_DC20,Fezile Dabi DM,34,2017,Y025_029,0.23403030383817441
ZAF,ZAF2017HSRC,sexcohab,ZAF_2_DC20,Fezile Dabi DM,34,2017,Y025_029,0.21164357208732804
ZAF,ZAF2017HSRC,sexnonregplus,ZAF_2_DC20,Fezile Dabi DM,34,2017,Y025_029,0.5543261240744976
ZAF,ZAF2017HSRC,nosex12m,ZAF_2_DC20,Fezile Dabi DM,34,2017,Y030_034,0.2298171705391082
ZAF,ZAF2017HSRC,sexcohab,ZAF_2_DC20,Fezile Dabi DM,34,2017,Y030_034,0.29129700310168266
ZAF,ZAF2017HSRC,sexnonregplus,ZAF_2_DC20,Fezile Dabi DM,34,2017,Y030_034,0.4788858263592091
ZAF,ZAF2017HSRC,nosex12m,ZAF_2_DC20,Fezile Dabi DM,34,2017,Y035_039,0.2346435533370421
ZAF,ZAF2017HSRC,sexcohab,ZAF_2_DC20,Fezile Dabi DM,34,2017,Y035_039,0.3712902493902088
ZAF,ZAF2017HSRC,sexnonregplus,ZAF_2_DC20,Fezile Dabi DM,34,2017,Y035_039,0.3940661972727491
ZAF,ZAF2017HSRC,nosex12m,ZAF_2_DC20,Fezile Dabi DM,34,2017,Y040_044,0.2938026793055177
ZAF,ZAF2017HSRC,sexcohab,ZAF_2_DC20,Fezile Dabi DM,34,2017,Y040_044,0.4107199837405371
ZAF,ZAF2017HSRC,sexnonregplus,ZAF_2_DC20,Fezile Dabi DM,34,2017,Y040_044,0.29547733695394524
ZAF,ZAF2017HSRC,nosex12m,ZAF_2_DC20,Fezile Dabi DM,34,2017,Y045_049,0.3965690420752134
ZAF,ZAF2017HSRC,sexcohab,ZAF_2_DC20,Fezile Dabi DM,34,2017,Y045_049,0.37655958368255826
ZAF,ZAF2017HSRC,sexnonregplus,ZAF_2_DC20,Fezile Dabi DM,34,2017,Y045_049,0.22687137424222836
ZAF,ZAF2017HSRC,nosex12m,ZAF_2_ETH,eThekwini MM,35,2017,Y015_019,0.78835036717377
ZAF,ZAF2017HSRC,sexcohab,ZAF_2_ETH,eThekwini MM,35,2017,Y015_019,0.00868221950395078
ZAF,ZAF2017HSRC,sexnonregplus,ZAF_2_ETH,eThekwini MM,35,2017,Y015_019,0.20296741332227916
ZAF,ZAF2017HSRC,nosex12m,ZAF_2_ETH,eThekwini MM,35,2017,Y020_024,0.3753249427245383
ZAF,ZAF2017HSRC,sexcohab,ZAF_2_ETH,eThekwini MM,35,2017,Y020_024,0.06579528717026058
ZAF,ZAF2017HSRC,sexnonregplus,ZAF_2_ETH,eThekwini MM,35,2017,Y020_024,0.5588797701052011
ZAF,ZAF2017HSRC,nosex12m,ZAF_2_ETH,eThekwini MM,35,2017,Y025_029,0.28216016498663055
ZAF,ZAF2017HSRC,sexcohab,ZAF_2_ETH,eThekwini MM,35,2017,Y025_029,0.15570159590752936
ZAF,ZAF2017HSRC,sexnonregplus,ZAF_2_ETH,eThekwini MM,35,2017,Y025_029,0.56213823910584
ZAF,ZAF2017HSRC,nosex12m,ZAF_2_ETH,eThekwini MM,35,2017,Y030_034,0.2836534626240023
ZAF,ZAF2017HSRC,sexcohab,ZAF_2_ETH,eThekwini MM,35,2017,Y030_034,0.21952038184527317
ZAF,ZAF2017HSRC,sexnonregplus,ZAF_2_ETH,eThekwini MM,35,2017,Y030_034,0.4968261555307245
ZAF,ZAF2017HSRC,nosex12m,ZAF_2_ETH,eThekwini MM,35,2017,Y035_039,0.2960272007252275
ZAF,ZAF2017HSRC,sexcohab,ZAF_2_ETH,eThekwini MM,35,2017,Y035_039,0.2862769996944009
ZAF,ZAF2017HSRC,sexnonregplus,ZAF_2_ETH,eThekwini MM,35,2017,Y035_039,0.4176957995803716
ZAF,ZAF2017HSRC,nosex12m,ZAF_2_ETH,eThekwini MM,35,2017,Y040_044,0.37062998803877506
ZAF,ZAF2017HSRC,sexcohab,ZAF_2_ETH,eThekwini MM,35,2017,Y040_044,0.31659967228452174
ZAF,ZAF2017HSRC,sexnonregplus,ZAF_2_ETH,eThekwini MM,35,2017,Y040_044,0.3127703396767032
ZAF,ZAF2017HSRC,nosex12m,ZAF_2_ETH,eThekwini MM,35,2017,Y045_049,0.48570962102720816
ZAF,ZAF2017HSRC,sexcohab,ZAF_2_ETH,eThekwini MM,35,2017,Y045_049,0.28147477845472124
ZAF,ZAF2017HSRC,sexnonregplus,ZAF_2_ETH,eThekwini MM,35,2017,Y045_049,0.23281560051807065
ZAF,ZAF2017HSRC,nosex12m,ZAF_2_DC21,Ugu DM,36,2017,Y015_019,0.7811975026257099
ZAF,ZAF2017HSRC,sexcohab,ZAF_2_DC21,Ugu DM,36,2017,Y015_019,0.00656028533013213
ZAF,ZAF2017HSRC,sexnonregplus,ZAF_2_DC21,Ugu DM,36,2017,Y015_019,0.21224221204415805
ZAF,ZAF2017HSRC,nosex12m,ZAF_2_DC21,Ugu DM,36,2017,Y020_024,0.3700145401180841
ZAF,ZAF2017HSRC,sexcohab,ZAF_2_DC21,Ugu DM,36,2017,Y020_024,0.04943283671224546
ZAF,ZAF2017HSRC,sexnonregplus,ZAF_2_DC21,Ugu DM,36,2017,Y020_024,0.5805526231696704
ZAF,ZAF2017HSRC,nosex12m,ZAF_2_DC21,Ugu DM,36,2017,Y025_029,0.2841835984246008
ZAF,ZAF2017HSRC,sexcohab,ZAF_2_DC21,Ugu DM,36,2017,Y025_029,0.1194047631099955
ZAF,ZAF2017HSRC,sexnonregplus,ZAF_2_DC21,Ugu DM,36,2017,Y025_029,0.5964116384654037
ZAF,ZAF2017HSRC,nosex12m,ZAF_2_DC21,Ugu DM,36,2017,Y030_034,0.29118556789585437
ZAF,ZAF2017HSRC,sexcohab,ZAF_2_DC21,Ugu DM,36,2017,Y030_034,0.17148920036358442
ZAF,ZAF2017HSRC,sexnonregplus,ZAF_2_DC21,Ugu DM,36,2017,Y030_034,0.5373252317405612
ZAF,ZAF2017HSRC,nosex12m,ZAF_2_DC21,Ugu DM,36,2017,Y035_039,0.31029934397950576
ZAF,ZAF2017HSRC,sexcohab,ZAF_2_DC21,Ugu DM,36,2017,Y035_039,0.22832950915940223
ZAF,ZAF2017HSRC,sexnonregplus,ZAF_2_DC21,Ugu DM,36,2017,Y035_039,0.461371146861092
ZAF,ZAF2017HSRC,nosex12m,ZAF_2_DC21,Ugu DM,36,2017,Y040_044,0.3937834197005593
ZAF,ZAF2017HSRC,sexcohab,ZAF_2_DC21,Ugu DM,36,2017,Y040_044,0.2559368555062274
ZAF,ZAF2017HSRC,sexnonregplus,ZAF_2_DC21,Ugu DM,36,2017,Y040_044,0.35027972479321334
ZAF,ZAF2017HSRC,nosex12m,ZAF_2_DC21,Ugu DM,36,2017,Y045_049,0.5136965887653088
ZAF,ZAF2017HSRC,sexcohab,ZAF_2_DC21,Ugu DM,36,2017,Y045_049,0.22662653105528296
ZAF,ZAF2017HSRC,sexnonregplus,ZAF_2_DC21,Ugu DM,36,2017,Y045_049,0.25967688017940826
ZAF,ZAF2017HSRC,nosex12m,ZAF_2_DC22,uMgungundlovu DM,37,2017,Y015_019,0.8072522046791771
ZAF,ZAF2017HSRC,sexcohab,ZAF_2_DC22,uMgungundlovu DM,37,2017,Y015_019,0.00687221295506861
ZAF,ZAF2017HSRC,sexnonregplus,ZAF_2_DC22,uMgungundlovu DM,37,2017,Y015_019,0.18587558236575424
ZAF,ZAF2017HSRC,nosex12m,ZAF_2_DC22,uMgungundlovu DM,37,2017,Y020_024,0.405510065595764
ZAF,ZAF2017HSRC,sexcohab,ZAF_2_DC22,uMgungundlovu DM,37,2017,Y020_024,0.05492043710408882
ZAF,ZAF2017HSRC,sexnonregplus,ZAF_2_DC22,uMgungundlovu DM,37,2017,Y020_024,0.5395694973001471
ZAF,ZAF2017HSRC,nosex12m,ZAF_2_DC22,uMgungundlovu DM,37,2017,Y025_029,0.3119009744435366
ZAF,ZAF2017HSRC,sexcohab,ZAF_2_DC22,uMgungundlovu DM,37,2017,Y025_029,0.13292938463273055
ZAF,ZAF2017HSRC,sexnonregplus,ZAF_2_DC22,uMgungundlovu DM,37,2017,Y025_029,0.5551696409237329
ZAF,ZAF2017HSRC,nosex12m,ZAF_2_DC22,uMgungundlovu DM,37,2017,Y030_034,0.31621122798541157
ZAF,ZAF2017HSRC,sexcohab,ZAF_2_DC22,uMgungundlovu DM,37,2017,Y030_034,0.18891176629162176
ZAF,ZAF2017HSRC,sexnonregplus,ZAF_2_DC22,uMgungundlovu DM,37,2017,Y030_034,0.4948770057229667
ZAF,ZAF2017HSRC,nosex12m,ZAF_2_DC22,uMgungundlovu DM,37,2017,Y035_039,0.3325203663012725
ZAF,ZAF2017HSRC,sexcohab,ZAF_2_DC22,uMgungundlovu DM,37,2017,Y035_039,0.2481934042492606
ZAF,ZAF2017HSRC,sexnonregplus,ZAF_2_DC22,uMgungundlovu DM,37,2017,Y035_039,0.4192862294494669
ZAF,ZAF2017HSRC,nosex12m,ZAF_2_DC22,uMgungundlovu DM,37,2017,Y040_044,0.4142922159378984
ZAF,ZAF2017HSRC,sexcohab,ZAF_2_DC22,uMgungundlovu DM,37,2017,Y040_044,0.27319909748880217
ZAF,ZAF2017HSRC,sexnonregplus,ZAF_2_DC22,uMgungundlovu DM,37,2017,Y040_044,0.31250868657329944
ZAF,ZAF2017HSRC,nosex12m,ZAF_2_DC22,uMgungundlovu DM,37,2017,Y045_049,0.5330126145409978
ZAF,ZAF2017HSRC,sexcohab,ZAF_2_DC22,uMgungundlovu DM,37,2017,Y045_049,0.23855516800897347
ZAF,ZAF2017HSRC,sexnonregplus,ZAF_2_DC22,uMgungundlovu DM,37,2017,Y045_049,0.2284322174500287
ZAF,ZAF2017HSRC,nosex12m,ZAF_2_DC23,Uthukela DM,38,2017,Y015_019,0.7841834716269748
ZAF,ZAF2017HSRC,sexcohab,ZAF_2_DC23,Uthukela DM,38,2017,Y015_019,0.00858368579387313
ZAF,ZAF2017HSRC,sexnonregplus,ZAF_2_DC23,Uthukela DM,38,2017,Y015_019,0.2072328425791521
ZAF,ZAF2017HSRC,nosex12m,ZAF_2_DC23,Uthukela DM,38,2017,Y020_024,0.3702837850014232
ZAF,ZAF2017HSRC,sexcohab,ZAF_2_DC23,Uthukela DM,38,2017,Y020_024,0.0645012149890139
ZAF,ZAF2017HSRC,sexnonregplus,ZAF_2_DC23,Uthukela DM,38,2017,Y020_024,0.5652150000095629
ZAF,ZAF2017HSRC,nosex12m,ZAF_2_DC23,Uthukela DM,38,2017,Y025_029,0.2785548254490191
ZAF,ZAF2017HSRC,sexcohab,ZAF_2_DC23,Uthukela DM,38,2017,Y025_029,0.1526558829463691
ZAF,ZAF2017HSRC,sexnonregplus,ZAF_2_DC23,Uthukela DM,38,2017,Y025_029,0.5687892916046119
ZAF,ZAF2017HSRC,nosex12m,ZAF_2_DC23,Uthukela DM,38,2017,Y030_034,0.280601054309433
ZAF,ZAF2017HSRC,sexcohab,ZAF_2_DC23,Uthukela DM,38,2017,Y030_034,0.21560840829832045
ZAF,ZAF2017HSRC,sexnonregplus,ZAF_2_DC23,Uthukela DM,38,2017,Y030_034,0.5037905373922466
ZAF,ZAF2017HSRC,nosex12m,ZAF_2_DC23,Uthukela DM,38,2017,Y035_039,0.29356394403655683
ZAF,ZAF2017HSRC,sexcohab,ZAF_2_DC23,Uthukela DM,38,2017,Y035_039,0.28173778164932894
ZAF,ZAF2017HSRC,sexnonregplus,ZAF_2_DC23,Uthukela DM,38,2017,Y035_039,0.42469827431411417
ZAF,ZAF2017HSRC,nosex12m,ZAF_2_DC23,Uthukela DM,38,2017,Y040_044,0.36858931801244377
ZAF,ZAF2017HSRC,sexcohab,ZAF_2_DC23,Uthukela DM,38,2017,Y040_044,0.3124451355185767
ZAF,ZAF2017HSRC,sexnonregplus,ZAF_2_DC23,Uthukela DM,38,2017,Y040_044,0.3189655464689795
ZAF,ZAF2017HSRC,nosex12m,ZAF_2_DC23,Uthukela DM,38,2017,Y045_049,0.4837806047234321
ZAF,ZAF2017HSRC,sexcohab,ZAF_2_DC23,Uthukela DM,38,2017,Y045_049,0.2783314441023432
ZAF,ZAF2017HSRC,sexnonregplus,ZAF_2_DC23,Uthukela DM,38,2017,Y045_049,0.2378879511742247
ZAF,ZAF2017HSRC,nosex12m,ZAF_2_DC24,Umzinyathi DM,39,2017,Y015_019,0.7858130353990168
ZAF,ZAF2017HSRC,sexcohab,ZAF_2_DC24,Umzinyathi DM,39,2017,Y015_019,0.00551878146927267
ZAF,ZAF2017HSRC,sexnonregplus,ZAF_2_DC24,Umzinyathi DM,39,2017,Y015_019,0.20866818313171057
ZAF,ZAF2017HSRC,nosex12m,ZAF_2_DC24,Umzinyathi DM,39,2017,Y020_024,0.3781097059171139
ZAF,ZAF2017HSRC,sexcohab,ZAF_2_DC24,Umzinyathi DM,39,2017,Y020_024,0.04221451159557442
ZAF,ZAF2017HSRC,sexnonregplus,ZAF_2_DC24,Umzinyathi DM,39,2017,Y020_024,0.5796757824873117
ZAF,ZAF2017HSRC,nosex12m,ZAF_2_DC24,Umzinyathi DM,39,2017,Y025_029,0.293966807391778
ZAF,ZAF2017HSRC,sexcohab,ZAF_2_DC24,Umzinyathi DM,39,2017,Y025_029,0.10325244543024484
ZAF,ZAF2017HSRC,sexnonregplus,ZAF_2_DC24,Umzinyathi DM,39,2017,Y025_029,0.6027807471779771
ZAF,ZAF2017HSRC,nosex12m,ZAF_2_DC24,Umzinyathi DM,39,2017,Y030_034,0.30342343360401797
ZAF,ZAF2017HSRC,sexcohab,ZAF_2_DC24,Umzinyathi DM,39,2017,Y030_034,0.1494474403034787
ZAF,ZAF2017HSRC,sexnonregplus,ZAF_2_DC24,Umzinyathi DM,39,2017,Y030_034,0.5471291260925033
ZAF,ZAF2017HSRC,nosex12m,ZAF_2_DC24,Umzinyathi DM,39,2017,Y035_039,0.3259214279890164
ZAF,ZAF2017HSRC,sexcohab,ZAF_2_DC24,Umzinyathi DM,39,2017,Y035_039,0.20052574894789923
ZAF,ZAF2017HSRC,sexnonregplus,ZAF_2_DC24,Umzinyathi DM,39,2017,Y035_039,0.4735528230630843
ZAF,ZAF2017HSRC,nosex12m,ZAF_2_DC24,Umzinyathi DM,39,2017,Y040_044,0.4144773650408372
ZAF,ZAF2017HSRC,sexcohab,ZAF_2_DC24,Umzinyathi DM,39,2017,Y040_044,0.2252285308296872
ZAF,ZAF2017HSRC,sexnonregplus,ZAF_2_DC24,Umzinyathi DM,39,2017,Y040_044,0.36029410412947555
ZAF,ZAF2017HSRC,nosex12m,ZAF_2_DC24,Umzinyathi DM,39,2017,Y045_049,0.5367341860052846
ZAF,ZAF2017HSRC,sexcohab,ZAF_2_DC24,Umzinyathi DM,39,2017,Y045_049,0.1980457556081944
ZAF,ZAF2017HSRC,sexnonregplus,ZAF_2_DC24,Umzinyathi DM,39,2017,Y045_049,0.265220058386521
ZAF,ZAF2017HSRC,nosex12m,ZAF_2_DC25,Amajuba DM,40,2017,Y015_019,0.7718265526228408
ZAF,ZAF2017HSRC,sexcohab,ZAF_2_DC25,Amajuba DM,40,2017,Y015_019,0.005832885697421
ZAF,ZAF2017HSRC,sexnonregplus,ZAF_2_DC25,Amajuba DM,40,2017,Y015_019,0.22234056167973815
ZAF,ZAF2017HSRC,nosex12m,ZAF_2_DC25,Amajuba DM,40,2017,Y020_024,0.3599262434827441
ZAF,ZAF2017HSRC,sexcohab,ZAF_2_DC25,Amajuba DM,40,2017,Y020_024,0.04317838358749189
ZAF,ZAF2017HSRC,sexnonregplus,ZAF_2_DC25,Amajuba DM,40,2017,Y020_024,0.596895372929764
ZAF,ZAF2017HSRC,nosex12m,ZAF_2_DC25,Amajuba DM,40,2017,Y025_029,0.2782539225544201
ZAF,ZAF2017HSRC,sexcohab,ZAF_2_DC25,Amajuba DM,40,2017,Y025_029,0.10486906523806168
ZAF,ZAF2017HSRC,sexnonregplus,ZAF_2_DC25,Amajuba DM,40,2017,Y025_029,0.6168770122075182
ZAF,ZAF2017HSRC,nosex12m,ZAF_2_DC25,Amajuba DM,40,2017,Y030_034,0.2875100567359782
ZAF,ZAF2017HSRC,sexcohab,ZAF_2_DC25,Amajuba DM,40,2017,Y030_034,0.15193199497801074
ZAF,ZAF2017HSRC,sexnonregplus,ZAF_2_DC25,Amajuba DM,40,2017,Y030_034,0.5605579482860111
ZAF,ZAF2017HSRC,nosex12m,ZAF_2_DC25,Amajuba DM,40,2017,Y035_039,0.3094360597270289
ZAF,ZAF2017HSRC,sexcohab,ZAF_2_DC25,Amajuba DM,40,2017,Y035_039,0.2042472032041255
ZAF,ZAF2017HSRC,sexnonregplus,ZAF_2_DC25,Amajuba DM,40,2017,Y035_039,0.48631673706884554
ZAF,ZAF2017HSRC,nosex12m,ZAF_2_DC25,Amajuba DM,40,2017,Y040_044,0.39616889603527
ZAF,ZAF2017HSRC,sexcohab,ZAF_2_DC25,Amajuba DM,40,2017,Y040_044,0.2310371202668927
ZAF,ZAF2017HSRC,sexnonregplus,ZAF_2_DC25,Amajuba DM,40,2017,Y040_044,0.37279398369783734
ZAF,ZAF2017HSRC,nosex12m,ZAF_2_DC25,Amajuba DM,40,2017,Y045_049,0.5177329373191495
ZAF,ZAF2017HSRC,sexcohab,ZAF_2_DC25,Amajuba DM,40,2017,Y045_049,0.20512215805800071
ZAF,ZAF2017HSRC,sexnonregplus,ZAF_2_DC25,Amajuba DM,40,2017,Y045_049,0.2771449046228498
ZAF,ZAF2017HSRC,nosex12m,ZAF_2_DC26,Zululand DM,41,2017,Y015_019,0.759495058911401
ZAF,ZAF2017HSRC,sexcohab,ZAF_2_DC26,Zululand DM,41,2017,Y015_019,0.00566252298434195
ZAF,ZAF2017HSRC,sexnonregplus,ZAF_2_DC26,Zululand DM,41,2017,Y015_019,0.23484241810425704
ZAF,ZAF2017HSRC,nosex12m,ZAF_2_DC26,Zululand DM,41,2017,Y020_024,0.34465774092819856
ZAF,ZAF2017HSRC,sexcohab,ZAF_2_DC26,Zululand DM,41,2017,Y020_024,0.0408394331563045
ZAF,ZAF2017HSRC,sexnonregplus,ZAF_2_DC26,Zululand DM,41,2017,Y020_024,0.6145028259154969
ZAF,ZAF2017HSRC,nosex12m,ZAF_2_DC26,Zululand DM,41,2017,Y025_029,0.26613609806173216
ZAF,ZAF2017HSRC,sexcohab,ZAF_2_DC26,Zululand DM,41,2017,Y025_029,0.0992074299434748
ZAF,ZAF2017HSRC,sexnonregplus,ZAF_2_DC26,Zululand DM,41,2017,Y025_029,0.634656471994793
ZAF,ZAF2017HSRC,nosex12m,ZAF_2_DC26,Zululand DM,41,2017,Y030_034,0.2762858928412994
ZAF,ZAF2017HSRC,sexcohab,ZAF_2_DC26,Zululand DM,41,2017,Y030_034,0.14438641010415526
ZAF,ZAF2017HSRC,sexnonregplus,ZAF_2_DC26,Zululand DM,41,2017,Y030_034,0.5793276970545453
ZAF,ZAF2017HSRC,nosex12m,ZAF_2_DC26,Zululand DM,41,2017,Y035_039,0.2991989277663941
ZAF,ZAF2017HSRC,sexcohab,ZAF_2_DC26,Zululand DM,41,2017,Y035_039,0.195292617977663
ZAF,ZAF2017HSRC,sexnonregplus,ZAF_2_DC26,Zululand DM,41,2017,Y035_039,0.5055084542559428
ZAF,ZAF2017HSRC,nosex12m,ZAF_2_DC26,Zululand DM,41,2017,Y040_044,0.386358932035008
ZAF,ZAF2017HSRC,sexcohab,ZAF_2_DC26,Zululand DM,41,2017,Y040_044,0.2228648343000544
ZAF,ZAF2017HSRC,sexnonregplus,ZAF_2_DC26,Zululand DM,41,2017,Y040_044,0.3907762336649376
ZAF,ZAF2017HSRC,nosex12m,ZAF_2_DC26,Zululand DM,41,2017,Y045_049,0.5084810071774918
ZAF,ZAF2017HSRC,sexcohab,ZAF_2_DC26,Zululand DM,41,2017,Y045_049,0.19917063255411888
ZAF,ZAF2017HSRC,sexnonregplus,ZAF_2_DC26,Zululand DM,41,2017,Y045_049,0.29234836026838934
ZAF,ZAF2017HSRC,nosex12m,ZAF_2_DC27,Umkhanyakude DM,42,2017,Y015_019,0.8017302231870432
ZAF,ZAF2017HSRC,sexcohab,ZAF_2_DC27,Umkhanyakude DM,42,2017,Y015_019,0.00585176794433134
ZAF,ZAF2017HSRC,sexnonregplus,ZAF_2_DC27,Umkhanyakude DM,42,2017,Y015_019,0.19241800886862545
ZAF,ZAF2017HSRC,nosex12m,ZAF_2_DC27,Umkhanyakude DM,42,2017,Y020_024,0.4000653352545893
ZAF,ZAF2017HSRC,sexcohab,ZAF_2_DC27,Umkhanyakude DM,42,2017,Y020_024,0.04637741382898722
ZAF,ZAF2017HSRC,sexnonregplus,ZAF_2_DC27,Umkhanyakude DM,42,2017,Y020_024,0.5535572509164235
ZAF,ZAF2017HSRC,nosex12m,ZAF_2_DC27,Umkhanyakude DM,42,2017,Y025_029,0.3110429255761606
ZAF,ZAF2017HSRC,sexcohab,ZAF_2_DC27,Umkhanyakude DM,42,2017,Y025_029,0.11342189909097895
ZAF,ZAF2017HSRC,sexnonregplus,ZAF_2_DC27,Umkhanyakude DM,42,2017,Y025_029,0.5755351753328605
ZAF,ZAF2017HSRC,nosex12m,ZAF_2_DC27,Umkhanyakude DM,42,2017,Y030_034,0.3186511964928182
ZAF,ZAF2017HSRC,sexcohab,ZAF_2_DC27,Umkhanyakude DM,42,2017,Y030_034,0.16288609131054949
ZAF,ZAF2017HSRC,sexnonregplus,ZAF_2_DC27,Umkhanyakude DM,42,2017,Y030_034,0.5184627121966323
ZAF,ZAF2017HSRC,nosex12m,ZAF_2_DC27,Umkhanyakude DM,42,2017,Y035_039,0.33900813889992604
ZAF,ZAF2017HSRC,sexcohab,ZAF_2_DC27,Umkhanyakude DM,42,2017,Y035_039,0.21642370797461
ZAF,ZAF2017HSRC,sexnonregplus,ZAF_2_DC27,Umkhanyakude DM,42,2017,Y035_039,0.444568153125464
ZAF,ZAF2017HSRC,nosex12m,ZAF_2_DC27,Umkhanyakude DM,42,2017,Y040_044,0.4257167490357988
ZAF,ZAF2017HSRC,sexcohab,ZAF_2_DC27,Umkhanyakude DM,42,2017,Y040_044,0.24011773361602037
ZAF,ZAF2017HSRC,sexnonregplus,ZAF_2_DC27,Umkhanyakude DM,42,2017,Y040_044,0.33416551734818084
ZAF,ZAF2017HSRC,nosex12m,ZAF_2_DC27,Umkhanyakude DM,42,2017,Y045_049,0.5466654798398677
ZAF,ZAF2017HSRC,sexcohab,ZAF_2_DC27,Umkhanyakude DM,42,2017,Y045_049,0.20936679926547863
ZAF,ZAF2017HSRC,sexnonregplus,ZAF_2_DC27,Umkhanyakude DM,42,2017,Y045_049,0.24396772089465368
ZAF,ZAF2017HSRC,nosex12m,ZAF_2_DC28,King Cetshwayo DM,43,2017,Y015_019,0.7764132888009149
ZAF,ZAF2017HSRC,sexcohab,ZAF_2_DC28,King Cetshwayo DM,43,2017,Y015_019,0.00495714705074931
ZAF,ZAF2017HSRC,sexnonregplus,ZAF_2_DC28,King Cetshwayo DM,43,2017,Y015_019,0.2186295641483358
ZAF,ZAF2017HSRC,nosex12m,ZAF_2_DC28,King Cetshwayo DM,43,2017,Y020_024,0.3663140257569244
ZAF,ZAF2017HSRC,sexcohab,ZAF_2_DC28,King Cetshwayo DM,43,2017,Y020_024,0.03719981608405287
ZAF,ZAF2017HSRC,sexnonregplus,ZAF_2_DC28,King Cetshwayo DM,43,2017,Y020_024,0.5964861581590227
ZAF,ZAF2017HSRC,nosex12m,ZAF_2_DC28,King Cetshwayo DM,43,2017,Y025_029,0.2858671433360839
ZAF,ZAF2017HSRC,sexcohab,ZAF_2_DC28,King Cetshwayo DM,43,2017,Y025_029,0.09137102590217736
ZAF,ZAF2017HSRC,sexnonregplus,ZAF_2_DC28,King Cetshwayo DM,43,2017,Y025_029,0.6227618307617387
ZAF,ZAF2017HSRC,nosex12m,ZAF_2_DC28,King Cetshwayo DM,43,2017,Y030_034,0.29731671061088855
ZAF,ZAF2017HSRC,sexcohab,ZAF_2_DC28,King Cetshwayo DM,43,2017,Y030_034,0.1332815520240194
ZAF,ZAF2017HSRC,sexnonregplus,ZAF_2_DC28,King Cetshwayo DM,43,2017,Y030_034,0.569401737365092
ZAF,ZAF2017HSRC,nosex12m,ZAF_2_DC28,King Cetshwayo DM,43,2017,Y035_039,0.3222686753813536
ZAF,ZAF2017HSRC,sexcohab,ZAF_2_DC28,King Cetshwayo DM,43,2017,Y035_039,0.18047284084373677
ZAF,ZAF2017HSRC,sexnonregplus,ZAF_2_DC28,King Cetshwayo DM,43,2017,Y035_039,0.4972584837749096
ZAF,ZAF2017HSRC,nosex12m,ZAF_2_DC28,King Cetshwayo DM,43,2017,Y040_044,0.4136338885342762
ZAF,ZAF2017HSRC,sexcohab,ZAF_2_DC28,King Cetshwayo DM,43,2017,Y040_044,0.20462370834952265
ZAF,ZAF2017HSRC,sexnonregplus,ZAF_2_DC28,King Cetshwayo DM,43,2017,Y040_044,0.3817424031162012
ZAF,ZAF2017HSRC,nosex12m,ZAF_2_DC28,King Cetshwayo DM,43,2017,Y045_049,0.5376247821483857
ZAF,ZAF2017HSRC,sexcohab,ZAF_2_DC28,King Cetshwayo DM,43,2017,Y045_049,0.18048849561789496
ZAF,ZAF2017HSRC,sexnonregplus,ZAF_2_DC28,King Cetshwayo DM,43,2017,Y045_049,0.2818867222337193
ZAF,ZAF2017HSRC,nosex12m,ZAF_2_DC29,iLembe DM,44,2017,Y015_019,0.7704279130324151
ZAF,ZAF2017HSRC,sexcohab,ZAF_2_DC29,iLembe DM,44,2017,Y015_019,0.00638377320327097
ZAF,ZAF2017HSRC,sexnonregplus,ZAF_2_DC29,iLembe DM,44,2017,Y015_019,0.223188313764314
ZAF,ZAF2017HSRC,nosex12m,ZAF_2_DC29,iLembe DM,44,2017,Y020_024,0.35664690832922147
ZAF,ZAF2017HSRC,sexcohab,ZAF_2_DC29,iLembe DM,44,2017,Y020_024,0.04702962571613965
ZAF,ZAF2017HSRC,sexnonregplus,ZAF_2_DC29,iLembe DM,44,2017,Y020_024,0.5963234659546389
ZAF,ZAF2017HSRC,nosex12m,ZAF_2_DC29,iLembe DM,44,2017,Y025_029,0.2738830945132105
ZAF,ZAF2017HSRC,sexcohab,ZAF_2_DC29,iLembe DM,44,2017,Y025_029,0.11359558657283209
ZAF,ZAF2017HSRC,sexnonregplus,ZAF_2_DC29,iLembe DM,44,2017,Y025_029,0.6125213189139574
ZAF,ZAF2017HSRC,nosex12m,ZAF_2_DC29,iLembe DM,44,2017,Y030_034,0.2818714763632018
ZAF,ZAF2017HSRC,sexcohab,ZAF_2_DC29,iLembe DM,44,2017,Y030_034,0.1638683473423081
ZAF,ZAF2017HSRC,sexnonregplus,ZAF_2_DC29,iLembe DM,44,2017,Y030_034,0.5542601762944901
ZAF,ZAF2017HSRC,nosex12m,ZAF_2_DC29,iLembe DM,44,2017,Y035_039,0.302049823140297
ZAF,ZAF2017HSRC,sexcohab,ZAF_2_DC29,iLembe DM,44,2017,Y035_039,0.2193502920662473
ZAF,ZAF2017HSRC,sexnonregplus,ZAF_2_DC29,iLembe DM,44,2017,Y035_039,0.4785998847934558
ZAF,ZAF2017HSRC,nosex12m,ZAF_2_DC29,iLembe DM,44,2017,Y040_044,0.3861649766189591
ZAF,ZAF2017HSRC,sexcohab,ZAF_2_DC29,iLembe DM,44,2017,Y040_044,0.24771434598217612
ZAF,ZAF2017HSRC,sexnonregplus,ZAF_2_DC29,iLembe DM,44,2017,Y040_044,0.3661206773988648
ZAF,ZAF2017HSRC,nosex12m,ZAF_2_DC29,iLembe DM,44,2017,Y045_049,0.5065048653344272
ZAF,ZAF2017HSRC,sexcohab,ZAF_2_DC29,iLembe DM,44,2017,Y045_049,0.2205444357963834
ZAF,ZAF2017HSRC,sexnonregplus,ZAF_2_DC29,iLembe DM,44,2017,Y045_049,0.27295069886918943
ZAF,ZAF2017HSRC,nosex12m,ZAF_2_DC43,Harry Gwala DM,45,2017,Y015_019,0.7219492831798844
ZAF,ZAF2017HSRC,sexcohab,ZAF_2_DC43,Harry Gwala DM,45,2017,Y015_019,0.00727116205506271
ZAF,ZAF2017HSRC,sexnonregplus,ZAF_2_DC43,Harry Gwala DM,45,2017,Y015_019,0.2707795547650529
ZAF,ZAF2017HSRC,nosex12m,ZAF_2_DC43,Harry Gwala DM,45,2017,Y020_024,0.30099592507887074
ZAF,ZAF2017HSRC,sexcohab,ZAF_2_DC43,Harry Gwala DM,45,2017,Y020_024,0.04814433729830549
ZAF,ZAF2017HSRC,sexnonregplus,ZAF_2_DC43,Harry Gwala DM,45,2017,Y020_024,0.6508597376228238
ZAF,ZAF2017HSRC,nosex12m,ZAF_2_DC43,Harry Gwala DM,45,2017,Y025_029,0.2275258553135528
ZAF,ZAF2017HSRC,sexcohab,ZAF_2_DC43,Harry Gwala DM,45,2017,Y025_029,0.11443879439005884
ZAF,ZAF2017HSRC,sexnonregplus,ZAF_2_DC43,Harry Gwala DM,45,2017,Y025_029,0.6580353502963884
ZAF,ZAF2017HSRC,nosex12m,ZAF_2_DC43,Harry Gwala DM,45,2017,Y030_034,0.23538063768988676
ZAF,ZAF2017HSRC,sexcohab,ZAF_2_DC43,Harry Gwala DM,45,2017,Y030_034,0.16596474309085693
ZAF,ZAF2017HSRC,sexnonregplus,ZAF_2_DC43,Harry Gwala DM,45,2017,Y030_034,0.5986546192192563
ZAF,ZAF2017HSRC,nosex12m,ZAF_2_DC43,Harry Gwala DM,45,2017,Y035_039,0.25441785202392464
ZAF,ZAF2017HSRC,sexcohab,ZAF_2_DC43,Harry Gwala DM,45,2017,Y035_039,0.2240932450972301
ZAF,ZAF2017HSRC,sexnonregplus,ZAF_2_DC43,Harry Gwala DM,45,2017,Y035_039,0.5214889028788453
ZAF,ZAF2017HSRC,nosex12m,ZAF_2_DC43,Harry Gwala DM,45,2017,Y040_044,0.3327977987572862
ZAF,ZAF2017HSRC,sexcohab,ZAF_2_DC43,Harry Gwala DM,45,2017,Y040_044,0.2589440831875156
ZAF,ZAF2017HSRC,sexnonregplus,ZAF_2_DC43,Harry Gwala DM,45,2017,Y040_044,0.40825811805519824
ZAF,ZAF2017HSRC,nosex12m,ZAF_2_DC43,Harry Gwala DM,45,2017,Y045_049,0.4493121651968529
ZAF,ZAF2017HSRC,sexcohab,ZAF_2_DC43,Harry Gwala DM,45,2017,Y045_049,0.23736033748648727
ZAF,ZAF2017HSRC,sexnonregplus,ZAF_2_DC43,Harry Gwala DM,45,2017,Y045_049,0.3133274973166598
ZAF,ZAF2017HSRC,nosex12m,ZAF_2_DC30,G Sibande DM,46,2017,Y015_019,0.7213270647191096
ZAF,ZAF2017HSRC,sexcohab,ZAF_2_DC30,G Sibande DM,46,2017,Y015_019,0.01055777605830611
ZAF,ZAF2017HSRC,sexnonregplus,ZAF_2_DC30,G Sibande DM,46,2017,Y015_019,0.2681151592225844
ZAF,ZAF2017HSRC,nosex12m,ZAF_2_DC30,G Sibande DM,46,2017,Y020_024,0.295637422120571
ZAF,ZAF2017HSRC,sexcohab,ZAF_2_DC30,G Sibande DM,46,2017,Y020_024,0.06892588350391095
ZAF,ZAF2017HSRC,sexnonregplus,ZAF_2_DC30,G Sibande DM,46,2017,Y020_024,0.6354366943755181
ZAF,ZAF2017HSRC,nosex12m,ZAF_2_DC30,G Sibande DM,46,2017,Y025_029,0.21695103257570536
ZAF,ZAF2017HSRC,sexcohab,ZAF_2_DC30,G Sibande DM,46,2017,Y025_029,0.15918177109497783
ZAF,ZAF2017HSRC,sexnonregplus,ZAF_2_DC30,G Sibande DM,46,2017,Y025_029,0.6238671963293168
ZAF,ZAF2017HSRC,nosex12m,ZAF_2_DC30,G Sibande DM,46,2017,Y030_034,0.21944676192548815
ZAF,ZAF2017HSRC,sexcohab,ZAF_2_DC30,G Sibande DM,46,2017,Y030_034,0.22577081990956685
ZAF,ZAF2017HSRC,sexnonregplus,ZAF_2_DC30,G Sibande DM,46,2017,Y030_034,0.554782418164945
ZAF,ZAF2017HSRC,nosex12m,ZAF_2_DC30,G Sibande DM,46,2017,Y035_039,0.23137599647645263
ZAF,ZAF2017HSRC,sexcohab,ZAF_2_DC30,G Sibande DM,46,2017,Y035_039,0.2974061856909174
ZAF,ZAF2017HSRC,sexnonregplus,ZAF_2_DC30,G Sibande DM,46,2017,Y035_039,0.4712178178326299
ZAF,ZAF2017HSRC,nosex12m,ZAF_2_DC30,G Sibande DM,46,2017,Y040_044,0.2981812521575409
ZAF,ZAF2017HSRC,sexcohab,ZAF_2_DC30,G Sibande DM,46,2017,Y040_044,0.338592740522355
ZAF,ZAF2017HSRC,sexnonregplus,ZAF_2_DC30,G Sibande DM,46,2017,Y040_044,0.3632260073201041
ZAF,ZAF2017HSRC,nosex12m,ZAF_2_DC30,G Sibande DM,46,2017,Y045_049,0.406138186816772
ZAF,ZAF2017HSRC,sexcohab,ZAF_2_DC30,G Sibande DM,46,2017,Y045_049,0.3128638277147932
ZAF,ZAF2017HSRC,sexnonregplus,ZAF_2_DC30,G Sibande DM,46,2017,Y045_049,0.28099798546843485
ZAF,ZAF2017HSRC,nosex12m,ZAF_2_DC31,Nkangala DM,47,2017,Y015_019,0.727698227088072
ZAF,ZAF2017HSRC,sexcohab,ZAF_2_DC31,Nkangala DM,47,2017,Y015_019,0.01098352277855794
ZAF,ZAF2017HSRC,sexnonregplus,ZAF_2_DC31,Nkangala DM,47,2017,Y015_019,0.2613182501333701
ZAF,ZAF2017HSRC,nosex12m,ZAF_2_DC31,Nkangala DM,47,2017,Y020_024,0.3016735876744803
ZAF,ZAF2017HSRC,sexcohab,ZAF_2_DC31,Nkangala DM,47,2017,Y020_024,0.07243391162772435
ZAF,ZAF2017HSRC,sexnonregplus,ZAF_2_DC31,Nkangala DM,47,2017,Y020_024,0.6258925006977953
ZAF,ZAF2017HSRC,nosex12m,ZAF_2_DC31,Nkangala DM,47,2017,Y025_029,0.2206959510190037
ZAF,ZAF2017HSRC,sexcohab,ZAF_2_DC31,Nkangala DM,47,2017,Y025_029,0.1667303790084182
ZAF,ZAF2017HSRC,sexnonregplus,ZAF_2_DC31,Nkangala DM,47,2017,Y025_029,0.6125736699725781
ZAF,ZAF2017HSRC,nosex12m,ZAF_2_DC31,Nkangala DM,47,2017,Y030_034,0.2222616802970332
ZAF,ZAF2017HSRC,sexcohab,ZAF_2_DC31,Nkangala DM,47,2017,Y030_034,0.2353996067104955
ZAF,ZAF2017HSRC,sexnonregplus,ZAF_2_DC31,Nkangala DM,47,2017,Y030_034,0.5423387129924713
ZAF,ZAF2017HSRC,nosex12m,ZAF_2_DC31,Nkangala DM,47,2017,Y035_039,0.2331790341065115
ZAF,ZAF2017HSRC,sexcohab,ZAF_2_DC31,Nkangala DM,47,2017,Y035_039,0.30846553837458
ZAF,ZAF2017HSRC,sexnonregplus,ZAF_2_DC31,Nkangala DM,47,2017,Y035_039,0.45835542751890845
ZAF,ZAF2017HSRC,nosex12m,ZAF_2_DC31,Nkangala DM,47,2017,Y040_044,0.29898402975763244
ZAF,ZAF2017HSRC,sexcohab,ZAF_2_DC31,Nkangala DM,47,2017,Y040_044,0.349387786049508
ZAF,ZAF2017HSRC,sexnonregplus,ZAF_2_DC31,Nkangala DM,47,2017,Y040_044,0.35162818419285957
ZAF,ZAF2017HSRC,nosex12m,ZAF_2_DC31,Nkangala DM,47,2017,Y045_049,0.40629446633450056
ZAF,ZAF2017HSRC,sexcohab,ZAF_2_DC31,Nkangala DM,47,2017,Y045_049,0.3221832012304561
ZAF,ZAF2017HSRC,sexnonregplus,ZAF_2_DC31,Nkangala DM,47,2017,Y045_049,0.2715223324350433
ZAF,ZAF2017HSRC,nosex12m,ZAF_2_DC32,Ehlanzeni DM,48,2017,Y015_019,0.7224402986369505
ZAF,ZAF2017HSRC,sexcohab,ZAF_2_DC32,Ehlanzeni DM,48,2017,Y015_019,0.01404980720260895
ZAF,ZAF2017HSRC,sexnonregplus,ZAF_2_DC32,Ehlanzeni DM,48,2017,Y015_019,0.2635098941604406
ZAF,ZAF2017HSRC,nosex12m,ZAF_2_DC32,Ehlanzeni DM,48,2017,Y020_024,0.2925256947898256
ZAF,ZAF2017HSRC,sexcohab,ZAF_2_DC32,Ehlanzeni DM,48,2017,Y020_024,0.09055760988541116
ZAF,ZAF2017HSRC,sexnonregplus,ZAF_2_DC32,Ehlanzeni DM,48,2017,Y020_024,0.6169166953247632
ZAF,ZAF2017HSRC,nosex12m,ZAF_2_DC32,Ehlanzeni DM,48,2017,Y025_029,0.2085247082907486
ZAF,ZAF2017HSRC,sexcohab,ZAF_2_DC32,Ehlanzeni DM,48,2017,Y025_029,0.2031452400954536
ZAF,ZAF2017HSRC,sexnonregplus,ZAF_2_DC32,Ehlanzeni DM,48,2017,Y025_029,0.5883300516137978
ZAF,ZAF2017HSRC,nosex12m,ZAF_2_DC32,Ehlanzeni DM,48,2017,Y030_034,0.2063313111650561
ZAF,ZAF2017HSRC,sexcohab,ZAF_2_DC32,Ehlanzeni DM,48,2017,Y030_034,0.2818696056840633
ZAF,ZAF2017HSRC,sexnonregplus,ZAF_2_DC32,Ehlanzeni DM,48,2017,Y030_034,0.5117990831508806
ZAF,ZAF2017HSRC,nosex12m,ZAF_2_DC32,Ehlanzeni DM,48,2017,Y035_039,0.21255659511008967
ZAF,ZAF2017HSRC,sexcohab,ZAF_2_DC32,Ehlanzeni DM,48,2017,Y035_039,0.3627436603785637
ZAF,ZAF2017HSRC,sexnonregplus,ZAF_2_DC32,Ehlanzeni DM,48,2017,Y035_039,0.4246997445113466
ZAF,ZAF2017HSRC,nosex12m,ZAF_2_DC32,Ehlanzeni DM,48,2017,Y040_044,0.2700744346935807
ZAF,ZAF2017HSRC,sexcohab,ZAF_2_DC32,Ehlanzeni DM,48,2017,Y040_044,0.4071336523226668
ZAF,ZAF2017HSRC,sexnonregplus,ZAF_2_DC32,Ehlanzeni DM,48,2017,Y040_044,0.3227919129837525
ZAF,ZAF2017HSRC,nosex12m,ZAF_2_DC32,Ehlanzeni DM,48,2017,Y045_049,0.3701451928115527
ZAF,ZAF2017HSRC,sexcohab,ZAF_2_DC32,Ehlanzeni DM,48,2017,Y045_049,0.37855957040558
ZAF,ZAF2017HSRC,sexnonregplus,ZAF_2_DC32,Ehlanzeni DM,48,2017,Y045_049,0.2512952367828673
ZAF,ZAF2017HSRC,nosex12m,ZAF_2_DC33,Mopani DM,49,2017,Y015_019,0.6977997975877079
ZAF,ZAF2017HSRC,sexcohab,ZAF_2_DC33,Mopani DM,49,2017,Y015_019,0.01804887747931187
ZAF,ZAF2017HSRC,sexnonregplus,ZAF_2_DC33,Mopani DM,49,2017,Y015_019,0.2841513249329801
ZAF,ZAF2017HSRC,nosex12m,ZAF_2_DC33,Mopani DM,49,2017,Y020_024,0.2661019960513629
ZAF,ZAF2017HSRC,sexcohab,ZAF_2_DC33,Mopani DM,49,2017,Y020_024,0.10926949120215756
ZAF,ZAF2017HSRC,sexnonregplus,ZAF_2_DC33,Mopani DM,49,2017,Y020_024,0.6246285127464795
ZAF,ZAF2017HSRC,nosex12m,ZAF_2_DC33,Mopani DM,49,2017,Y025_029,0.1841296584884845
ZAF,ZAF2017HSRC,sexcohab,ZAF_2_DC33,Mopani DM,49,2017,Y025_029,0.2377419884136372
ZAF,ZAF2017HSRC,sexnonregplus,ZAF_2_DC33,Mopani DM,49,2017,Y025_029,0.5781283530978782
ZAF,ZAF2017HSRC,nosex12m,ZAF_2_DC33,Mopani DM,49,2017,Y030_034,0.1795208114821647
ZAF,ZAF2017HSRC,sexcohab,ZAF_2_DC33,Mopani DM,49,2017,Y030_034,0.32485393301386956
ZAF,ZAF2017HSRC,sexnonregplus,ZAF_2_DC33,Mopani DM,49,2017,Y030_034,0.49562525550396574
ZAF,ZAF2017HSRC,nosex12m,ZAF_2_DC33,Mopani DM,49,2017,Y035_039,0.1823171937489455
ZAF,ZAF2017HSRC,sexcohab,ZAF_2_DC33,Mopani DM,49,2017,Y035_039,0.4120318862602031
ZAF,ZAF2017HSRC,sexnonregplus,ZAF_2_DC33,Mopani DM,49,2017,Y035_039,0.40565091999085134
ZAF,ZAF2017HSRC,nosex12m,ZAF_2_DC33,Mopani DM,49,2017,Y040_044,0.23108836158484827
ZAF,ZAF2017HSRC,sexcohab,ZAF_2_DC33,Mopani DM,49,2017,Y040_044,0.4612643616656118
ZAF,ZAF2017HSRC,sexnonregplus,ZAF_2_DC33,Mopani DM,49,2017,Y040_044,0.30764727674953996
ZAF,ZAF2017HSRC,nosex12m,ZAF_2_DC33,Mopani DM,49,2017,Y045_049,0.3213636498209233
ZAF,ZAF2017HSRC,sexcohab,ZAF_2_DC33,Mopani DM,49,2017,Y045_049,0.43542062979878665
ZAF,ZAF2017HSRC,sexnonregplus,ZAF_2_DC33,Mopani DM,49,2017,Y045_049,0.24321572038029
ZAF,ZAF2017HSRC,nosex12m,ZAF_2_DC34,Vhembe DM,50,2017,Y015_019,0.7396993248242575
ZAF,ZAF2017HSRC,sexcohab,ZAF_2_DC34,Vhembe DM,50,2017,Y015_019,0.01840945624679527
ZAF,ZAF2017HSRC,sexnonregplus,ZAF_2_DC34,Vhembe DM,50,2017,Y015_019,0.2418912189289472
ZAF,ZAF2017HSRC,nosex12m,ZAF_2_DC34,Vhembe DM,50,2017,Y020_024,0.30527768113462045
ZAF,ZAF2017HSRC,sexcohab,ZAF_2_DC34,Vhembe DM,50,2017,Y020_024,0.12042652791731932
ZAF,ZAF2017HSRC,sexnonregplus,ZAF_2_DC34,Vhembe DM,50,2017,Y020_024,0.5742957909480602
ZAF,ZAF2017HSRC,nosex12m,ZAF_2_DC34,Vhembe DM,50,2017,Y025_029,0.2103320748310596
ZAF,ZAF2017HSRC,sexcohab,ZAF_2_DC34,Vhembe DM,50,2017,Y025_029,0.26053190822833555
ZAF,ZAF2017HSRC,sexnonregplus,ZAF_2_DC34,Vhembe DM,50,2017,Y025_029,0.5291360169406049
ZAF,ZAF2017HSRC,nosex12m,ZAF_2_DC34,Vhembe DM,50,2017,Y030_034,0.20207717431287336
ZAF,ZAF2017HSRC,sexcohab,ZAF_2_DC34,Vhembe DM,50,2017,Y030_034,0.3507176735892544
ZAF,ZAF2017HSRC,sexnonregplus,ZAF_2_DC34,Vhembe DM,50,2017,Y030_034,0.44720515209787226
ZAF,ZAF2017HSRC,nosex12m,ZAF_2_DC34,Vhembe DM,50,2017,Y035_039,0.20202772472134725
ZAF,ZAF2017HSRC,sexcohab,ZAF_2_DC34,Vhembe DM,50,2017,Y035_039,0.4376918321159753
ZAF,ZAF2017HSRC,sexnonregplus,ZAF_2_DC34,Vhembe DM,50,2017,Y035_039,0.36028044316267743
ZAF,ZAF2017HSRC,nosex12m,ZAF_2_DC34,Vhembe DM,50,2017,Y040_044,0.2511884142356476
ZAF,ZAF2017HSRC,sexcohab,ZAF_2_DC34,Vhembe DM,50,2017,Y040_044,0.4806643904377725
ZAF,ZAF2017HSRC,sexnonregplus,ZAF_2_DC34,Vhembe DM,50,2017,Y040_044,0.26814719532657993
ZAF,ZAF2017HSRC,nosex12m,ZAF_2_DC34,Vhembe DM,50,2017,Y045_049,0.34406371933764723
ZAF,ZAF2017HSRC,sexcohab,ZAF_2_DC34,Vhembe DM,50,2017,Y045_049,0.4471016081323123
ZAF,ZAF2017HSRC,sexnonregplus,ZAF_2_DC34,Vhembe DM,50,2017,Y045_049,0.20883467253004048
ZAF,ZAF2017HSRC,nosex12m,ZAF_2_DC35,Capricorn DM,51,2017,Y015_019,0.686379723873865
ZAF,ZAF2017HSRC,sexcohab,ZAF_2_DC35,Capricorn DM,51,2017,Y015_019,0.0134513634000265
ZAF,ZAF2017HSRC,sexnonregplus,ZAF_2_DC35,Capricorn DM,51,2017,Y015_019,0.30016891272610846
ZAF,ZAF2017HSRC,nosex12m,ZAF_2_DC35,Capricorn DM,51,2017,Y020_024,0.2608904604921761
ZAF,ZAF2017HSRC,sexcohab,ZAF_2_DC35,Capricorn DM,51,2017,Y020_024,0.08127886195446368
ZAF,ZAF2017HSRC,sexnonregplus,ZAF_2_DC35,Capricorn DM,51,2017,Y020_024,0.6578306775533602
ZAF,ZAF2017HSRC,nosex12m,ZAF_2_DC35,Capricorn DM,51,2017,Y025_029,0.186860976170239
ZAF,ZAF2017HSRC,sexcohab,ZAF_2_DC35,Capricorn DM,51,2017,Y025_029,0.1829858881206002
ZAF,ZAF2017HSRC,sexnonregplus,ZAF_2_DC35,Capricorn DM,51,2017,Y025_029,0.6301531357091608
ZAF,ZAF2017HSRC,nosex12m,ZAF_2_DC35,Capricorn DM,51,2017,Y030_034,0.1873421324300251
ZAF,ZAF2017HSRC,sexcohab,ZAF_2_DC35,Capricorn DM,51,2017,Y030_034,0.25715954054121537
ZAF,ZAF2017HSRC,sexnonregplus,ZAF_2_DC35,Capricorn DM,51,2017,Y030_034,0.5554983270287596
ZAF,ZAF2017HSRC,nosex12m,ZAF_2_DC35,Capricorn DM,51,2017,Y035_039,0.19592887385820576
ZAF,ZAF2017HSRC,sexcohab,ZAF_2_DC35,Capricorn DM,51,2017,Y035_039,0.33588020346062486
ZAF,ZAF2017HSRC,sexnonregplus,ZAF_2_DC35,Capricorn DM,51,2017,Y035_039,0.46819092268116935
ZAF,ZAF2017HSRC,nosex12m,ZAF_2_DC35,Capricorn DM,51,2017,Y040_044,0.25356718262943284
ZAF,ZAF2017HSRC,sexcohab,ZAF_2_DC35,Capricorn DM,51,2017,Y040_044,0.3838861539507838
ZAF,ZAF2017HSRC,sexnonregplus,ZAF_2_DC35,Capricorn DM,51,2017,Y040_044,0.36254666341978337
ZAF,ZAF2017HSRC,nosex12m,ZAF_2_DC35,Capricorn DM,51,2017,Y045_049,0.3520687776064648
ZAF,ZAF2017HSRC,sexcohab,ZAF_2_DC35,Capricorn DM,51,2017,Y045_049,0.3618321895919904
ZAF,ZAF2017HSRC,sexnonregplus,ZAF_2_DC35,Capricorn DM,51,2017,Y045_049,0.2860990328015448
ZAF,ZAF2017HSRC,nosex12m,ZAF_2_DC36,Waterberg DM,52,2017,Y015_019,0.7436383976202346
ZAF,ZAF2017HSRC,sexcohab,ZAF_2_DC36,Waterberg DM,52,2017,Y015_019,0.0144105656157136
ZAF,ZAF2017HSRC,sexnonregplus,ZAF_2_DC36,Waterberg DM,52,2017,Y015_019,0.24195103676405175
ZAF,ZAF2017HSRC,nosex12m,ZAF_2_DC36,Waterberg DM,52,2017,Y020_024,0.314287154566215
ZAF,ZAF2017HSRC,sexcohab,ZAF_2_DC36,Waterberg DM,52,2017,Y020_024,0.09668849105992966
ZAF,ZAF2017HSRC,sexnonregplus,ZAF_2_DC36,Waterberg DM,52,2017,Y020_024,0.5890243543738554
ZAF,ZAF2017HSRC,nosex12m,ZAF_2_DC36,Waterberg DM,52,2017,Y025_029,0.22354996959401588
ZAF,ZAF2017HSRC,sexcohab,ZAF_2_DC36,Waterberg DM,52,2017,Y025_029,0.2161186187941451
ZAF,ZAF2017HSRC,sexnonregplus,ZAF_2_DC36,Waterberg DM,52,2017,Y025_029,0.560331411611839
ZAF,ZAF2017HSRC,nosex12m,ZAF_2_DC36,Waterberg DM,52,2017,Y030_034,0.219342319457913
ZAF,ZAF2017HSRC,sexcohab,ZAF_2_DC36,Waterberg DM,52,2017,Y030_034,0.2971936115703098
ZAF,ZAF2017HSRC,sexnonregplus,ZAF_2_DC36,Waterberg DM,52,2017,Y030_034,0.4834640689717772
ZAF,ZAF2017HSRC,nosex12m,ZAF_2_DC36,Waterberg DM,52,2017,Y035_039,0.2237932633926372
ZAF,ZAF2017HSRC,sexcohab,ZAF_2_DC36,Waterberg DM,52,2017,Y035_039,0.3786657318226671
ZAF,ZAF2017HSRC,sexnonregplus,ZAF_2_DC36,Waterberg DM,52,2017,Y035_039,0.3975410047846957
ZAF,ZAF2017HSRC,nosex12m,ZAF_2_DC36,Waterberg DM,52,2017,Y040_044,0.28107943507293515
ZAF,ZAF2017HSRC,sexcohab,ZAF_2_DC36,Waterberg DM,52,2017,Y040_044,0.420101093948762
ZAF,ZAF2017HSRC,sexnonregplus,ZAF_2_DC36,Waterberg DM,52,2017,Y040_044,0.29881947097830286
ZAF,ZAF2017HSRC,nosex12m,ZAF_2_DC36,Waterberg DM,52,2017,Y045_049,0.3817888150127589
ZAF,ZAF2017HSRC,sexcohab,ZAF_2_DC36,Waterberg DM,52,2017,Y045_049,0.38744671760890537
ZAF,ZAF2017HSRC,sexnonregplus,ZAF_2_DC36,Waterberg DM,52,2017,Y045_049,0.23076446737833572
ZAF,ZAF2017HSRC,nosex12m,ZAF_2_DC47,Sekhukhune DM,53,2017,Y015_019,0.7054233211945666
ZAF,ZAF2017HSRC,sexcohab,ZAF_2_DC47,Sekhukhune DM,53,2017,Y015_019,0.01169866447200827
ZAF,ZAF2017HSRC,sexnonregplus,ZAF_2_DC47,Sekhukhune DM,53,2017,Y015_019,0.2828780143334251
ZAF,ZAF2017HSRC,nosex12m,ZAF_2_DC47,Sekhukhune DM,53,2017,Y020_024,0.2795112605064858
ZAF,ZAF2017HSRC,sexcohab,ZAF_2_DC47,Sekhukhune DM,53,2017,Y020_024,0.07365298656962986
ZAF,ZAF2017HSRC,sexnonregplus,ZAF_2_DC47,Sekhukhune DM,53,2017,Y020_024,0.6468357529238844
ZAF,ZAF2017HSRC,nosex12m,ZAF_2_DC47,Sekhukhune DM,53,2017,Y025_029,0.20306337698145768
ZAF,ZAF2017HSRC,sexcohab,ZAF_2_DC47,Sekhukhune DM,53,2017,Y025_029,0.16833437088462247
ZAF,ZAF2017HSRC,sexnonregplus,ZAF_2_DC47,Sekhukhune DM,53,2017,Y025_029,0.6286022521339198
ZAF,ZAF2017HSRC,nosex12m,ZAF_2_DC47,Sekhukhune DM,53,2017,Y030_034,0.2047194651678542
ZAF,ZAF2017HSRC,sexcohab,ZAF_2_DC47,Sekhukhune DM,53,2017,Y030_034,0.23796091247862008
ZAF,ZAF2017HSRC,sexnonregplus,ZAF_2_DC47,Sekhukhune DM,53,2017,Y030_034,0.5573196223535257
ZAF,ZAF2017HSRC,nosex12m,ZAF_2_DC47,Sekhukhune DM,53,2017,Y035_039,0.2152769180593828
ZAF,ZAF2017HSRC,sexcohab,ZAF_2_DC47,Sekhukhune DM,53,2017,Y035_039,0.3125318738969038
ZAF,ZAF2017HSRC,sexnonregplus,ZAF_2_DC47,Sekhukhune DM,53,2017,Y035_039,0.47219120804371345
ZAF,ZAF2017HSRC,nosex12m,ZAF_2_DC47,Sekhukhune DM,53,2017,Y040_044,0.27820907668908096
ZAF,ZAF2017HSRC,sexcohab,ZAF_2_DC47,Sekhukhune DM,53,2017,Y040_044,0.3567364373936897
ZAF,ZAF2017HSRC,sexnonregplus,ZAF_2_DC47,Sekhukhune DM,53,2017,Y040_044,0.3650544859172294
ZAF,ZAF2017HSRC,nosex12m,ZAF_2_DC47,Sekhukhune DM,53,2017,Y045_049,0.382285687946335
ZAF,ZAF2017HSRC,sexcohab,ZAF_2_DC47,Sekhukhune DM,53,2017,Y045_049,0.33267813666148
ZAF,ZAF2017HSRC,sexnonregplus,ZAF_2_DC47,Sekhukhune DM,53,2017,Y045_049,0.285036175392185
ZAF,ZAF2017HSRC,nosex12m,ZAF_2_DC37,Bojanala Platinum DM,54,2017,Y015_019,0.704677321955025
ZAF,ZAF2017HSRC,sexcohab,ZAF_2_DC37,Bojanala Platinum DM,54,2017,Y015_019,0.01417446839750646
ZAF,ZAF2017HSRC,sexnonregplus,ZAF_2_DC37,Bojanala Platinum DM,54,2017,Y015_019,0.2811482096474686
ZAF,ZAF2017HSRC,nosex12m,ZAF_2_DC37,Bojanala Platinum DM,54,2017,Y020_024,0.27587694854088674
ZAF,ZAF2017HSRC,sexcohab,ZAF_2_DC37,Bojanala Platinum DM,54,2017,Y020_024,0.0882683075948799
ZAF,ZAF2017HSRC,sexnonregplus,ZAF_2_DC37,Bojanala Platinum DM,54,2017,Y020_024,0.6358547438642334
ZAF,ZAF2017HSRC,nosex12m,ZAF_2_DC37,Bojanala Platinum DM,54,2017,Y025_029,0.19641958235672216
ZAF,ZAF2017HSRC,sexcohab,ZAF_2_DC37,Bojanala Platinum DM,54,2017,Y025_029,0.19779259275308195
ZAF,ZAF2017HSRC,sexnonregplus,ZAF_2_DC37,Bojanala Platinum DM,54,2017,Y025_029,0.6057878248901959
ZAF,ZAF2017HSRC,nosex12m,ZAF_2_DC37,Bojanala Platinum DM,54,2017,Y030_034,0.19517575528064865
ZAF,ZAF2017HSRC,sexcohab,ZAF_2_DC37,Bojanala Platinum DM,54,2017,Y030_034,0.2755937401721058
ZAF,ZAF2017HSRC,sexnonregplus,ZAF_2_DC37,Bojanala Platinum DM,54,2017,Y030_034,0.5292305045472456
ZAF,ZAF2017HSRC,nosex12m,ZAF_2_DC37,Bojanala Platinum DM,54,2017,Y035_039,0.2020867442892716
ZAF,ZAF2017HSRC,sexcohab,ZAF_2_DC37,Bojanala Platinum DM,54,2017,Y035_039,0.3564743068589207
ZAF,ZAF2017HSRC,sexnonregplus,ZAF_2_DC37,Bojanala Platinum DM,54,2017,Y035_039,0.44143894885180773
ZAF,ZAF2017HSRC,nosex12m,ZAF_2_DC37,Bojanala Platinum DM,54,2017,Y040_044,0.2587898605185364
ZAF,ZAF2017HSRC,sexcohab,ZAF_2_DC37,Bojanala Platinum DM,54,2017,Y040_044,0.403138659845842
ZAF,ZAF2017HSRC,sexnonregplus,ZAF_2_DC37,Bojanala Platinum DM,54,2017,Y040_044,0.33807147963562156
ZAF,ZAF2017HSRC,nosex12m,ZAF_2_DC37,Bojanala Platinum DM,54,2017,Y045_049,0.3572366124888244
ZAF,ZAF2017HSRC,sexcohab,ZAF_2_DC37,Bojanala Platinum DM,54,2017,Y045_049,0.37761704341219704
ZAF,ZAF2017HSRC,sexnonregplus,ZAF_2_DC37,Bojanala Platinum DM,54,2017,Y045_049,0.2651463440989786
ZAF,ZAF2017HSRC,nosex12m,ZAF_2_DC38,Ngaka Modiri Molema DM,55,2017,Y015_019,0.6852975459176027
ZAF,ZAF2017HSRC,sexcohab,ZAF_2_DC38,Ngaka Modiri Molema DM,55,2017,Y015_019,0.01129379579739884
ZAF,ZAF2017HSRC,sexnonregplus,ZAF_2_DC38,Ngaka Modiri Molema DM,55,2017,Y015_019,0.3034086582849984
ZAF,ZAF2017HSRC,nosex12m,ZAF_2_DC38,Ngaka Modiri Molema DM,55,2017,Y020_024,0.26206510411769074
ZAF,ZAF2017HSRC,sexcohab,ZAF_2_DC38,Ngaka Modiri Molema DM,55,2017,Y020_024,0.06859897032278975
ZAF,ZAF2017HSRC,sexnonregplus,ZAF_2_DC38,Ngaka Modiri Molema DM,55,2017,Y020_024,0.6693359255595195
ZAF,ZAF2017HSRC,nosex12m,ZAF_2_DC38,Ngaka Modiri Molema DM,55,2017,Y025_029,0.1908591089584612
ZAF,ZAF2017HSRC,sexcohab,ZAF_2_DC38,Ngaka Modiri Molema DM,55,2017,Y025_029,0.15717153673294326
ZAF,ZAF2017HSRC,sexnonregplus,ZAF_2_DC38,Ngaka Modiri Molema DM,55,2017,Y025_029,0.6519693543085956
ZAF,ZAF2017HSRC,nosex12m,ZAF_2_DC38,Ngaka Modiri Molema DM,55,2017,Y030_034,0.1938260236733768
ZAF,ZAF2017HSRC,sexcohab,ZAF_2_DC38,Ngaka Modiri Molema DM,55,2017,Y030_034,0.22385112735212412
ZAF,ZAF2017HSRC,sexnonregplus,ZAF_2_DC38,Ngaka Modiri Molema DM,55,2017,Y030_034,0.582322848974499
ZAF,ZAF2017HSRC,nosex12m,ZAF_2_DC38,Ngaka Modiri Molema DM,55,2017,Y035_039,0.2056670165670338
ZAF,ZAF2017HSRC,sexcohab,ZAF_2_DC38,Ngaka Modiri Molema DM,55,2017,Y035_039,0.296578672327509
ZAF,ZAF2017HSRC,sexnonregplus,ZAF_2_DC38,Ngaka Modiri Molema DM,55,2017,Y035_039,0.4977543111054572
ZAF,ZAF2017HSRC,nosex12m,ZAF_2_DC38,Ngaka Modiri Molema DM,55,2017,Y040_044,0.2686300863987851
ZAF,ZAF2017HSRC,sexcohab,ZAF_2_DC38,Ngaka Modiri Molema DM,55,2017,Y040_044,0.3422609582248496
ZAF,ZAF2017HSRC,sexnonregplus,ZAF_2_DC38,Ngaka Modiri Molema DM,55,2017,Y040_044,0.38910895537636536
ZAF,ZAF2017HSRC,nosex12m,ZAF_2_DC38,Ngaka Modiri Molema DM,55,2017,Y045_049,0.37205977021990394
ZAF,ZAF2017HSRC,sexcohab,ZAF_2_DC38,Ngaka Modiri Molema DM,55,2017,Y045_049,0.3216827712668578
ZAF,ZAF2017HSRC,sexnonregplus,ZAF_2_DC38,Ngaka Modiri Molema DM,55,2017,Y045_049,0.30625745851323827
ZAF,ZAF2017HSRC,nosex12m,ZAF_2_DC39,Ruth Segomotsi Mompati DM,56,2017,Y015_019,0.6753823631086877
ZAF,ZAF2017HSRC,sexcohab,ZAF_2_DC39,Ruth Segomotsi Mompati DM,56,2017,Y015_019,0.0110310472117367
ZAF,ZAF2017HSRC,sexnonregplus,ZAF_2_DC39,Ruth Segomotsi Mompati DM,56,2017,Y015_019,0.3135865896795756
ZAF,ZAF2017HSRC,nosex12m,ZAF_2_DC39,Ruth Segomotsi Mompati DM,56,2017,Y020_024,0.25468545765831696
ZAF,ZAF2017HSRC,sexcohab,ZAF_2_DC39,Ruth Segomotsi Mompati DM,56,2017,Y020_024,0.06600373541967644
ZAF,ZAF2017HSRC,sexnonregplus,ZAF_2_DC39,Ruth Segomotsi Mompati DM,56,2017,Y020_024,0.6793108069220066
ZAF,ZAF2017HSRC,nosex12m,ZAF_2_DC39,Ruth Segomotsi Mompati DM,56,2017,Y025_029,0.185860687629772
ZAF,ZAF2017HSRC,sexcohab,ZAF_2_DC39,Ruth Segomotsi Mompati DM,56,2017,Y025_029,0.15131476014256764
ZAF,ZAF2017HSRC,sexnonregplus,ZAF_2_DC39,Ruth Segomotsi Mompati DM,56,2017,Y025_029,0.6628245522276603
ZAF,ZAF2017HSRC,nosex12m,ZAF_2_DC39,Ruth Segomotsi Mompati DM,56,2017,Y030_034,0.18943600001420877
ZAF,ZAF2017HSRC,sexcohab,ZAF_2_DC39,Ruth Segomotsi Mompati DM,56,2017,Y030_034,0.2161783379730052
ZAF,ZAF2017HSRC,sexnonregplus,ZAF_2_DC39,Ruth Segomotsi Mompati DM,56,2017,Y030_034,0.594385662012786
ZAF,ZAF2017HSRC,nosex12m,ZAF_2_DC39,Ruth Segomotsi Mompati DM,56,2017,Y035_039,0.20188162436593024
ZAF,ZAF2017HSRC,sexcohab,ZAF_2_DC39,Ruth Segomotsi Mompati DM,56,2017,Y035_039,0.2875648891697095
ZAF,ZAF2017HSRC,sexnonregplus,ZAF_2_DC39,Ruth Segomotsi Mompati DM,56,2017,Y035_039,0.5105534864643603
ZAF,ZAF2017HSRC,nosex12m,ZAF_2_DC39,Ruth Segomotsi Mompati DM,56,2017,Y040_044,0.2650058242478615
ZAF,ZAF2017HSRC,sexcohab,ZAF_2_DC39,Ruth Segomotsi Mompati DM,56,2017,Y040_044,0.33351867973717914
ZAF,ZAF2017HSRC,sexnonregplus,ZAF_2_DC39,Ruth Segomotsi Mompati DM,56,2017,Y040_044,0.40147549601495935
ZAF,ZAF2017HSRC,nosex12m,ZAF_2_DC39,Ruth Segomotsi Mompati DM,56,2017,Y045_049,0.36805299995791463
ZAF,ZAF2017HSRC,sexcohab,ZAF_2_DC39,Ruth Segomotsi Mompati DM,56,2017,Y045_049,0.31466364194216273
ZAF,ZAF2017HSRC,sexnonregplus,ZAF_2_DC39,Ruth Segomotsi Mompati DM,56,2017,Y045_049,0.31728335809992264
ZAF,ZAF2017HSRC,nosex12m,ZAF_2_DC40,Dr K Kaunda DM,57,2017,Y015_019,0.6902151139897306
ZAF,ZAF2017HSRC,sexcohab,ZAF_2_DC40,Dr K Kaunda DM,57,2017,Y015_019,0.01481471055852762
ZAF,ZAF2017HSRC,sexnonregplus,ZAF_2_DC40,Dr K Kaunda DM,57,2017,Y015_019,0.29497017545174176
ZAF,ZAF2017HSRC,nosex12m,ZAF_2_DC40,Dr K Kaunda DM,57,2017,Y020_024,0.2626226449829248
ZAF,ZAF2017HSRC,sexcohab,ZAF_2_DC40,Dr K Kaunda DM,57,2017,Y020_024,0.08956543570222748
ZAF,ZAF2017HSRC,sexnonregplus,ZAF_2_DC40,Dr K Kaunda DM,57,2017,Y020_024,0.6478119193148477
ZAF,ZAF2017HSRC,nosex12m,ZAF_2_DC40,Dr K Kaunda DM,57,2017,Y025_029,0.1861159654966934
ZAF,ZAF2017HSRC,sexcohab,ZAF_2_DC40,Dr K Kaunda DM,57,2017,Y025_029,0.1997323404109254
ZAF,ZAF2017HSRC,sexnonregplus,ZAF_2_DC40,Dr K Kaunda DM,57,2017,Y025_029,0.6141516940923812
ZAF,ZAF2017HSRC,nosex12m,ZAF_2_DC40,Dr K Kaunda DM,57,2017,Y030_034,0.1849649495910756
ZAF,ZAF2017HSRC,sexcohab,ZAF_2_DC40,Dr K Kaunda DM,57,2017,Y030_034,0.27829685052086073
ZAF,ZAF2017HSRC,sexnonregplus,ZAF_2_DC40,Dr K Kaunda DM,57,2017,Y030_034,0.5367381998880637
ZAF,ZAF2017HSRC,nosex12m,ZAF_2_DC40,Dr K Kaunda DM,57,2017,Y035_039,0.19169108427181555
ZAF,ZAF2017HSRC,sexcohab,ZAF_2_DC40,Dr K Kaunda DM,57,2017,Y035_039,0.3601865101767244
ZAF,ZAF2017HSRC,sexnonregplus,ZAF_2_DC40,Dr K Kaunda DM,57,2017,Y035_039,0.4481224055514601
ZAF,ZAF2017HSRC,nosex12m,ZAF_2_DC40,Dr K Kaunda DM,57,2017,Y040_044,0.24644054657456713
ZAF,ZAF2017HSRC,sexcohab,ZAF_2_DC40,Dr K Kaunda DM,57,2017,Y040_044,0.4089678151120672
ZAF,ZAF2017HSRC,sexnonregplus,ZAF_2_DC40,Dr K Kaunda DM,57,2017,Y040_044,0.3445916383133657
ZAF,ZAF2017HSRC,nosex12m,ZAF_2_DC40,Dr K Kaunda DM,57,2017,Y045_049,0.3423670440496181
ZAF,ZAF2017HSRC,sexcohab,ZAF_2_DC40,Dr K Kaunda DM,57,2017,Y045_049,0.38558694269325416
ZAF,ZAF2017HSRC,sexnonregplus,ZAF_2_DC40,Dr K Kaunda DM,57,2017,Y045_049,0.2720460132571277
ZAF,ZAF2017HSRC,nosex12m,ZAF_2_JHB,Johannesburg MM,58,2017,Y015_019,0.7170704611377291
ZAF,ZAF2017HSRC,sexcohab,ZAF_2_JHB,Johannesburg MM,58,2017,Y015_019,0.01711179592535247
ZAF,ZAF2017HSRC,sexnonregplus,ZAF_2_JHB,Johannesburg MM,58,2017,Y015_019,0.26581774293691846
ZAF,ZAF2017HSRC,nosex12m,ZAF_2_JHB,Johannesburg MM,58,2017,Y020_024,0.28417493223704215
ZAF,ZAF2017HSRC,sexcohab,ZAF_2_JHB,Johannesburg MM,58,2017,Y020_024,0.1077370311478914
ZAF,ZAF2017HSRC,sexnonregplus,ZAF_2_JHB,Johannesburg MM,58,2017,Y020_024,0.6080880366150665
ZAF,ZAF2017HSRC,nosex12m,ZAF_2_JHB,Johannesburg MM,58,2017,Y025_029,0.1977982322083804
ZAF,ZAF2017HSRC,sexcohab,ZAF_2_JHB,Johannesburg MM,58,2017,Y025_029,0.23593322434501884
ZAF,ZAF2017HSRC,sexnonregplus,ZAF_2_JHB,Johannesburg MM,58,2017,Y025_029,0.5662685434466007
ZAF,ZAF2017HSRC,nosex12m,ZAF_2_JHB,Johannesburg MM,58,2017,Y030_034,0.1927196148994823
ZAF,ZAF2017HSRC,sexcohab,ZAF_2_JHB,Johannesburg MM,58,2017,Y030_034,0.32222191206521406
ZAF,ZAF2017HSRC,sexnonregplus,ZAF_2_JHB,Johannesburg MM,58,2017,Y030_034,0.4850584730353037
ZAF,ZAF2017HSRC,nosex12m,ZAF_2_JHB,Johannesburg MM,58,2017,Y035_039,0.19542800832459736
ZAF,ZAF2017HSRC,sexcohab,ZAF_2_JHB,Johannesburg MM,58,2017,Y035_039,0.4082184552184645
ZAF,ZAF2017HSRC,sexnonregplus,ZAF_2_JHB,Johannesburg MM,58,2017,Y035_039,0.3963535364569382
ZAF,ZAF2017HSRC,nosex12m,ZAF_2_JHB,Johannesburg MM,58,2017,Y040_044,0.2464091253489462
ZAF,ZAF2017HSRC,sexcohab,ZAF_2_JHB,Johannesburg MM,58,2017,Y040_044,0.4546450290589385
ZAF,ZAF2017HSRC,sexnonregplus,ZAF_2_JHB,Johannesburg MM,58,2017,Y040_044,0.2989458455921153
ZAF,ZAF2017HSRC,nosex12m,ZAF_2_JHB,Johannesburg MM,58,2017,Y045_049,0.3400006131824094
ZAF,ZAF2017HSRC,sexcohab,ZAF_2_JHB,Johannesburg MM,58,2017,Y045_049,0.4256452968168365
ZAF,ZAF2017HSRC,sexnonregplus,ZAF_2_JHB,Johannesburg MM,58,2017,Y045_049,0.2343540900007541
ZAF,ZAF2017HSRC,nosex12m,ZAF_2_TSH,Tshwane MM,59,2017,Y015_019,0.7361777194959518
ZAF,ZAF2017HSRC,sexcohab,ZAF_2_TSH,Tshwane MM,59,2017,Y015_019,0.01774428803443318
ZAF,ZAF2017HSRC,sexnonregplus,ZAF_2_TSH,Tshwane MM,59,2017,Y015_019,0.246077992469615
ZAF,ZAF2017HSRC,nosex12m,ZAF_2_TSH,Tshwane MM,59,2017,Y020_024,0.3020051454291787
ZAF,ZAF2017HSRC,sexcohab,ZAF_2_TSH,Tshwane MM,59,2017,Y020_024,0.11566703543898112
ZAF,ZAF2017HSRC,sexnonregplus,ZAF_2_TSH,Tshwane MM,59,2017,Y020_024,0.5823278191318402
ZAF,ZAF2017HSRC,nosex12m,ZAF_2_TSH,Tshwane MM,59,2017,Y025_029,0.2090314848671863
ZAF,ZAF2017HSRC,sexcohab,ZAF_2_TSH,Tshwane MM,59,2017,Y025_029,0.25176113945615203
ZAF,ZAF2017HSRC,sexnonregplus,ZAF_2_TSH,Tshwane MM,59,2017,Y025_029,0.5392073756766617
ZAF,ZAF2017HSRC,nosex12m,ZAF_2_TSH,Tshwane MM,59,2017,Y030_034,0.20175888717460672
ZAF,ZAF2017HSRC,sexcohab,ZAF_2_TSH,Tshwane MM,59,2017,Y030_034,0.3405813014266123
ZAF,ZAF2017HSRC,sexnonregplus,ZAF_2_TSH,Tshwane MM,59,2017,Y030_034,0.457659811398781
ZAF,ZAF2017HSRC,nosex12m,ZAF_2_TSH,Tshwane MM,59,2017,Y035_039,0.20258244108294415
ZAF,ZAF2017HSRC,sexcohab,ZAF_2_TSH,Tshwane MM,59,2017,Y035_039,0.42711902174853095
ZAF,ZAF2017HSRC,sexnonregplus,ZAF_2_TSH,Tshwane MM,59,2017,Y035_039,0.3702985371685249
ZAF,ZAF2017HSRC,nosex12m,ZAF_2_TSH,Tshwane MM,59,2017,Y040_044,0.25279340894533925
ZAF,ZAF2017HSRC,sexcohab,ZAF_2_TSH,Tshwane MM,59,2017,Y040_044,0.4707389808723926
ZAF,ZAF2017HSRC,sexnonregplus,ZAF_2_TSH,Tshwane MM,59,2017,Y040_044,0.27646761018226823
ZAF,ZAF2017HSRC,nosex12m,ZAF_2_TSH,Tshwane MM,59,2017,Y045_049,0.3465668909151996
ZAF,ZAF2017HSRC,sexcohab,ZAF_2_TSH,Tshwane MM,59,2017,Y045_049,0.4380288450675732
ZAF,ZAF2017HSRC,sexnonregplus,ZAF_2_TSH,Tshwane MM,59,2017,Y045_049,0.21540426401722723
ZAF,ZAF2017HSRC,nosex12m,ZAF_2_EKU,Ekurhuleni MM,60,2017,Y015_019,0.7241578378667066
ZAF,ZAF2017HSRC,sexcohab,ZAF_2_EKU,Ekurhuleni MM,60,2017,Y015_019,0.01772512492814917
ZAF,ZAF2017HSRC,sexnonregplus,ZAF_2_EKU,Ekurhuleni MM,60,2017,Y015_019,0.2581170372051442
ZAF,ZAF2017HSRC,nosex12m,ZAF_2_EKU,Ekurhuleni MM,60,2017,Y020_024,0.29000830846235526
ZAF,ZAF2017HSRC,sexcohab,ZAF_2_EKU,Ekurhuleni MM,60,2017,Y020_024,0.11298026862880842
ZAF,ZAF2017HSRC,sexnonregplus,ZAF_2_EKU,Ekurhuleni MM,60,2017,Y020_024,0.5970114229088364
ZAF,ZAF2017HSRC,nosex12m,ZAF_2_EKU,Ekurhuleni MM,60,2017,Y025_029,0.20083979884913053
ZAF,ZAF2017HSRC,sexcohab,ZAF_2_EKU,Ekurhuleni MM,60,2017,Y025_029,0.24608839652806647
ZAF,ZAF2017HSRC,sexnonregplus,ZAF_2_EKU,Ekurhuleni MM,60,2017,Y025_029,0.553071804622803
ZAF,ZAF2017HSRC,nosex12m,ZAF_2_EKU,Ekurhuleni MM,60,2017,Y030_034,0.1945938604378789
ZAF,ZAF2017HSRC,sexcohab,ZAF_2_EKU,Ekurhuleni MM,60,2017,Y030_034,0.33427425521135584
ZAF,ZAF2017HSRC,sexnonregplus,ZAF_2_EKU,Ekurhuleni MM,60,2017,Y030_034,0.4711318843507653
ZAF,ZAF2017HSRC,nosex12m,ZAF_2_EKU,Ekurhuleni MM,60,2017,Y035_039,0.1962012375356116
ZAF,ZAF2017HSRC,sexcohab,ZAF_2_EKU,Ekurhuleni MM,60,2017,Y035_039,0.4210476112967966
ZAF,ZAF2017HSRC,sexnonregplus,ZAF_2_EKU,Ekurhuleni MM,60,2017,Y035_039,0.38275115116759184
ZAF,ZAF2017HSRC,nosex12m,ZAF_2_EKU,Ekurhuleni MM,60,2017,Y040_044,0.24615277924733192
ZAF,ZAF2017HSRC,sexcohab,ZAF_2_EKU,Ekurhuleni MM,60,2017,Y040_044,0.4665876830298516
ZAF,ZAF2017HSRC,sexnonregplus,ZAF_2_EKU,Ekurhuleni MM,60,2017,Y040_044,0.2872595377228165
ZAF,ZAF2017HSRC,nosex12m,ZAF_2_EKU,Ekurhuleni MM,60,2017,Y045_049,0.3390820455683612
ZAF,ZAF2017HSRC,sexcohab,ZAF_2_EKU,Ekurhuleni MM,60,2017,Y045_049,0.4361310460699984
ZAF,ZAF2017HSRC,sexnonregplus,ZAF_2_EKU,Ekurhuleni MM,60,2017,Y045_049,0.22478690836164045
ZAF,ZAF2017HSRC,nosex12m,ZAF_2_DC42,Sedibeng DM,61,2017,Y015_019,0.7570933774119859
ZAF,ZAF2017HSRC,sexcohab,ZAF_2_DC42,Sedibeng DM,61,2017,Y015_019,0.01484510172556675
ZAF,ZAF2017HSRC,sexnonregplus,ZAF_2_DC42,Sedibeng DM,61,2017,Y015_019,0.22806152086244735
ZAF,ZAF2017HSRC,nosex12m,ZAF_2_DC42,Sedibeng DM,61,2017,Y020_024,0.32792632355412005
ZAF,ZAF2017HSRC,sexcohab,ZAF_2_DC42,Sedibeng DM,61,2017,Y020_024,0.1021239877527404
ZAF,ZAF2017HSRC,sexnonregplus,ZAF_2_DC42,Sedibeng DM,61,2017,Y020_024,0.5699496886931396
ZAF,ZAF2017HSRC,nosex12m,ZAF_2_DC42,Sedibeng DM,61,2017,Y025_029,0.2323548791785096
ZAF,ZAF2017HSRC,sexcohab,ZAF_2_DC42,Sedibeng DM,61,2017,Y025_029,0.22751214656563712
ZAF,ZAF2017HSRC,sexnonregplus,ZAF_2_DC42,Sedibeng DM,61,2017,Y025_029,0.5401329742558533
ZAF,ZAF2017HSRC,nosex12m,ZAF_2_DC42,Sedibeng DM,61,2017,Y030_034,0.22641414652054676
ZAF,ZAF2017HSRC,sexcohab,ZAF_2_DC42,Sedibeng DM,61,2017,Y030_034,0.3107625875163421
ZAF,ZAF2017HSRC,sexnonregplus,ZAF_2_DC42,Sedibeng DM,61,2017,Y030_034,0.46282326596311113
ZAF,ZAF2017HSRC,nosex12m,ZAF_2_DC42,Sedibeng DM,61,2017,Y035_039,0.2292632538770866
ZAF,ZAF2017HSRC,sexcohab,ZAF_2_DC42,Sedibeng DM,61,2017,Y035_039,0.3930617118012302
ZAF,ZAF2017HSRC,sexnonregplus,ZAF_2_DC42,Sedibeng DM,61,2017,Y035_039,0.3776750343216832
ZAF,ZAF2017HSRC,nosex12m,ZAF_2_DC42,Sedibeng DM,61,2017,Y040_044,0.2857201227106956
ZAF,ZAF2017HSRC,sexcohab,ZAF_2_DC42,Sedibeng DM,61,2017,Y040_044,0.4326799749188879
ZAF,ZAF2017HSRC,sexnonregplus,ZAF_2_DC42,Sedibeng DM,61,2017,Y040_044,0.2815999023704166
ZAF,ZAF2017HSRC,nosex12m,ZAF_2_DC42,Sedibeng DM,61,2017,Y045_049,0.3864291031130516
ZAF,ZAF2017HSRC,sexcohab,ZAF_2_DC42,Sedibeng DM,61,2017,Y045_049,0.39716109991080367
ZAF,ZAF2017HSRC,sexnonregplus,ZAF_2_DC42,Sedibeng DM,61,2017,Y045_049,0.21640979697614468
ZAF,ZAF2017HSRC,nosex12m,ZAF_2_DC48,West Rand DM,62,2017,Y015_019,0.7082196280809985
ZAF,ZAF2017HSRC,sexcohab,ZAF_2_DC48,West Rand DM,62,2017,Y015_019,0.01706652623184222
ZAF,ZAF2017HSRC,sexnonregplus,ZAF_2_DC48,West Rand DM,62,2017,Y015_019,0.2747138456871593
ZAF,ZAF2017HSRC,nosex12m,ZAF_2_DC48,West Rand DM,62,2017,Y020_024,0.27653920969420026
ZAF,ZAF2017HSRC,sexcohab,ZAF_2_DC48,West Rand DM,62,2017,Y020_024,0.1057513992144169
ZAF,ZAF2017HSRC,sexnonregplus,ZAF_2_DC48,West Rand DM,62,2017,Y020_024,0.6177093910913829
ZAF,ZAF2017HSRC,nosex12m,ZAF_2_DC48,West Rand DM,62,2017,Y025_029,0.19270464126750508
ZAF,ZAF2017HSRC,sexcohab,ZAF_2_DC48,West Rand DM,62,2017,Y025_029,0.2316265312615744
ZAF,ZAF2017HSRC,sexnonregplus,ZAF_2_DC48,West Rand DM,62,2017,Y025_029,0.5756688274709205
ZAF,ZAF2017HSRC,nosex12m,ZAF_2_DC48,West Rand DM,62,2017,Y030_034,0.1882222956296836
ZAF,ZAF2017HSRC,sexcohab,ZAF_2_DC48,West Rand DM,62,2017,Y030_034,0.3172044431945557
ZAF,ZAF2017HSRC,sexnonregplus,ZAF_2_DC48,West Rand DM,62,2017,Y030_034,0.4945732611757606
ZAF,ZAF2017HSRC,nosex12m,ZAF_2_DC48,West Rand DM,62,2017,Y035_039,0.1915050514617047
ZAF,ZAF2017HSRC,sexcohab,ZAF_2_DC48,West Rand DM,62,2017,Y035_039,0.40297719171132
ZAF,ZAF2017HSRC,sexnonregplus,ZAF_2_DC48,West Rand DM,62,2017,Y035_039,0.4055177568269752
ZAF,ZAF2017HSRC,nosex12m,ZAF_2_DC48,West Rand DM,62,2017,Y040_044,0.24235251396558027
ZAF,ZAF2017HSRC,sexcohab,ZAF_2_DC48,West Rand DM,62,2017,Y040_044,0.4504975694798225
ZAF,ZAF2017HSRC,sexnonregplus,ZAF_2_DC48,West Rand DM,62,2017,Y040_044,0.3071499165545972
ZAF,ZAF2017HSRC,nosex12m,ZAF_2_DC48,West Rand DM,62,2017,Y045_049,0.33534215378015125
ZAF,ZAF2017HSRC,sexcohab,ZAF_2_DC48,West Rand DM,62,2017,Y045_049,0.4231085261789499
ZAF,ZAF2017HSRC,sexnonregplus,ZAF_2_DC48,West Rand DM,62,2017,Y045_049,0.24154932004089885
ZAF,ZAF2022HSRC,nosex12m,ZAF_2_CPT,Cape Town MM,11,2022,Y015_019,0.7447544218722858
ZAF,ZAF2022HSRC,sexcohab,ZAF_2_CPT,Cape Town MM,11,2022,Y015_019,0.0213611500229204
ZAF,ZAF2022HSRC,sexnonregplus,ZAF_2_CPT,Cape Town MM,11,2022,Y015_019,0.23388442810479376
ZAF,ZAF2022HSRC,nosex12m,ZAF_2_CPT,Cape Town MM,11,2022,Y020_024,0.30566619428381625
ZAF,ZAF2022HSRC,sexcohab,ZAF_2_CPT,Cape Town MM,11,2022,Y020_024,0.13952619618455872
ZAF,ZAF2022HSRC,sexnonregplus,ZAF_2_CPT,Cape Town MM,11,2022,Y020_024,0.554807609531625
ZAF,ZAF2022HSRC,nosex12m,ZAF_2_CPT,Cape Town MM,11,2022,Y025_029,0.20556724511884297
ZAF,ZAF2022HSRC,sexcohab,ZAF_2_CPT,Cape Town MM,11,2022,Y025_029,0.29528063372297897
ZAF,ZAF2022HSRC,sexnonregplus,ZAF_2_CPT,Cape Town MM,11,2022,Y025_029,0.499152121158178
ZAF,ZAF2022HSRC,nosex12m,ZAF_2_CPT,Cape Town MM,11,2022,Y030_034,0.19422511204607631
ZAF,ZAF2022HSRC,sexcohab,ZAF_2_CPT,Cape Town MM,11,2022,Y030_034,0.3911720615815361
ZAF,ZAF2022HSRC,sexnonregplus,ZAF_2_CPT,Cape Town MM,11,2022,Y030_034,0.41460282637238755
ZAF,ZAF2022HSRC,nosex12m,ZAF_2_CPT,Cape Town MM,11,2022,Y035_039,0.1910113767676588
ZAF,ZAF2022HSRC,sexcohab,ZAF_2_CPT,Cape Town MM,11,2022,Y035_039,0.4805586469530675
ZAF,ZAF2022HSRC,sexnonregplus,ZAF_2_CPT,Cape Town MM,11,2022,Y035_039,0.3284299762792737
ZAF,ZAF2022HSRC,nosex12m,ZAF_2_CPT,Cape Town MM,11,2022,Y040_044,0.23524777147828624
ZAF,ZAF2022HSRC,sexcohab,ZAF_2_CPT,Cape Town MM,11,2022,Y040_044,0.5228131011488398
ZAF,ZAF2022HSRC,sexnonregplus,ZAF_2_CPT,Cape Town MM,11,2022,Y040_044,0.24193912737287393
ZAF,ZAF2022HSRC,nosex12m,ZAF_2_CPT,Cape Town MM,11,2022,Y045_049,0.3234087364186369
ZAF,ZAF2022HSRC,sexcohab,ZAF_2_CPT,Cape Town MM,11,2022,Y045_049,0.487653691158071
ZAF,ZAF2022HSRC,sexnonregplus,ZAF_2_CPT,Cape Town MM,11,2022,Y045_049,0.18893757242329215
ZAF,ZAF2022HSRC,nosex12m,ZAF_2_DC1,West Coast DM,12,2022,Y015_019,0.786695455436572
ZAF,ZAF2022HSRC,sexcohab,ZAF_2_DC1,West Coast DM,12,2022,Y015_019,0.01735781699467685
ZAF,ZAF2022HSRC,sexnonregplus,ZAF_2_DC1,West Coast DM,12,2022,Y015_019,0.19594672756875112
ZAF,ZAF2022HSRC,nosex12m,ZAF_2_DC1,West Coast DM,12,2022,Y020_024,0.35981736227345135
ZAF,ZAF2022HSRC,sexcohab,ZAF_2_DC1,West Coast DM,12,2022,Y020_024,0.12580409962732134
ZAF,ZAF2022HSRC,sexnonregplus,ZAF_2_DC1,West Coast DM,12,2022,Y020_024,0.5143785380992273
ZAF,ZAF2022HSRC,nosex12m,ZAF_2_DC1,West Coast DM,12,2022,Y025_029,0.2494756766625005
ZAF,ZAF2022HSRC,sexcohab,ZAF_2_DC1,West Coast DM,12,2022,Y025_029,0.27380056968232586
ZAF,ZAF2022HSRC,sexnonregplus,ZAF_2_DC1,West Coast DM,12,2022,Y025_029,0.4767237536551736
ZAF,ZAF2022HSRC,nosex12m,ZAF_2_DC1,West Coast DM,12,2022,Y030_034,0.2371053363588474
ZAF,ZAF2022HSRC,sexcohab,ZAF_2_DC1,West Coast DM,12,2022,Y030_034,0.36436762100131714
ZAF,ZAF2022HSRC,sexnonregplus,ZAF_2_DC1,West Coast DM,12,2022,Y030_034,0.39852704263983546
ZAF,ZAF2022HSRC,nosex12m,ZAF_2_DC1,West Coast DM,12,2022,Y035_039,0.2340686701655813
ZAF,ZAF2022HSRC,sexcohab,ZAF_2_DC1,West Coast DM,12,2022,Y035_039,0.44886913650340227
ZAF,ZAF2022HSRC,sexnonregplus,ZAF_2_DC1,West Coast DM,12,2022,Y035_039,0.31706219333101643
ZAF,ZAF2022HSRC,nosex12m,ZAF_2_DC1,West Coast DM,12,2022,Y040_044,0.2852999278958864
ZAF,ZAF2022HSRC,sexcohab,ZAF_2_DC1,West Coast DM,12,2022,Y040_044,0.4833076162880542
ZAF,ZAF2022HSRC,sexnonregplus,ZAF_2_DC1,West Coast DM,12,2022,Y040_044,0.23139245581605947
ZAF,ZAF2022HSRC,nosex12m,ZAF_2_DC1,West Coast DM,12,2022,Y045_049,0.38271825752832295
ZAF,ZAF2022HSRC,sexcohab,ZAF_2_DC1,West Coast DM,12,2022,Y045_049,0.4406229051180331
ZAF,ZAF2022HSRC,sexnonregplus,ZAF_2_DC1,West Coast DM,12,2022,Y045_049,0.17665883735364396
ZAF,ZAF2022HSRC,nosex12m,ZAF_2_DC2,Cape Winelands DM,13,2022,Y015_019,0.8235793154762543
ZAF,ZAF2022HSRC,sexcohab,ZAF_2_DC2,Cape Winelands DM,13,2022,Y015_019,0.0161301797133933
ZAF,ZAF2022HSRC,sexnonregplus,ZAF_2_DC2,Cape Winelands DM,13,2022,Y015_019,0.1602905048103524
ZAF,ZAF2022HSRC,nosex12m,ZAF_2_DC2,Cape Winelands DM,13,2022,Y020_024,0.410911018807295
ZAF,ZAF2022HSRC,sexcohab,ZAF_2_DC2,Cape Winelands DM,13,2022,Y020_024,0.1278438616523182
ZAF,ZAF2022HSRC,sexnonregplus,ZAF_2_DC2,Cape Winelands DM,13,2022,Y020_024,0.4612451195403868
ZAF,ZAF2022HSRC,nosex12m,ZAF_2_DC2,Cape Winelands DM,13,2022,Y025_029,0.28741555963088455
ZAF,ZAF2022HSRC,sexcohab,ZAF_2_DC2,Cape Winelands DM,13,2022,Y025_029,0.28109827061783293
ZAF,ZAF2022HSRC,sexnonregplus,ZAF_2_DC2,Cape Winelands DM,13,2022,Y025_029,0.4314861697512825
ZAF,ZAF2022HSRC,nosex12m,ZAF_2_DC2,Cape Winelands DM,13,2022,Y030_034,0.27096641426434037
ZAF,ZAF2022HSRC,sexcohab,ZAF_2_DC2,Cape Winelands DM,13,2022,Y030_034,0.3713761222282336
ZAF,ZAF2022HSRC,sexnonregplus,ZAF_2_DC2,Cape Winelands DM,13,2022,Y030_034,0.357657463507426
ZAF,ZAF2022HSRC,nosex12m,ZAF_2_DC2,Cape Winelands DM,13,2022,Y035_039,0.26483924322380126
ZAF,ZAF2022HSRC,sexcohab,ZAF_2_DC2,Cape Winelands DM,13,2022,Y035_039,0.4534098574570297
ZAF,ZAF2022HSRC,sexnonregplus,ZAF_2_DC2,Cape Winelands DM,13,2022,Y035_039,0.281750899319169
ZAF,ZAF2022HSRC,nosex12m,ZAF_2_DC2,Cape Winelands DM,13,2022,Y040_044,0.31757288291746616
ZAF,ZAF2022HSRC,sexcohab,ZAF_2_DC2,Cape Winelands DM,13,2022,Y040_044,0.48027162801416184
ZAF,ZAF2022HSRC,sexnonregplus,ZAF_2_DC2,Cape Winelands DM,13,2022,Y040_044,0.202155489068372
ZAF,ZAF2022HSRC,nosex12m,ZAF_2_DC2,Cape Winelands DM,13,2022,Y045_049,0.4187025437898097
ZAF,ZAF2022HSRC,sexcohab,ZAF_2_DC2,Cape Winelands DM,13,2022,Y045_049,0.4298334456119855
ZAF,ZAF2022HSRC,sexnonregplus,ZAF_2_DC2,Cape Winelands DM,13,2022,Y045_049,0.15146401059820483
ZAF,ZAF2022HSRC,nosex12m,ZAF_2_DC3,Overberg DM,14,2022,Y015_019,0.7963860981392398
ZAF,ZAF2022HSRC,sexcohab,ZAF_2_DC3,Overberg DM,14,2022,Y015_019,0.01754694777048819
ZAF,ZAF2022HSRC,sexnonregplus,ZAF_2_DC3,Overberg DM,14,2022,Y015_019,0.18606695409027205
ZAF,ZAF2022HSRC,nosex12m,ZAF_2_DC3,Overberg DM,14,2022,Y020_024,0.37248551584446343
ZAF,ZAF2022HSRC,sexcohab,ZAF_2_DC3,Overberg DM,14,2022,Y020_024,0.12955000852422416
ZAF,ZAF2022HSRC,sexnonregplus,ZAF_2_DC3,Overberg DM,14,2022,Y020_024,0.4979644756313124
ZAF,ZAF2022HSRC,nosex12m,ZAF_2_DC3,Overberg DM,14,2022,Y025_029,0.258006973676275
ZAF,ZAF2022HSRC,sexcohab,ZAF_2_DC3,Overberg DM,14,2022,Y025_029,0.2811598643096913
ZAF,ZAF2022HSRC,sexnonregplus,ZAF_2_DC3,Overberg DM,14,2022,Y025_029,0.4608331620140337
ZAF,ZAF2022HSRC,nosex12m,ZAF_2_DC3,Overberg DM,14,2022,Y030_034,0.2440345791299628
ZAF,ZAF2022HSRC,sexcohab,ZAF_2_DC3,Overberg DM,14,2022,Y030_034,0.3723917778500865
ZAF,ZAF2022HSRC,sexnonregplus,ZAF_2_DC3,Overberg DM,14,2022,Y030_034,0.3835736430199507
ZAF,ZAF2022HSRC,nosex12m,ZAF_2_DC3,Overberg DM,14,2022,Y035_039,0.2397799189223252
ZAF,ZAF2022HSRC,sexcohab,ZAF_2_DC3,Overberg DM,14,2022,Y035_039,0.4563725989030167
ZAF,ZAF2022HSRC,sexnonregplus,ZAF_2_DC3,Overberg DM,14,2022,Y035_039,0.3038474821746581
ZAF,ZAF2022HSRC,nosex12m,ZAF_2_DC3,Overberg DM,14,2022,Y040_044,0.2906120990127627
ZAF,ZAF2022HSRC,sexcohab,ZAF_2_DC3,Overberg DM,14,2022,Y040_044,0.4887271403204254
ZAF,ZAF2022HSRC,sexnonregplus,ZAF_2_DC3,Overberg DM,14,2022,Y040_044,0.2206607606668119
ZAF,ZAF2022HSRC,nosex12m,ZAF_2_DC3,Overberg DM,14,2022,Y045_049,0.3882194388375902
ZAF,ZAF2022HSRC,sexcohab,ZAF_2_DC3,Overberg DM,14,2022,Y045_049,0.44397366857299153
ZAF,ZAF2022HSRC,sexnonregplus,ZAF_2_DC3,Overberg DM,14,2022,Y045_049,0.1678068925894183
ZAF,ZAF2022HSRC,nosex12m,ZAF_2_DC4,Garden Route DM,15,2022,Y015_019,0.8110373404558039
ZAF,ZAF2022HSRC,sexcohab,ZAF_2_DC4,Garden Route DM,15,2022,Y015_019,0.01590910750594771
ZAF,ZAF2022HSRC,sexnonregplus,ZAF_2_DC4,Garden Route DM,15,2022,Y015_019,0.17305355203824835
ZAF,ZAF2022HSRC,nosex12m,ZAF_2_DC4,Garden Route DM,15,2022,Y020_024,0.394201376603364
ZAF,ZAF2022HSRC,sexcohab,ZAF_2_DC4,Garden Route DM,15,2022,Y020_024,0.12231182574146936
ZAF,ZAF2022HSRC,sexnonregplus,ZAF_2_DC4,Garden Route DM,15,2022,Y020_024,0.48348679765516656
ZAF,ZAF2022HSRC,nosex12m,ZAF_2_DC4,Garden Route DM,15,2022,Y025_029,0.27668896901913914
ZAF,ZAF2022HSRC,sexcohab,ZAF_2_DC4,Garden Route DM,15,2022,Y025_029,0.26959102199369683
ZAF,ZAF2022HSRC,sexnonregplus,ZAF_2_DC4,Garden Route DM,15,2022,Y025_029,0.453720008987164
ZAF,ZAF2022HSRC,nosex12m,ZAF_2_DC4,Garden Route DM,15,2022,Y030_034,0.26266746954024817
ZAF,ZAF2022HSRC,sexcohab,ZAF_2_DC4,Garden Route DM,15,2022,Y030_034,0.3585137906850344
ZAF,ZAF2022HSRC,sexnonregplus,ZAF_2_DC4,Garden Route DM,15,2022,Y030_034,0.3788187397747174
ZAF,ZAF2022HSRC,nosex12m,ZAF_2_DC4,Garden Route DM,15,2022,Y035_039,0.25863634848844197
ZAF,ZAF2022HSRC,sexcohab,ZAF_2_DC4,Garden Route DM,15,2022,Y035_039,0.4406923667771754
ZAF,ZAF2022HSRC,sexnonregplus,ZAF_2_DC4,Garden Route DM,15,2022,Y035_039,0.30067128473438265
ZAF,ZAF2022HSRC,nosex12m,ZAF_2_DC4,Garden Route DM,15,2022,Y040_044,0.31233572026803597
ZAF,ZAF2022HSRC,sexcohab,ZAF_2_DC4,Garden Route DM,15,2022,Y040_044,0.4702260976835349
ZAF,ZAF2022HSRC,sexnonregplus,ZAF_2_DC4,Garden Route DM,15,2022,Y040_044,0.2174381820484292
ZAF,ZAF2022HSRC,nosex12m,ZAF_2_DC4,Garden Route DM,15,2022,Y045_049,0.4134553087570172
ZAF,ZAF2022HSRC,sexcohab,ZAF_2_DC4,Garden Route DM,15,2022,Y045_049,0.42285199689482583
ZAF,ZAF2022HSRC,sexnonregplus,ZAF_2_DC4,Garden Route DM,15,2022,Y045_049,0.16369269434815695
ZAF,ZAF2022HSRC,nosex12m,ZAF_2_DC5,Central Karoo DM,16,2022,Y015_019,0.8097264769086914
ZAF,ZAF2022HSRC,sexcohab,ZAF_2_DC5,Central Karoo DM,16,2022,Y015_019,0.01562385082724293
ZAF,ZAF2022HSRC,sexnonregplus,ZAF_2_DC5,Central Karoo DM,16,2022,Y015_019,0.17464967226406572
ZAF,ZAF2022HSRC,nosex12m,ZAF_2_DC5,Central Karoo DM,16,2022,Y020_024,0.3937965045572185
ZAF,ZAF2022HSRC,sexcohab,ZAF_2_DC5,Central Karoo DM,16,2022,Y020_024,0.12012617107289043
ZAF,ZAF2022HSRC,sexnonregplus,ZAF_2_DC5,Central Karoo DM,16,2022,Y020_024,0.48607732436989104
ZAF,ZAF2022HSRC,nosex12m,ZAF_2_DC5,Central Karoo DM,16,2022,Y025_029,0.27731401656184074
ZAF,ZAF2022HSRC,sexcohab,ZAF_2_DC5,Central Karoo DM,16,2022,Y025_029,0.2652346112189574
ZAF,ZAF2022HSRC,sexnonregplus,ZAF_2_DC5,Central Karoo DM,16,2022,Y025_029,0.4574513722192019
ZAF,ZAF2022HSRC,nosex12m,ZAF_2_DC5,Central Karoo DM,16,2022,Y030_034,0.26383891352298106
ZAF,ZAF2022HSRC,sexcohab,ZAF_2_DC5,Central Karoo DM,16,2022,Y030_034,0.35330437203561815
ZAF,ZAF2022HSRC,sexnonregplus,ZAF_2_DC5,Central Karoo DM,16,2022,Y030_034,0.3828567144414008
ZAF,ZAF2022HSRC,nosex12m,ZAF_2_DC5,Central Karoo DM,16,2022,Y035_039,0.26032453177311915
ZAF,ZAF2022HSRC,sexcohab,ZAF_2_DC5,Central Karoo DM,16,2022,Y035_039,0.43496727196108514
ZAF,ZAF2022HSRC,sexnonregplus,ZAF_2_DC5,Central Karoo DM,16,2022,Y035_039,0.3047081962657957
ZAF,ZAF2022HSRC,nosex12m,ZAF_2_DC5,Central Karoo DM,16,2022,Y040_044,0.31466402776112795
ZAF,ZAF2022HSRC,sexcohab,ZAF_2_DC5,Central Karoo DM,16,2022,Y040_044,0.4645918249191809
ZAF,ZAF2022HSRC,sexnonregplus,ZAF_2_DC5,Central Karoo DM,16,2022,Y040_044,0.2207441473196912
ZAF,ZAF2022HSRC,nosex12m,ZAF_2_DC5,Central Karoo DM,16,2022,Y045_049,0.41612950260526727
ZAF,ZAF2022HSRC,sexcohab,ZAF_2_DC5,Central Karoo DM,16,2022,Y045_049,0.4177225128299955
ZAF,ZAF2022HSRC,sexnonregplus,ZAF_2_DC5,Central Karoo DM,16,2022,Y045_049,0.1661479845647372
ZAF,ZAF2022HSRC,nosex12m,ZAF_2_DC6,Namakwa DM,17,2022,Y015_019,0.7882883533677133
ZAF,ZAF2022HSRC,sexcohab,ZAF_2_DC6,Namakwa DM,17,2022,Y015_019,0.01786530798777535
ZAF,ZAF2022HSRC,sexnonregplus,ZAF_2_DC6,Namakwa DM,17,2022,Y015_019,0.19384633864451137
ZAF,ZAF2022HSRC,nosex12m,ZAF_2_DC6,Namakwa DM,17,2022,Y020_024,0.3607420408192785
ZAF,ZAF2022HSRC,sexcohab,ZAF_2_DC6,Namakwa DM,17,2022,Y020_024,0.12959661578343531
ZAF,ZAF2022HSRC,sexnonregplus,ZAF_2_DC6,Namakwa DM,17,2022,Y020_024,0.5096613433972862
ZAF,ZAF2022HSRC,nosex12m,ZAF_2_DC6,Namakwa DM,17,2022,Y025_029,0.2489079967652372
ZAF,ZAF2022HSRC,sexcohab,ZAF_2_DC6,Namakwa DM,17,2022,Y025_029,0.28077674931424434
ZAF,ZAF2022HSRC,sexnonregplus,ZAF_2_DC6,Namakwa DM,17,2022,Y025_029,0.4703152539205184
ZAF,ZAF2022HSRC,nosex12m,ZAF_2_DC6,Namakwa DM,17,2022,Y030_034,0.2357368837373392
ZAF,ZAF2022HSRC,sexcohab,ZAF_2_DC6,Namakwa DM,17,2022,Y030_034,0.3724697678320996
ZAF,ZAF2022HSRC,sexnonregplus,ZAF_2_DC6,Namakwa DM,17,2022,Y030_034,0.3917933484305612
ZAF,ZAF2022HSRC,nosex12m,ZAF_2_DC6,Namakwa DM,17,2022,Y035_039,0.2319285529165736
ZAF,ZAF2022HSRC,sexcohab,ZAF_2_DC6,Namakwa DM,17,2022,Y035_039,0.457382583755429
ZAF,ZAF2022HSRC,sexnonregplus,ZAF_2_DC6,Namakwa DM,17,2022,Y035_039,0.3106888633279974
ZAF,ZAF2022HSRC,nosex12m,ZAF_2_DC6,Namakwa DM,17,2022,Y040_044,0.28214575659229923
ZAF,ZAF2022HSRC,sexcohab,ZAF_2_DC6,Namakwa DM,17,2022,Y040_044,0.49153104990885355
ZAF,ZAF2022HSRC,sexnonregplus,ZAF_2_DC6,Namakwa DM,17,2022,Y040_044,0.22632319349884725
ZAF,ZAF2022HSRC,nosex12m,ZAF_2_DC6,Namakwa DM,17,2022,Y045_049,0.37883058224864424
ZAF,ZAF2022HSRC,sexcohab,ZAF_2_DC6,Namakwa DM,17,2022,Y045_049,0.4482992375854202
ZAF,ZAF2022HSRC,sexnonregplus,ZAF_2_DC6,Namakwa DM,17,2022,Y045_049,0.17287018016593556
ZAF,ZAF2022HSRC,nosex12m,ZAF_2_DC7,Pixley ka Seme DM,18,2022,Y015_019,0.7390980464722531
ZAF,ZAF2022HSRC,sexcohab,ZAF_2_DC7,Pixley ka Seme DM,18,2022,Y015_019,0.01552724948337607
ZAF,ZAF2022HSRC,sexnonregplus,ZAF_2_DC7,Pixley ka Seme DM,18,2022,Y015_019,0.2453747040443708
ZAF,ZAF2022HSRC,nosex12m,ZAF_2_DC7,Pixley ka Seme DM,18,2022,Y020_024,0.3077151864129192
ZAF,ZAF2022HSRC,sexcohab,ZAF_2_DC7,Pixley ka Seme DM,18,2022,Y020_024,0.10276600405365288
ZAF,ZAF2022HSRC,sexnonregplus,ZAF_2_DC7,Pixley ka Seme DM,18,2022,Y020_024,0.589518809533428
ZAF,ZAF2022HSRC,nosex12m,ZAF_2_DC7,Pixley ka Seme DM,18,2022,Y025_029,0.2167605834121011
ZAF,ZAF2022HSRC,sexcohab,ZAF_2_DC7,Pixley ka Seme DM,18,2022,Y025_029,0.227669977035415
ZAF,ZAF2022HSRC,sexnonregplus,ZAF_2_DC7,Pixley ka Seme DM,18,2022,Y025_029,0.555569439552484
ZAF,ZAF2022HSRC,nosex12m,ZAF_2_DC7,Pixley ka Seme DM,18,2022,Y030_034,0.2115979722673111
ZAF,ZAF2022HSRC,sexcohab,ZAF_2_DC7,Pixley ka Seme DM,18,2022,Y030_034,0.31153160990161255
ZAF,ZAF2022HSRC,sexnonregplus,ZAF_2_DC7,Pixley ka Seme DM,18,2022,Y030_034,0.4768704178310763
ZAF,ZAF2022HSRC,nosex12m,ZAF_2_DC7,Pixley ka Seme DM,18,2022,Y035_039,0.2148214009122417
ZAF,ZAF2022HSRC,sexcohab,ZAF_2_DC7,Pixley ka Seme DM,18,2022,Y035_039,0.39502226906223015
ZAF,ZAF2022HSRC,sexnonregplus,ZAF_2_DC7,Pixley ka Seme DM,18,2022,Y035_039,0.3901563300255282
ZAF,ZAF2022HSRC,nosex12m,ZAF_2_DC7,Pixley ka Seme DM,18,2022,Y040_044,0.26948233508090874
ZAF,ZAF2022HSRC,sexcohab,ZAF_2_DC7,Pixley ka Seme DM,18,2022,Y040_044,0.43769385094469665
ZAF,ZAF2022HSRC,sexnonregplus,ZAF_2_DC7,Pixley ka Seme DM,18,2022,Y040_044,0.2928238139743946
ZAF,ZAF2022HSRC,nosex12m,ZAF_2_DC7,Pixley ka Seme DM,18,2022,Y045_049,0.3676928557084195
ZAF,ZAF2022HSRC,sexcohab,ZAF_2_DC7,Pixley ka Seme DM,18,2022,Y045_049,0.40528117191232926
ZAF,ZAF2022HSRC,sexnonregplus,ZAF_2_DC7,Pixley ka Seme DM,18,2022,Y045_049,0.2270259723792513
ZAF,ZAF2022HSRC,nosex12m,ZAF_2_DC8,ZF Mgcawu DM,19,2022,Y015_019,0.7459311207945027
ZAF,ZAF2022HSRC,sexcohab,ZAF_2_DC8,ZF Mgcawu DM,19,2022,Y015_019,0.01771664571864681
ZAF,ZAF2022HSRC,sexnonregplus,ZAF_2_DC8,ZF Mgcawu DM,19,2022,Y015_019,0.23635223348685047
ZAF,ZAF2022HSRC,nosex12m,ZAF_2_DC8,ZF Mgcawu DM,19,2022,Y020_024,0.31222396915321327
ZAF,ZAF2022HSRC,sexcohab,ZAF_2_DC8,ZF Mgcawu DM,19,2022,Y020_024,0.1177562827971726
ZAF,ZAF2022HSRC,sexnonregplus,ZAF_2_DC8,ZF Mgcawu DM,19,2022,Y020_024,0.5700197480496141
ZAF,ZAF2022HSRC,nosex12m,ZAF_2_DC8,ZF Mgcawu DM,19,2022,Y025_029,0.21609189381896216
ZAF,ZAF2022HSRC,sexcohab,ZAF_2_DC8,ZF Mgcawu DM,19,2022,Y025_029,0.25616572875044896
ZAF,ZAF2022HSRC,sexnonregplus,ZAF_2_DC8,ZF Mgcawu DM,19,2022,Y025_029,0.5277423774305888
ZAF,ZAF2022HSRC,nosex12m,ZAF_2_DC8,ZF Mgcawu DM,19,2022,Y030_034,0.2079618170876409
ZAF,ZAF2022HSRC,sexcohab,ZAF_2_DC8,ZF Mgcawu DM,19,2022,Y030_034,0.3454560811833526
ZAF,ZAF2022HSRC,sexnonregplus,ZAF_2_DC8,ZF Mgcawu DM,19,2022,Y030_034,0.4465821017290066
ZAF,ZAF2022HSRC,nosex12m,ZAF_2_DC8,ZF Mgcawu DM,19,2022,Y035_039,0.2081248619619056
ZAF,ZAF2022HSRC,sexcohab,ZAF_2_DC8,ZF Mgcawu DM,19,2022,Y035_039,0.431713181056689
ZAF,ZAF2022HSRC,sexnonregplus,ZAF_2_DC8,ZF Mgcawu DM,19,2022,Y035_039,0.36016195698140546
ZAF,ZAF2022HSRC,nosex12m,ZAF_2_DC8,ZF Mgcawu DM,19,2022,Y040_044,0.2585595208019486
ZAF,ZAF2022HSRC,sexcohab,ZAF_2_DC8,ZF Mgcawu DM,19,2022,Y040_044,0.47372386554028506
ZAF,ZAF2022HSRC,sexnonregplus,ZAF_2_DC8,ZF Mgcawu DM,19,2022,Y040_044,0.2677166136577664
ZAF,ZAF2022HSRC,nosex12m,ZAF_2_DC8,ZF Mgcawu DM,19,2022,Y045_049,0.3530678476258861
ZAF,ZAF2022HSRC,sexcohab,ZAF_2_DC8,ZF Mgcawu DM,19,2022,Y045_049,0.4391397133912908
ZAF,ZAF2022HSRC,sexnonregplus,ZAF_2_DC8,ZF Mgcawu DM,19,2022,Y045_049,0.2077924389828231
ZAF,ZAF2022HSRC,nosex12m,ZAF_2_DC9,Frances Baard DM,20,2022,Y015_019,0.7031988811237806
ZAF,ZAF2022HSRC,sexcohab,ZAF_2_DC9,Frances Baard DM,20,2022,Y015_019,0.01421799839629638
ZAF,ZAF2022HSRC,sexnonregplus,ZAF_2_DC9,Frances Baard DM,20,2022,Y015_019,0.282583120479923
ZAF,ZAF2022HSRC,nosex12m,ZAF_2_DC9,Frances Baard DM,20,2022,Y020_024,0.27479727001427484
ZAF,ZAF2022HSRC,sexcohab,ZAF_2_DC9,Frances Baard DM,20,2022,Y020_024,0.0882673953969906
ZAF,ZAF2022HSRC,sexnonregplus,ZAF_2_DC9,Frances Baard DM,20,2022,Y020_024,0.6369353345887345
ZAF,ZAF2022HSRC,nosex12m,ZAF_2_DC9,Frances Baard DM,20,2022,Y025_029,0.1956815525520076
ZAF,ZAF2022HSRC,sexcohab,ZAF_2_DC9,Frances Baard DM,20,2022,Y025_029,0.1976308360972852
ZAF,ZAF2022HSRC,sexnonregplus,ZAF_2_DC9,Frances Baard DM,20,2022,Y025_029,0.6066876113507073
ZAF,ZAF2022HSRC,nosex12m,ZAF_2_DC9,Frances Baard DM,20,2022,Y030_034,0.19446981057603477
ZAF,ZAF2022HSRC,sexcohab,ZAF_2_DC9,Frances Baard DM,20,2022,Y030_034,0.2753428751437642
ZAF,ZAF2022HSRC,sexnonregplus,ZAF_2_DC9,Frances Baard DM,20,2022,Y030_034,0.530187314280201
ZAF,ZAF2022HSRC,nosex12m,ZAF_2_DC9,Frances Baard DM,20,2022,Y035_039,0.2014257096022156
ZAF,ZAF2022HSRC,sexcohab,ZAF_2_DC9,Frances Baard DM,20,2022,Y035_039,0.35613999546028224
ZAF,ZAF2022HSRC,sexnonregplus,ZAF_2_DC9,Frances Baard DM,20,2022,Y035_039,0.44243429493750214
ZAF,ZAF2022HSRC,nosex12m,ZAF_2_DC9,Frances Baard DM,20,2022,Y040_044,0.2580077359355026
ZAF,ZAF2022HSRC,sexcohab,ZAF_2_DC9,Frances Baard DM,20,2022,Y040_044,0.40294295936701047
ZAF,ZAF2022HSRC,sexnonregplus,ZAF_2_DC9,Frances Baard DM,20,2022,Y040_044,0.33904930469748695
ZAF,ZAF2022HSRC,nosex12m,ZAF_2_DC9,Frances Baard DM,20,2022,Y045_049,0.3562508300644421
ZAF,ZAF2022HSRC,sexcohab,ZAF_2_DC9,Frances Baard DM,20,2022,Y045_049,0.37764590717186375
ZAF,ZAF2022HSRC,sexnonregplus,ZAF_2_DC9,Frances Baard DM,20,2022,Y045_049,0.26610326276369417
ZAF,ZAF2022HSRC,nosex12m,ZAF_2_DC45,J T Gaetsewe DM,21,2022,Y015_019,0.7267974461048048
ZAF,ZAF2022HSRC,sexcohab,ZAF_2_DC45,J T Gaetsewe DM,21,2022,Y015_019,0.01113416303693955
ZAF,ZAF2022HSRC,sexnonregplus,ZAF_2_DC45,J T Gaetsewe DM,21,2022,Y015_019,0.2620683908582556
ZAF,ZAF2022HSRC,nosex12m,ZAF_2_DC45,J T Gaetsewe DM,21,2022,Y020_024,0.3028443211402949
ZAF,ZAF2022HSRC,sexcohab,ZAF_2_DC45,J T Gaetsewe DM,21,2022,Y020_024,0.07327120427794122
ZAF,ZAF2022HSRC,sexnonregplus,ZAF_2_DC45,J T Gaetsewe DM,21,2022,Y020_024,0.6238844745817639
ZAF,ZAF2022HSRC,nosex12m,ZAF_2_DC45,J T Gaetsewe DM,21,2022,Y025_029,0.22166677778746433
ZAF,ZAF2022HSRC,sexcohab,ZAF_2_DC45,J T Gaetsewe DM,21,2022,Y025_029,0.1681965266802893
ZAF,ZAF2022HSRC,sexnonregplus,ZAF_2_DC45,J T Gaetsewe DM,21,2022,Y025_029,0.6101366955322464
ZAF,ZAF2022HSRC,nosex12m,ZAF_2_DC45,J T Gaetsewe DM,21,2022,Y030_034,0.2229491670748748
ZAF,ZAF2022HSRC,sexcohab,ZAF_2_DC45,J T Gaetsewe DM,21,2022,Y030_034,0.23704443599381825
ZAF,ZAF2022HSRC,sexnonregplus,ZAF_2_DC45,J T Gaetsewe DM,21,2022,Y030_034,0.5400063969313069
ZAF,ZAF2022HSRC,nosex12m,ZAF_2_DC45,J T Gaetsewe DM,21,2022,Y035_039,0.2336275442402913
ZAF,ZAF2022HSRC,sexcohab,ZAF_2_DC45,J T Gaetsewe DM,21,2022,Y035_039,0.3100207035496066
ZAF,ZAF2022HSRC,sexnonregplus,ZAF_2_DC45,J T Gaetsewe DM,21,2022,Y035_039,0.4563517522101021
ZAF,ZAF2022HSRC,nosex12m,ZAF_2_DC45,J T Gaetsewe DM,21,2022,Y040_044,0.29905641233139774
ZAF,ZAF2022HSRC,sexcohab,ZAF_2_DC45,J T Gaetsewe DM,21,2022,Y040_044,0.35071881078552947
ZAF,ZAF2022HSRC,sexnonregplus,ZAF_2_DC45,J T Gaetsewe DM,21,2022,Y040_044,0.3502247768830728
ZAF,ZAF2022HSRC,nosex12m,ZAF_2_DC45,J T Gaetsewe DM,21,2022,Y045_049,0.4057217007963512
ZAF,ZAF2022HSRC,sexcohab,ZAF_2_DC45,J T Gaetsewe DM,21,2022,Y045_049,0.3235610740966452
ZAF,ZAF2022HSRC,sexnonregplus,ZAF_2_DC45,J T Gaetsewe DM,21,2022,Y045_049,0.2707172251070036
ZAF,ZAF2022HSRC,nosex12m,ZAF_2_BUF,Buffalo City MM,22,2022,Y015_019,0.7211929953917453
ZAF,ZAF2022HSRC,sexcohab,ZAF_2_BUF,Buffalo City MM,22,2022,Y015_019,0.01066691834408887
ZAF,ZAF2022HSRC,sexnonregplus,ZAF_2_BUF,Buffalo City MM,22,2022,Y015_019,0.26814008626416586
ZAF,ZAF2022HSRC,nosex12m,ZAF_2_BUF,Buffalo City MM,22,2022,Y020_024,0.2962792076135402
ZAF,ZAF2022HSRC,sexcohab,ZAF_2_BUF,Buffalo City MM,22,2022,Y020_024,0.06961728808307582
ZAF,ZAF2022HSRC,sexnonregplus,ZAF_2_BUF,Buffalo City MM,22,2022,Y020_024,0.6341035043033839
ZAF,ZAF2022HSRC,nosex12m,ZAF_2_BUF,Buffalo City MM,22,2022,Y025_029,0.21734955568510192
ZAF,ZAF2022HSRC,sexcohab,ZAF_2_BUF,Buffalo City MM,22,2022,Y025_029,0.16046230193560884
ZAF,ZAF2022HSRC,sexnonregplus,ZAF_2_BUF,Buffalo City MM,22,2022,Y025_029,0.6221881423792892
ZAF,ZAF2022HSRC,nosex12m,ZAF_2_BUF,Buffalo City MM,22,2022,Y030_034,0.21971461724083485
ZAF,ZAF2022HSRC,sexcohab,ZAF_2_BUF,Buffalo City MM,22,2022,Y030_034,0.22728699813183229
ZAF,ZAF2022HSRC,sexnonregplus,ZAF_2_BUF,Buffalo City MM,22,2022,Y030_034,0.5529983846273329
ZAF,ZAF2022HSRC,nosex12m,ZAF_2_BUF,Buffalo City MM,22,2022,Y035_039,0.23146117459021645
ZAF,ZAF2022HSRC,sexcohab,ZAF_2_BUF,Buffalo City MM,22,2022,Y035_039,0.29895394502636974
ZAF,ZAF2022HSRC,sexnonregplus,ZAF_2_BUF,Buffalo City MM,22,2022,Y035_039,0.46958488038341384
ZAF,ZAF2022HSRC,nosex12m,ZAF_2_BUF,Buffalo City MM,22,2022,Y040_044,0.29803957320186847
ZAF,ZAF2022HSRC,sexcohab,ZAF_2_BUF,Buffalo City MM,22,2022,Y040_044,0.34002994451409124
ZAF,ZAF2022HSRC,sexnonregplus,ZAF_2_BUF,Buffalo City MM,22,2022,Y040_044,0.3619304822840403
ZAF,ZAF2022HSRC,nosex12m,ZAF_2_BUF,Buffalo City MM,22,2022,Y045_049,0.4056055592756459
ZAF,ZAF2022HSRC,sexcohab,ZAF_2_BUF,Buffalo City MM,22,2022,Y045_049,0.31425354485425705
ZAF,ZAF2022HSRC,sexnonregplus,ZAF_2_BUF,Buffalo City MM,22,2022,Y045_049,0.280140895870097
ZAF,ZAF2022HSRC,nosex12m,ZAF_2_NMA,N Mandela Bay MM,23,2022,Y015_019,0.7692889294414766
ZAF,ZAF2022HSRC,sexcohab,ZAF_2_NMA,N Mandela Bay MM,23,2022,Y015_019,0.0150348697421378
ZAF,ZAF2022HSRC,sexnonregplus,ZAF_2_NMA,N Mandela Bay MM,23,2022,Y015_019,0.2156762008163856
ZAF,ZAF2022HSRC,nosex12m,ZAF_2_NMA,N Mandela Bay MM,23,2022,Y020_024,0.341669273830418
ZAF,ZAF2022HSRC,sexcohab,ZAF_2_NMA,N Mandela Bay MM,23,2022,Y020_024,0.10601118589050622
ZAF,ZAF2022HSRC,sexnonregplus,ZAF_2_NMA,N Mandela Bay MM,23,2022,Y020_024,0.5523195402790758
ZAF,ZAF2022HSRC,nosex12m,ZAF_2_NMA,N Mandela Bay MM,23,2022,Y025_029,0.2417099747946387
ZAF,ZAF2022HSRC,sexcohab,ZAF_2_NMA,N Mandela Bay MM,23,2022,Y025_029,0.2356976606379392
ZAF,ZAF2022HSRC,sexnonregplus,ZAF_2_NMA,N Mandela Bay MM,23,2022,Y025_029,0.5225923645674221
ZAF,ZAF2022HSRC,nosex12m,ZAF_2_NMA,N Mandela Bay MM,23,2022,Y030_034,0.23432543994864263
ZAF,ZAF2022HSRC,sexcohab,ZAF_2_NMA,N Mandela Bay MM,23,2022,Y030_034,0.3202337241324357
ZAF,ZAF2022HSRC,sexnonregplus,ZAF_2_NMA,N Mandela Bay MM,23,2022,Y030_034,0.4454408359189216
ZAF,ZAF2022HSRC,nosex12m,ZAF_2_NMA,N Mandela Bay MM,23,2022,Y035_039,0.23596194003926152
ZAF,ZAF2022HSRC,sexcohab,ZAF_2_NMA,N Mandela Bay MM,23,2022,Y035_039,0.40261218497125106
ZAF,ZAF2022HSRC,sexnonregplus,ZAF_2_NMA,N Mandela Bay MM,23,2022,Y035_039,0.3614258749894874
ZAF,ZAF2022HSRC,nosex12m,ZAF_2_NMA,N Mandela Bay MM,23,2022,Y040_044,0.29209044441819293
ZAF,ZAF2022HSRC,sexcohab,ZAF_2_NMA,N Mandela Bay MM,23,2022,Y040_044,0.44022696477018153
ZAF,ZAF2022HSRC,sexnonregplus,ZAF_2_NMA,N Mandela Bay MM,23,2022,Y040_044,0.26768259081162554
ZAF,ZAF2022HSRC,nosex12m,ZAF_2_NMA,N Mandela Bay MM,23,2022,Y045_049,0.3930561064397427
ZAF,ZAF2022HSRC,sexcohab,ZAF_2_NMA,N Mandela Bay MM,23,2022,Y045_049,0.40220631291396747
ZAF,ZAF2022HSRC,sexnonregplus,ZAF_2_NMA,N Mandela Bay MM,23,2022,Y045_049,0.20473758064628983
ZAF,ZAF2022HSRC,nosex12m,ZAF_2_DC10,Sarah Baartman DM,24,2022,Y015_019,0.7748672895700416
ZAF,ZAF2022HSRC,sexcohab,ZAF_2_DC10,Sarah Baartman DM,24,2022,Y015_019,0.01515536204239409
ZAF,ZAF2022HSRC,sexnonregplus,ZAF_2_DC10,Sarah Baartman DM,24,2022,Y015_019,0.20997734838756432
ZAF,ZAF2022HSRC,nosex12m,ZAF_2_DC10,Sarah Baartman DM,24,2022,Y020_024,0.3481541555159064
ZAF,ZAF2022HSRC,sexcohab,ZAF_2_DC10,Sarah Baartman DM,24,2022,Y020_024,0.1081099352591332
ZAF,ZAF2022HSRC,sexnonregplus,ZAF_2_DC10,Sarah Baartman DM,24,2022,Y020_024,0.5437359092249604
ZAF,ZAF2022HSRC,nosex12m,ZAF_2_DC10,Sarah Baartman DM,24,2022,Y025_029,0.24598837406152668
ZAF,ZAF2022HSRC,sexcohab,ZAF_2_DC10,Sarah Baartman DM,24,2022,Y025_029,0.24012282622400427
ZAF,ZAF2022HSRC,sexnonregplus,ZAF_2_DC10,Sarah Baartman DM,24,2022,Y025_029,0.5138887997144691
ZAF,ZAF2022HSRC,nosex12m,ZAF_2_DC10,Sarah Baartman DM,24,2022,Y030_034,0.23782019785774375
ZAF,ZAF2022HSRC,sexcohab,ZAF_2_DC10,Sarah Baartman DM,24,2022,Y030_034,0.325288227448649
ZAF,ZAF2022HSRC,sexnonregplus,ZAF_2_DC10,Sarah Baartman DM,24,2022,Y030_034,0.4368915746936072
ZAF,ZAF2022HSRC,nosex12m,ZAF_2_DC10,Sarah Baartman DM,24,2022,Y035_039,0.23877312030268283
ZAF,ZAF2022HSRC,sexcohab,ZAF_2_DC10,Sarah Baartman DM,24,2022,Y035_039,0.40776740709516224
ZAF,ZAF2022HSRC,sexnonregplus,ZAF_2_DC10,Sarah Baartman DM,24,2022,Y035_039,0.3534594726021549
ZAF,ZAF2022HSRC,nosex12m,ZAF_2_DC10,Sarah Baartman DM,24,2022,Y040_044,0.294586994530765
ZAF,ZAF2022HSRC,sexcohab,ZAF_2_DC10,Sarah Baartman DM,24,2022,Y040_044,0.4444026590931908
ZAF,ZAF2022HSRC,sexnonregplus,ZAF_2_DC10,Sarah Baartman DM,24,2022,Y040_044,0.26101034637604426
ZAF,ZAF2022HSRC,nosex12m,ZAF_2_DC10,Sarah Baartman DM,24,2022,Y045_049,0.3956176996512877
ZAF,ZAF2022HSRC,sexcohab,ZAF_2_DC10,Sarah Baartman DM,24,2022,Y045_049,0.40517990719189106
ZAF,ZAF2022HSRC,sexnonregplus,ZAF_2_DC10,Sarah Baartman DM,24,2022,Y045_049,0.19920239315682128
ZAF,ZAF2022HSRC,nosex12m,ZAF_2_DC12,Amathole DM,25,2022,Y015_019,0.710555266661398
ZAF,ZAF2022HSRC,sexcohab,ZAF_2_DC12,Amathole DM,25,2022,Y015_019,0.0083311907210655
ZAF,ZAF2022HSRC,sexnonregplus,ZAF_2_DC12,Amathole DM,25,2022,Y015_019,0.28111354261753646
ZAF,ZAF2022HSRC,nosex12m,ZAF_2_DC12,Amathole DM,25,2022,Y020_024,0.288605180140518
ZAF,ZAF2022HSRC,sexcohab,ZAF_2_DC12,Amathole DM,25,2022,Y020_024,0.05371020207453501
ZAF,ZAF2022HSRC,sexnonregplus,ZAF_2_DC12,Amathole DM,25,2022,Y020_024,0.657684617784947
ZAF,ZAF2022HSRC,nosex12m,ZAF_2_DC12,Amathole DM,25,2022,Y025_029,0.21583468553360355
ZAF,ZAF2022HSRC,sexcohab,ZAF_2_DC12,Amathole DM,25,2022,Y025_029,0.12633272511955165
ZAF,ZAF2022HSRC,sexnonregplus,ZAF_2_DC12,Amathole DM,25,2022,Y025_029,0.6578325893468447
ZAF,ZAF2022HSRC,nosex12m,ZAF_2_DC12,Amathole DM,25,2022,Y030_034,0.22221394632821145
ZAF,ZAF2022HSRC,sexcohab,ZAF_2_DC12,Amathole DM,25,2022,Y030_034,0.1822481269908492
ZAF,ZAF2022HSRC,sexnonregplus,ZAF_2_DC12,Amathole DM,25,2022,Y030_034,0.5955379266809394
ZAF,ZAF2022HSRC,nosex12m,ZAF_2_DC12,Amathole DM,25,2022,Y035_039,0.2390091071824677
ZAF,ZAF2022HSRC,sexcohab,ZAF_2_DC12,Amathole DM,25,2022,Y035_039,0.24478068608356213
ZAF,ZAF2022HSRC,sexnonregplus,ZAF_2_DC12,Amathole DM,25,2022,Y035_039,0.5162102067339701
ZAF,ZAF2022HSRC,nosex12m,ZAF_2_DC12,Amathole DM,25,2022,Y040_044,0.3127277123132537
ZAF,ZAF2022HSRC,sexcohab,ZAF_2_DC12,Amathole DM,25,2022,Y040_044,0.282934538039327
ZAF,ZAF2022HSRC,sexnonregplus,ZAF_2_DC12,Amathole DM,25,2022,Y040_044,0.4043377496474193
ZAF,ZAF2022HSRC,nosex12m,ZAF_2_DC12,Amathole DM,25,2022,Y045_049,0.42561086589526753
ZAF,ZAF2022HSRC,sexcohab,ZAF_2_DC12,Amathole DM,25,2022,Y045_049,0.26144896135917256
ZAF,ZAF2022HSRC,sexnonregplus,ZAF_2_DC12,Amathole DM,25,2022,Y045_049,0.31294017274555996
ZAF,ZAF2022HSRC,nosex12m,ZAF_2_DC13,C Hani DM,26,2022,Y015_019,0.7325780522499646
ZAF,ZAF2022HSRC,sexcohab,ZAF_2_DC13,C Hani DM,26,2022,Y015_019,0.00936727156479199
ZAF,ZAF2022HSRC,sexnonregplus,ZAF_2_DC13,C Hani DM,26,2022,Y015_019,0.25805467618524336
ZAF,ZAF2022HSRC,nosex12m,ZAF_2_DC13,C Hani DM,26,2022,Y020_024,0.30915157979312047
ZAF,ZAF2022HSRC,sexcohab,ZAF_2_DC13,C Hani DM,26,2022,Y020_024,0.06281598577654933
ZAF,ZAF2022HSRC,sexnonregplus,ZAF_2_DC13,C Hani DM,26,2022,Y020_024,0.6280324344303302
ZAF,ZAF2022HSRC,nosex12m,ZAF_2_DC13,C Hani DM,26,2022,Y025_029,0.2295365292005767
ZAF,ZAF2022HSRC,sexcohab,ZAF_2_DC13,C Hani DM,26,2022,Y025_029,0.14672031404590427
ZAF,ZAF2022HSRC,sexnonregplus,ZAF_2_DC13,C Hani DM,26,2022,Y025_029,0.623743156753519
ZAF,ZAF2022HSRC,nosex12m,ZAF_2_DC13,C Hani DM,26,2022,Y030_034,0.23338089453712604
ZAF,ZAF2022HSRC,sexcohab,ZAF_2_DC13,C Hani DM,26,2022,Y030_034,0.20907979935933815
ZAF,ZAF2022HSRC,sexnonregplus,ZAF_2_DC13,C Hani DM,26,2022,Y030_034,0.5575393061035357
ZAF,ZAF2022HSRC,nosex12m,ZAF_2_DC13,C Hani DM,26,2022,Y035_039,0.2472947903699161
ZAF,ZAF2022HSRC,sexcohab,ZAF_2_DC13,C Hani DM,26,2022,Y035_039,0.27667168190371516
ZAF,ZAF2022HSRC,sexnonregplus,ZAF_2_DC13,C Hani DM,26,2022,Y035_039,0.4760335277263687
ZAF,ZAF2022HSRC,nosex12m,ZAF_2_DC13,C Hani DM,26,2022,Y040_044,0.3184294840641514
ZAF,ZAF2022HSRC,sexcohab,ZAF_2_DC13,C Hani DM,26,2022,Y040_044,0.3147437763700849
ZAF,ZAF2022HSRC,sexnonregplus,ZAF_2_DC13,C Hani DM,26,2022,Y040_044,0.3668267395657637
ZAF,ZAF2022HSRC,nosex12m,ZAF_2_DC13,C Hani DM,26,2022,Y045_049,0.4299353984974627
ZAF,ZAF2022HSRC,sexcohab,ZAF_2_DC13,C Hani DM,26,2022,Y045_049,0.28850694553493567
ZAF,ZAF2022HSRC,sexnonregplus,ZAF_2_DC13,C Hani DM,26,2022,Y045_049,0.28155765596760163
ZAF,ZAF2022HSRC,nosex12m,ZAF_2_DC14,Joe Gqabi DM,27,2022,Y015_019,0.7323448814218159
ZAF,ZAF2022HSRC,sexcohab,ZAF_2_DC14,Joe Gqabi DM,27,2022,Y015_019,0.01262888863329689
ZAF,ZAF2022HSRC,sexnonregplus,ZAF_2_DC14,Joe Gqabi DM,27,2022,Y015_019,0.2550262299448873
ZAF,ZAF2022HSRC,nosex12m,ZAF_2_DC14,Joe Gqabi DM,27,2022,Y020_024,0.30619077606249345
ZAF,ZAF2022HSRC,sexcohab,ZAF_2_DC14,Joe Gqabi DM,27,2022,Y020_024,0.08337461465649461
ZAF,ZAF2022HSRC,sexnonregplus,ZAF_2_DC14,Joe Gqabi DM,27,2022,Y020_024,0.6104346092810119
ZAF,ZAF2022HSRC,nosex12m,ZAF_2_DC14,Joe Gqabi DM,27,2022,Y025_029,0.22124892550846295
ZAF,ZAF2022HSRC,sexcohab,ZAF_2_DC14,Joe Gqabi DM,27,2022,Y025_029,0.18913827130201083
ZAF,ZAF2022HSRC,sexnonregplus,ZAF_2_DC14,Joe Gqabi DM,27,2022,Y025_029,0.5896128031895262
ZAF,ZAF2022HSRC,nosex12m,ZAF_2_DC14,Joe Gqabi DM,27,2022,Y030_034,0.22014808803083513
ZAF,ZAF2022HSRC,sexcohab,ZAF_2_DC14,Joe Gqabi DM,27,2022,Y030_034,0.26359981503708413
ZAF,ZAF2022HSRC,sexnonregplus,ZAF_2_DC14,Joe Gqabi DM,27,2022,Y030_034,0.5162520969320807
ZAF,ZAF2022HSRC,nosex12m,ZAF_2_DC14,Joe Gqabi DM,27,2022,Y035_039,0.2279869779356067
ZAF,ZAF2022HSRC,sexcohab,ZAF_2_DC14,Joe Gqabi DM,27,2022,Y035_039,0.34079987857311966
ZAF,ZAF2022HSRC,sexnonregplus,ZAF_2_DC14,Joe Gqabi DM,27,2022,Y035_039,0.4312131434912736
ZAF,ZAF2022HSRC,nosex12m,ZAF_2_DC14,Joe Gqabi DM,27,2022,Y040_044,0.2894829270587285
ZAF,ZAF2022HSRC,sexcohab,ZAF_2_DC14,Joe Gqabi DM,27,2022,Y040_044,0.3823311806715784
ZAF,ZAF2022HSRC,sexnonregplus,ZAF_2_DC14,Joe Gqabi DM,27,2022,Y040_044,0.32818589226969314
ZAF,ZAF2022HSRC,nosex12m,ZAF_2_DC14,Joe Gqabi DM,27,2022,Y045_049,0.39322708036270015
ZAF,ZAF2022HSRC,sexcohab,ZAF_2_DC14,Joe Gqabi DM,27,2022,Y045_049,0.35294571323894297
ZAF,ZAF2022HSRC,sexnonregplus,ZAF_2_DC14,Joe Gqabi DM,27,2022,Y045_049,0.2538272063983569
ZAF,ZAF2022HSRC,nosex12m,ZAF_2_DC15,O Tambo DM,28,2022,Y015_019,0.7378810823636618
ZAF,ZAF2022HSRC,sexcohab,ZAF_2_DC15,O Tambo DM,28,2022,Y015_019,0.00794575840567353
ZAF,ZAF2022HSRC,sexnonregplus,ZAF_2_DC15,O Tambo DM,28,2022,Y015_019,0.2541731592306647
ZAF,ZAF2022HSRC,nosex12m,ZAF_2_DC15,O Tambo DM,28,2022,Y020_024,0.3163346305051327
ZAF,ZAF2022HSRC,sexcohab,ZAF_2_DC15,O Tambo DM,28,2022,Y020_024,0.0541906396275099
ZAF,ZAF2022HSRC,sexnonregplus,ZAF_2_DC15,O Tambo DM,28,2022,Y020_024,0.6294747298673574
ZAF,ZAF2022HSRC,nosex12m,ZAF_2_DC15,O Tambo DM,28,2022,Y025_029,0.23803962295704015
ZAF,ZAF2022HSRC,sexcohab,ZAF_2_DC15,O Tambo DM,28,2022,Y025_029,0.12833451920345565
ZAF,ZAF2022HSRC,sexnonregplus,ZAF_2_DC15,O Tambo DM,28,2022,Y025_029,0.6336258578395042
ZAF,ZAF2022HSRC,nosex12m,ZAF_2_DC15,O Tambo DM,28,2022,Y030_034,0.24412696851603305
ZAF,ZAF2022HSRC,sexcohab,ZAF_2_DC15,O Tambo DM,28,2022,Y030_034,0.18453599662544928
ZAF,ZAF2022HSRC,sexnonregplus,ZAF_2_DC15,O Tambo DM,28,2022,Y030_034,0.5713370348585177
ZAF,ZAF2022HSRC,nosex12m,ZAF_2_DC15,O Tambo DM,28,2022,Y035_039,0.2611327614567729
ZAF,ZAF2022HSRC,sexcohab,ZAF_2_DC15,O Tambo DM,28,2022,Y035_039,0.24650307149550288
ZAF,ZAF2022HSRC,sexnonregplus,ZAF_2_DC15,O Tambo DM,28,2022,Y035_039,0.4923641670477243
ZAF,ZAF2022HSRC,nosex12m,ZAF_2_DC15,O Tambo DM,28,2022,Y040_044,0.337642500203846
ZAF,ZAF2022HSRC,sexcohab,ZAF_2_DC15,O Tambo DM,28,2022,Y040_044,0.28153467195456966
ZAF,ZAF2022HSRC,sexnonregplus,ZAF_2_DC15,O Tambo DM,28,2022,Y040_044,0.3808228278415844
ZAF,ZAF2022HSRC,nosex12m,ZAF_2_DC15,O Tambo DM,28,2022,Y045_049,0.45312932888042734
ZAF,ZAF2022HSRC,sexcohab,ZAF_2_DC15,O Tambo DM,28,2022,Y045_049,0.25644806486991306
ZAF,ZAF2022HSRC,sexnonregplus,ZAF_2_DC15,O Tambo DM,28,2022,Y045_049,0.2904226062496596
ZAF,ZAF2022HSRC,nosex12m,ZAF_2_DC44,A Nzo DM,29,2022,Y015_019,0.6939897329810812
ZAF,ZAF2022HSRC,sexcohab,ZAF_2_DC44,A Nzo DM,29,2022,Y015_019,0.00832211392124568
ZAF,ZAF2022HSRC,sexnonregplus,ZAF_2_DC44,A Nzo DM,29,2022,Y015_019,0.29768815309767305
ZAF,ZAF2022HSRC,nosex12m,ZAF_2_DC44,A Nzo DM,29,2022,Y020_024,0.27301605629010284
ZAF,ZAF2022HSRC,sexcohab,ZAF_2_DC44,A Nzo DM,29,2022,Y020_024,0.05201374806584436
ZAF,ZAF2022HSRC,sexnonregplus,ZAF_2_DC44,A Nzo DM,29,2022,Y020_024,0.6749701956440528
ZAF,ZAF2022HSRC,nosex12m,ZAF_2_DC44,A Nzo DM,29,2022,Y025_029,0.20382880855318583
ZAF,ZAF2022HSRC,sexcohab,ZAF_2_DC44,A Nzo DM,29,2022,Y025_029,0.12213274654779172
ZAF,ZAF2022HSRC,sexnonregplus,ZAF_2_DC44,A Nzo DM,29,2022,Y025_029,0.6740384448990224
ZAF,ZAF2022HSRC,nosex12m,ZAF_2_DC44,A Nzo DM,29,2022,Y030_034,0.210629083201834
ZAF,ZAF2022HSRC,sexcohab,ZAF_2_DC44,A Nzo DM,29,2022,Y030_034,0.17688419902335267
ZAF,ZAF2022HSRC,sexnonregplus,ZAF_2_DC44,A Nzo DM,29,2022,Y030_034,0.6124867177748133
ZAF,ZAF2022HSRC,nosex12m,ZAF_2_DC44,A Nzo DM,29,2022,Y035_039,0.22771509562921277
ZAF,ZAF2022HSRC,sexcohab,ZAF_2_DC44,A Nzo DM,29,2022,Y035_039,0.23872145567316425
ZAF,ZAF2022HSRC,sexnonregplus,ZAF_2_DC44,A Nzo DM,29,2022,Y035_039,0.533563448697623
ZAF,ZAF2022HSRC,nosex12m,ZAF_2_DC44,A Nzo DM,29,2022,Y040_044,0.3004298865146861
ZAF,ZAF2022HSRC,sexcohab,ZAF_2_DC44,A Nzo DM,29,2022,Y040_044,0.2782707593294218
ZAF,ZAF2022HSRC,sexnonregplus,ZAF_2_DC44,A Nzo DM,29,2022,Y040_044,0.4212993541558921
ZAF,ZAF2022HSRC,nosex12m,ZAF_2_DC44,A Nzo DM,29,2022,Y045_049,0.4121640338810717
ZAF,ZAF2022HSRC,sexcohab,ZAF_2_DC44,A Nzo DM,29,2022,Y045_049,0.25923255036915427
ZAF,ZAF2022HSRC,sexnonregplus,ZAF_2_DC44,A Nzo DM,29,2022,Y045_049,0.32860341574977403
ZAF,ZAF2022HSRC,nosex12m,ZAF_2_MAN,Mangaung MM,30,2022,Y015_019,0.7617321422729284
ZAF,ZAF2022HSRC,sexcohab,ZAF_2_MAN,Mangaung MM,30,2022,Y015_019,0.01471510390031948
ZAF,ZAF2022HSRC,sexnonregplus,ZAF_2_MAN,Mangaung MM,30,2022,Y015_019,0.22355275382675213
ZAF,ZAF2022HSRC,nosex12m,ZAF_2_MAN,Mangaung MM,30,2022,Y020_024,0.33330249051707017
ZAF,ZAF2022HSRC,sexcohab,ZAF_2_MAN,Mangaung MM,30,2022,Y020_024,0.10233890212147168
ZAF,ZAF2022HSRC,sexnonregplus,ZAF_2_MAN,Mangaung MM,30,2022,Y020_024,0.5643586073614582
ZAF,ZAF2022HSRC,nosex12m,ZAF_2_MAN,Mangaung MM,30,2022,Y025_029,0.23641008998590232
ZAF,ZAF2022HSRC,sexcohab,ZAF_2_MAN,Mangaung MM,30,2022,Y025_029,0.22816097070576435
ZAF,ZAF2022HSRC,sexnonregplus,ZAF_2_MAN,Mangaung MM,30,2022,Y025_029,0.5354289393083334
ZAF,ZAF2022HSRC,nosex12m,ZAF_2_MAN,Mangaung MM,30,2022,Y030_034,0.2301903164747708
ZAF,ZAF2022HSRC,sexcohab,ZAF_2_MAN,Mangaung MM,30,2022,Y030_034,0.31136351789368305
ZAF,ZAF2022HSRC,sexnonregplus,ZAF_2_MAN,Mangaung MM,30,2022,Y030_034,0.4584461656315461
ZAF,ZAF2022HSRC,nosex12m,ZAF_2_MAN,Mangaung MM,30,2022,Y035_039,0.23289936995245833
ZAF,ZAF2022HSRC,sexcohab,ZAF_2_MAN,Mangaung MM,30,2022,Y035_039,0.3933707421041424
ZAF,ZAF2022HSRC,sexnonregplus,ZAF_2_MAN,Mangaung MM,30,2022,Y035_039,0.3737298879433992
ZAF,ZAF2022HSRC,nosex12m,ZAF_2_MAN,Mangaung MM,30,2022,Y040_044,0.28966520084482217
ZAF,ZAF2022HSRC,sexcohab,ZAF_2_MAN,Mangaung MM,30,2022,Y040_044,0.4322002017338694
ZAF,ZAF2022HSRC,sexnonregplus,ZAF_2_MAN,Mangaung MM,30,2022,Y040_044,0.2781345974213084
ZAF,ZAF2022HSRC,nosex12m,ZAF_2_MAN,Mangaung MM,30,2022,Y045_049,0.3908796408992878
ZAF,ZAF2022HSRC,sexcohab,ZAF_2_MAN,Mangaung MM,30,2022,Y045_049,0.3958460669331073
ZAF,ZAF2022HSRC,sexnonregplus,ZAF_2_MAN,Mangaung MM,30,2022,Y045_049,0.2132742921676049
ZAF,ZAF2022HSRC,nosex12m,ZAF_2_DC16,Xhariep DM,31,2022,Y015_019,0.7614320078581789
ZAF,ZAF2022HSRC,sexcohab,ZAF_2_DC16,Xhariep DM,31,2022,Y015_019,0.01688536957855687
ZAF,ZAF2022HSRC,sexnonregplus,ZAF_2_DC16,Xhariep DM,31,2022,Y015_019,0.2216826225632643
ZAF,ZAF2022HSRC,nosex12m,ZAF_2_DC16,Xhariep DM,31,2022,Y020_024,0.3312106560954578
ZAF,ZAF2022HSRC,sexcohab,ZAF_2_DC16,Xhariep DM,31,2022,Y020_024,0.1160844726196685
ZAF,ZAF2022HSRC,sexnonregplus,ZAF_2_DC16,Xhariep DM,31,2022,Y020_024,0.5527048712848737
ZAF,ZAF2022HSRC,nosex12m,ZAF_2_DC16,Xhariep DM,31,2022,Y025_029,0.23092433373895188
ZAF,ZAF2022HSRC,sexcohab,ZAF_2_DC16,Xhariep DM,31,2022,Y025_029,0.2539319857513258
ZAF,ZAF2022HSRC,sexnonregplus,ZAF_2_DC16,Xhariep DM,31,2022,Y025_029,0.5151436805097224
ZAF,ZAF2022HSRC,nosex12m,ZAF_2_DC16,Xhariep DM,31,2022,Y030_034,0.22212065175644896
ZAF,ZAF2022HSRC,sexcohab,ZAF_2_DC16,Xhariep DM,31,2022,Y030_034,0.341975869508596
ZAF,ZAF2022HSRC,sexnonregplus,ZAF_2_DC16,Xhariep DM,31,2022,Y030_034,0.43590347873495505
ZAF,ZAF2022HSRC,nosex12m,ZAF_2_DC16,Xhariep DM,31,2022,Y035_039,0.22202797908298116
ZAF,ZAF2022HSRC,sexcohab,ZAF_2_DC16,Xhariep DM,31,2022,Y035_039,0.42659308141014807
ZAF,ZAF2022HSRC,sexnonregplus,ZAF_2_DC16,Xhariep DM,31,2022,Y035_039,0.35137893950687077
ZAF,ZAF2022HSRC,nosex12m,ZAF_2_DC16,Xhariep DM,31,2022,Y040_044,0.27431972840661195
ZAF,ZAF2022HSRC,sexcohab,ZAF_2_DC16,Xhariep DM,31,2022,Y040_044,0.4656308312059793
ZAF,ZAF2022HSRC,sexnonregplus,ZAF_2_DC16,Xhariep DM,31,2022,Y040_044,0.26004944038740874
ZAF,ZAF2022HSRC,nosex12m,ZAF_2_DC16,Xhariep DM,31,2022,Y045_049,0.3713611782378863
ZAF,ZAF2022HSRC,sexcohab,ZAF_2_DC16,Xhariep DM,31,2022,Y045_049,0.4282733779826008
ZAF,ZAF2022HSRC,sexnonregplus,ZAF_2_DC16,Xhariep DM,31,2022,Y045_049,0.20036544377951293
ZAF,ZAF2022HSRC,nosex12m,ZAF_2_DC18,Lejweleputswa DM,32,2022,Y015_019,0.742268240574903
ZAF,ZAF2022HSRC,sexcohab,ZAF_2_DC18,Lejweleputswa DM,32,2022,Y015_019,0.01583999945008685
ZAF,ZAF2022HSRC,sexnonregplus,ZAF_2_DC18,Lejweleputswa DM,32,2022,Y015_019,0.24189175997501008
ZAF,ZAF2022HSRC,nosex12m,ZAF_2_DC18,Lejweleputswa DM,32,2022,Y020_024,0.3105647701159297
ZAF,ZAF2022HSRC,sexcohab,ZAF_2_DC18,Lejweleputswa DM,32,2022,Y020_024,0.10544609367751484
ZAF,ZAF2022HSRC,sexnonregplus,ZAF_2_DC18,Lejweleputswa DM,32,2022,Y020_024,0.5839891362065555
ZAF,ZAF2022HSRC,nosex12m,ZAF_2_DC18,Lejweleputswa DM,32,2022,Y025_029,0.21818884681569248
ZAF,ZAF2022HSRC,sexcohab,ZAF_2_DC18,Lejweleputswa DM,32,2022,Y025_029,0.23296063581816143
ZAF,ZAF2022HSRC,sexnonregplus,ZAF_2_DC18,Lejweleputswa DM,32,2022,Y025_029,0.5488505173661461
ZAF,ZAF2022HSRC,nosex12m,ZAF_2_DC18,Lejweleputswa DM,32,2022,Y030_034,0.21236179971607017
ZAF,ZAF2022HSRC,sexcohab,ZAF_2_DC18,Lejweleputswa DM,32,2022,Y030_034,0.3179029618700955
ZAF,ZAF2022HSRC,sexnonregplus,ZAF_2_DC18,Lejweleputswa DM,32,2022,Y030_034,0.4697352384138344
ZAF,ZAF2022HSRC,nosex12m,ZAF_2_DC18,Lejweleputswa DM,32,2022,Y035_039,0.2149971611820954
ZAF,ZAF2022HSRC,sexcohab,ZAF_2_DC18,Lejweleputswa DM,32,2022,Y035_039,0.40189063382139095
ZAF,ZAF2022HSRC,sexnonregplus,ZAF_2_DC18,Lejweleputswa DM,32,2022,Y035_039,0.38311220499651366
ZAF,ZAF2022HSRC,nosex12m,ZAF_2_DC18,Lejweleputswa DM,32,2022,Y040_044,0.268990867738818
ZAF,ZAF2022HSRC,sexcohab,ZAF_2_DC18,Lejweleputswa DM,32,2022,Y040_044,0.44419402717242207
ZAF,ZAF2022HSRC,sexnonregplus,ZAF_2_DC18,Lejweleputswa DM,32,2022,Y040_044,0.28681510508875996
ZAF,ZAF2022HSRC,nosex12m,ZAF_2_DC18,Lejweleputswa DM,32,2022,Y045_049,0.3667691386191498
ZAF,ZAF2022HSRC,sexcohab,ZAF_2_DC18,Lejweleputswa DM,32,2022,Y045_049,0.4110166332921818
ZAF,ZAF2022HSRC,sexnonregplus,ZAF_2_DC18,Lejweleputswa DM,32,2022,Y045_049,0.22221422808866845
ZAF,ZAF2022HSRC,nosex12m,ZAF_2_DC19,T Mofutsanyana DM,33,2022,Y015_019,0.7488558275909977
ZAF,ZAF2022HSRC,sexcohab,ZAF_2_DC19,T Mofutsanyana DM,33,2022,Y015_019,0.0118175345543713
ZAF,ZAF2022HSRC,sexnonregplus,ZAF_2_DC19,T Mofutsanyana DM,33,2022,Y015_019,0.23932663785463107
ZAF,ZAF2022HSRC,nosex12m,ZAF_2_DC19,T Mofutsanyana DM,33,2022,Y020_024,0.32298225599877917
ZAF,ZAF2022HSRC,sexcohab,ZAF_2_DC19,T Mofutsanyana DM,33,2022,Y020_024,0.08105381547407876
ZAF,ZAF2022HSRC,sexnonregplus,ZAF_2_DC19,T Mofutsanyana DM,33,2022,Y020_024,0.5959639285271421
ZAF,ZAF2022HSRC,nosex12m,ZAF_2_DC19,T Mofutsanyana DM,33,2022,Y025_029,0.23486672072986312
ZAF,ZAF2022HSRC,sexcohab,ZAF_2_DC19,T Mofutsanyana DM,33,2022,Y025_029,0.18537285631673375
ZAF,ZAF2022HSRC,sexnonregplus,ZAF_2_DC19,T Mofutsanyana DM,33,2022,Y025_029,0.5797604229534031
ZAF,ZAF2022HSRC,nosex12m,ZAF_2_DC19,T Mofutsanyana DM,33,2022,Y030_034,0.2337991928650891
ZAF,ZAF2022HSRC,sexcohab,ZAF_2_DC19,T Mofutsanyana DM,33,2022,Y030_034,0.25877917239299225
ZAF,ZAF2022HSRC,sexnonregplus,ZAF_2_DC19,T Mofutsanyana DM,33,2022,Y030_034,0.5074216347419186
ZAF,ZAF2022HSRC,nosex12m,ZAF_2_DC19,T Mofutsanyana DM,33,2022,Y035_039,0.2420807052065937
ZAF,ZAF2022HSRC,sexcohab,ZAF_2_DC19,T Mofutsanyana DM,33,2022,Y035_039,0.3346498331576515
ZAF,ZAF2022HSRC,sexnonregplus,ZAF_2_DC19,T Mofutsanyana DM,33,2022,Y035_039,0.4232694616357548
ZAF,ZAF2022HSRC,nosex12m,ZAF_2_DC19,T Mofutsanyana DM,33,2022,Y040_044,0.3060704807912551
ZAF,ZAF2022HSRC,sexcohab,ZAF_2_DC19,T Mofutsanyana DM,33,2022,Y040_044,0.3737791119810063
ZAF,ZAF2022HSRC,sexnonregplus,ZAF_2_DC19,T Mofutsanyana DM,33,2022,Y040_044,0.32015040722773863
ZAF,ZAF2022HSRC,nosex12m,ZAF_2_DC19,T Mofutsanyana DM,33,2022,Y045_049,0.4126867137236945
ZAF,ZAF2022HSRC,sexcohab,ZAF_2_DC19,T Mofutsanyana DM,33,2022,Y045_049,0.3420186712159736
ZAF,ZAF2022HSRC,sexnonregplus,ZAF_2_DC19,T Mofutsanyana DM,33,2022,Y045_049,0.2452946150603319
ZAF,ZAF2022HSRC,nosex12m,ZAF_2_DC20,Fezile Dabi DM,34,2022,Y015_019,0.7320550281283362
ZAF,ZAF2022HSRC,sexcohab,ZAF_2_DC20,Fezile Dabi DM,34,2022,Y015_019,0.0150143318020776
ZAF,ZAF2022HSRC,sexnonregplus,ZAF_2_DC20,Fezile Dabi DM,34,2022,Y015_019,0.25293064006958615
ZAF,ZAF2022HSRC,nosex12m,ZAF_2_DC20,Fezile Dabi DM,34,2022,Y020_024,0.30192840331644577
ZAF,ZAF2022HSRC,sexcohab,ZAF_2_DC20,Fezile Dabi DM,34,2022,Y020_024,0.09818351785024908
ZAF,ZAF2022HSRC,sexnonregplus,ZAF_2_DC20,Fezile Dabi DM,34,2022,Y020_024,0.5998880788333052
ZAF,ZAF2022HSRC,nosex12m,ZAF_2_DC20,Fezile Dabi DM,34,2022,Y025_029,0.21374853031176064
ZAF,ZAF2022HSRC,sexcohab,ZAF_2_DC20,Fezile Dabi DM,34,2022,Y025_029,0.21835920237523632
ZAF,ZAF2022HSRC,sexnonregplus,ZAF_2_DC20,Fezile Dabi DM,34,2022,Y025_029,0.567892267313003
ZAF,ZAF2022HSRC,nosex12m,ZAF_2_DC20,Fezile Dabi DM,34,2022,Y030_034,0.20968402357396496
ZAF,ZAF2022HSRC,sexcohab,ZAF_2_DC20,Fezile Dabi DM,34,2022,Y030_034,0.3002225288812328
ZAF,ZAF2022HSRC,sexnonregplus,ZAF_2_DC20,Fezile Dabi DM,34,2022,Y030_034,0.4900934475448023
ZAF,ZAF2022HSRC,nosex12m,ZAF_2_DC20,Fezile Dabi DM,34,2022,Y035_039,0.21409803316563825
ZAF,ZAF2022HSRC,sexcohab,ZAF_2_DC20,Fezile Dabi DM,34,2022,Y035_039,0.3826295545998701
ZAF,ZAF2022HSRC,sexnonregplus,ZAF_2_DC20,Fezile Dabi DM,34,2022,Y035_039,0.4032724122344917
ZAF,ZAF2022HSRC,nosex12m,ZAF_2_DC20,Fezile Dabi DM,34,2022,Y040_044,0.2697759349309159
ZAF,ZAF2022HSRC,sexcohab,ZAF_2_DC20,Fezile Dabi DM,34,2022,Y040_044,0.4259348531189022
ZAF,ZAF2022HSRC,sexnonregplus,ZAF_2_DC20,Fezile Dabi DM,34,2022,Y040_044,0.3042892119501819
ZAF,ZAF2022HSRC,nosex12m,ZAF_2_DC20,Fezile Dabi DM,34,2022,Y045_049,0.3684822620655453
ZAF,ZAF2022HSRC,sexcohab,ZAF_2_DC20,Fezile Dabi DM,34,2022,Y045_049,0.3951174000110885
ZAF,ZAF2022HSRC,sexnonregplus,ZAF_2_DC20,Fezile Dabi DM,34,2022,Y045_049,0.23640033792336615
ZAF,ZAF2022HSRC,nosex12m,ZAF_2_ETH,eThekwini MM,35,2022,Y015_019,0.7685021304568207
ZAF,ZAF2022HSRC,sexcohab,ZAF_2_ETH,eThekwini MM,35,2022,Y015_019,0.00955990580106306
ZAF,ZAF2022HSRC,sexnonregplus,ZAF_2_ETH,eThekwini MM,35,2022,Y015_019,0.22193796374211625
ZAF,ZAF2022HSRC,nosex12m,ZAF_2_ETH,eThekwini MM,35,2022,Y020_024,0.34860400132101327
ZAF,ZAF2022HSRC,sexcohab,ZAF_2_ETH,eThekwini MM,35,2022,Y020_024,0.06903937983461207
ZAF,ZAF2022HSRC,sexnonregplus,ZAF_2_ETH,eThekwini MM,35,2022,Y020_024,0.5823566188443746
ZAF,ZAF2022HSRC,nosex12m,ZAF_2_ETH,eThekwini MM,35,2022,Y025_029,0.25916030552221125
ZAF,ZAF2022HSRC,sexcohab,ZAF_2_ETH,eThekwini MM,35,2022,Y025_029,0.16156742446804026
ZAF,ZAF2022HSRC,sexnonregplus,ZAF_2_ETH,eThekwini MM,35,2022,Y025_029,0.5792722700097485
ZAF,ZAF2022HSRC,nosex12m,ZAF_2_ETH,eThekwini MM,35,2022,Y030_034,0.26046161426136755
ZAF,ZAF2022HSRC,sexcohab,ZAF_2_ETH,eThekwini MM,35,2022,Y030_034,0.22773139640870235
ZAF,ZAF2022HSRC,sexnonregplus,ZAF_2_ETH,eThekwini MM,35,2022,Y030_034,0.5118069893299301
ZAF,ZAF2022HSRC,nosex12m,ZAF_2_ETH,eThekwini MM,35,2022,Y035_039,0.2720884800933966
ZAF,ZAF2022HSRC,sexcohab,ZAF_2_ETH,eThekwini MM,35,2022,Y035_039,0.2972374883533947
ZAF,ZAF2022HSRC,sexnonregplus,ZAF_2_ETH,eThekwini MM,35,2022,Y035_039,0.4306740315532087
ZAF,ZAF2022HSRC,nosex12m,ZAF_2_ETH,eThekwini MM,35,2022,Y040_044,0.343450404499848
ZAF,ZAF2022HSRC,sexcohab,ZAF_2_ETH,eThekwini MM,35,2022,Y040_044,0.33142442339406253
ZAF,ZAF2022HSRC,sexnonregplus,ZAF_2_ETH,eThekwini MM,35,2022,Y040_044,0.3251251721060895
ZAF,ZAF2022HSRC,nosex12m,ZAF_2_ETH,eThekwini MM,35,2022,Y045_049,0.45615124385131894
ZAF,ZAF2022HSRC,sexcohab,ZAF_2_ETH,eThekwini MM,35,2022,Y045_049,0.29859685901245947
ZAF,ZAF2022HSRC,sexnonregplus,ZAF_2_ETH,eThekwini MM,35,2022,Y045_049,0.2452518971362216
ZAF,ZAF2022HSRC,nosex12m,ZAF_2_DC21,Ugu DM,36,2022,Y015_019,0.7609119902084271
ZAF,ZAF2022HSRC,sexcohab,ZAF_2_DC21,Ugu DM,36,2022,Y015_019,0.00721383103886248
ZAF,ZAF2022HSRC,sexnonregplus,ZAF_2_DC21,Ugu DM,36,2022,Y015_019,0.2318741787527104
ZAF,ZAF2022HSRC,nosex12m,ZAF_2_DC21,Ugu DM,36,2022,Y020_024,0.34353227718660684
ZAF,ZAF2022HSRC,sexcohab,ZAF_2_DC21,Ugu DM,36,2022,Y020_024,0.05182710374368605
ZAF,ZAF2022HSRC,sexnonregplus,ZAF_2_DC21,Ugu DM,36,2022,Y020_024,0.6046406190697071
ZAF,ZAF2022HSRC,nosex12m,ZAF_2_DC21,Ugu DM,36,2022,Y025_029,0.2611669928221308
ZAF,ZAF2022HSRC,sexcohab,ZAF_2_DC21,Ugu DM,36,2022,Y025_029,0.12392788382456356
ZAF,ZAF2022HSRC,sexnonregplus,ZAF_2_DC21,Ugu DM,36,2022,Y025_029,0.6149051233533056
ZAF,ZAF2022HSRC,nosex12m,ZAF_2_DC21,Ugu DM,36,2022,Y030_034,0.26771888564963775
ZAF,ZAF2022HSRC,sexcohab,ZAF_2_DC21,Ugu DM,36,2022,Y030_034,0.17807279649479787
ZAF,ZAF2022HSRC,sexnonregplus,ZAF_2_DC21,Ugu DM,36,2022,Y030_034,0.5542083178555643
ZAF,ZAF2022HSRC,nosex12m,ZAF_2_DC21,Ugu DM,36,2022,Y035_039,0.2858087950173927
ZAF,ZAF2022HSRC,sexcohab,ZAF_2_DC21,Ugu DM,36,2022,Y035_039,0.23749694196124843
ZAF,ZAF2022HSRC,sexnonregplus,ZAF_2_DC21,Ugu DM,36,2022,Y035_039,0.47669426302135887
ZAF,ZAF2022HSRC,nosex12m,ZAF_2_DC21,Ugu DM,36,2022,Y040_044,0.36606294160586
ZAF,ZAF2022HSRC,sexcohab,ZAF_2_DC21,Ugu DM,36,2022,Y040_044,0.26868339706173944
ZAF,ZAF2022HSRC,sexnonregplus,ZAF_2_DC21,Ugu DM,36,2022,Y040_044,0.3652536613324005
ZAF,ZAF2022HSRC,nosex12m,ZAF_2_DC21,Ugu DM,36,2022,Y045_049,0.4842344082378108
ZAF,ZAF2022HSRC,sexcohab,ZAF_2_DC21,Ugu DM,36,2022,Y045_049,0.2412130974082655
ZAF,ZAF2022HSRC,sexnonregplus,ZAF_2_DC21,Ugu DM,36,2022,Y045_049,0.27455249435392376
ZAF,ZAF2022HSRC,nosex12m,ZAF_2_DC22,uMgungundlovu DM,37,2022,Y015_019,0.7887233232811528
ZAF,ZAF2022HSRC,sexcohab,ZAF_2_DC22,uMgungundlovu DM,37,2022,Y015_019,0.00758206324077438
ZAF,ZAF2022HSRC,sexnonregplus,ZAF_2_DC22,uMgungundlovu DM,37,2022,Y015_019,0.20369461347807277
ZAF,ZAF2022HSRC,nosex12m,ZAF_2_DC22,uMgungundlovu DM,37,2022,Y020_024,0.3779840084313614
ZAF,ZAF2022HSRC,sexcohab,ZAF_2_DC22,uMgungundlovu DM,37,2022,Y020_024,0.05782316334803031
ZAF,ZAF2022HSRC,sexnonregplus,ZAF_2_DC22,uMgungundlovu DM,37,2022,Y020_024,0.5641928282206083
ZAF,ZAF2022HSRC,nosex12m,ZAF_2_DC22,uMgungundlovu DM,37,2022,Y025_029,0.28749414148898056
ZAF,ZAF2022HSRC,sexcohab,ZAF_2_DC22,uMgungundlovu DM,37,2022,Y025_029,0.13840620096693834
ZAF,ZAF2022HSRC,sexnonregplus,ZAF_2_DC22,uMgungundlovu DM,37,2022,Y025_029,0.5740996575440811
ZAF,ZAF2022HSRC,nosex12m,ZAF_2_DC22,uMgungundlovu DM,37,2022,Y030_034,0.2914969822773667
ZAF,ZAF2022HSRC,sexcohab,ZAF_2_DC22,uMgungundlovu DM,37,2022,Y030_034,0.19672094514607996
ZAF,ZAF2022HSRC,sexnonregplus,ZAF_2_DC22,uMgungundlovu DM,37,2022,Y030_034,0.5117820725765534
ZAF,ZAF2022HSRC,nosex12m,ZAF_2_DC22,uMgungundlovu DM,37,2022,Y035_039,0.30698531209584257
ZAF,ZAF2022HSRC,sexcohab,ZAF_2_DC22,uMgungundlovu DM,37,2022,Y035_039,0.2588022601016657
ZAF,ZAF2022HSRC,sexnonregplus,ZAF_2_DC22,uMgungundlovu DM,37,2022,Y035_039,0.43421242780249175
ZAF,ZAF2022HSRC,nosex12m,ZAF_2_DC22,uMgungundlovu DM,37,2022,Y040_044,0.3859591467100801
ZAF,ZAF2022HSRC,sexcohab,ZAF_2_DC22,uMgungundlovu DM,37,2022,Y040_044,0.2874713004918081
ZAF,ZAF2022HSRC,sexnonregplus,ZAF_2_DC22,uMgungundlovu DM,37,2022,Y040_044,0.32656955279811184
ZAF,ZAF2022HSRC,nosex12m,ZAF_2_DC22,uMgungundlovu DM,37,2022,Y045_049,0.5034918958074668
ZAF,ZAF2022HSRC,sexcohab,ZAF_2_DC22,uMgungundlovu DM,37,2022,Y045_049,0.25448744863570666
ZAF,ZAF2022HSRC,sexnonregplus,ZAF_2_DC22,uMgungundlovu DM,37,2022,Y045_049,0.24202065555682656
ZAF,ZAF2022HSRC,nosex12m,ZAF_2_DC23,Uthukela DM,38,2022,Y015_019,0.7640391944665819
ZAF,ZAF2022HSRC,sexcohab,ZAF_2_DC23,Uthukela DM,38,2022,Y015_019,0.00944529480047534
ZAF,ZAF2022HSRC,sexnonregplus,ZAF_2_DC23,Uthukela DM,38,2022,Y015_019,0.2265155107329428
ZAF,ZAF2022HSRC,nosex12m,ZAF_2_DC23,Uthukela DM,38,2022,Y020_024,0.3437639163119964
ZAF,ZAF2022HSRC,sexcohab,ZAF_2_DC23,Uthukela DM,38,2022,Y020_024,0.06764115353585419
ZAF,ZAF2022HSRC,sexnonregplus,ZAF_2_DC23,Uthukela DM,38,2022,Y020_024,0.5885949301521495
ZAF,ZAF2022HSRC,nosex12m,ZAF_2_DC23,Uthukela DM,38,2022,Y025_029,0.25577748680933216
ZAF,ZAF2022HSRC,sexcohab,ZAF_2_DC23,Uthukela DM,38,2022,Y025_029,0.1583416369861619
ZAF,ZAF2022HSRC,sexnonregplus,ZAF_2_DC23,Uthukela DM,38,2022,Y025_029,0.5858808762045059
ZAF,ZAF2022HSRC,nosex12m,ZAF_2_DC23,Uthukela DM,38,2022,Y030_034,0.25759783879216613
ZAF,ZAF2022HSRC,sexcohab,ZAF_2_DC23,Uthukela DM,38,2022,Y030_034,0.22359145401455352
ZAF,ZAF2022HSRC,sexnonregplus,ZAF_2_DC23,Uthukela DM,38,2022,Y030_034,0.5188107071932804
ZAF,ZAF2022HSRC,nosex12m,ZAF_2_DC23,Uthukela DM,38,2022,Y035_039,0.26977185252645625
ZAF,ZAF2022HSRC,sexcohab,ZAF_2_DC23,Uthukela DM,38,2022,Y035_039,0.2924352599442927
ZAF,ZAF2022HSRC,sexnonregplus,ZAF_2_DC23,Uthukela DM,38,2022,Y035_039,0.43779288752925105
ZAF,ZAF2022HSRC,nosex12m,ZAF_2_DC23,Uthukela DM,38,2022,Y040_044,0.3415048566051172
ZAF,ZAF2022HSRC,sexcohab,ZAF_2_DC23,Uthukela DM,38,2022,Y040_044,0.32697632810196575
ZAF,ZAF2022HSRC,sexnonregplus,ZAF_2_DC23,Uthukela DM,38,2022,Y040_044,0.33151881529291705
ZAF,ZAF2022HSRC,nosex12m,ZAF_2_DC23,Uthukela DM,38,2022,Y045_049,0.4542626931859825
ZAF,ZAF2022HSRC,sexcohab,ZAF_2_DC23,Uthukela DM,38,2022,Y045_049,0.2951652414188962
ZAF,ZAF2022HSRC,sexnonregplus,ZAF_2_DC23,Uthukela DM,38,2022,Y045_049,0.25057206539512134
ZAF,ZAF2022HSRC,nosex12m,ZAF_2_DC24,Umzinyathi DM,39,2022,Y015_019,0.7657999001708876
ZAF,ZAF2022HSRC,sexcohab,ZAF_2_DC24,Umzinyathi DM,39,2022,Y015_019,0.00607549902906687
ZAF,ZAF2022HSRC,sexnonregplus,ZAF_2_DC24,Umzinyathi DM,39,2022,Y015_019,0.22812460080004549
ZAF,ZAF2022HSRC,nosex12m,ZAF_2_DC24,Umzinyathi DM,39,2022,Y020_024,0.35140684316527326
ZAF,ZAF2022HSRC,sexcohab,ZAF_2_DC24,Umzinyathi DM,39,2022,Y020_024,0.0443215444015163
ZAF,ZAF2022HSRC,sexnonregplus,ZAF_2_DC24,Umzinyathi DM,39,2022,Y020_024,0.6042716124332104
ZAF,ZAF2022HSRC,nosex12m,ZAF_2_DC24,Umzinyathi DM,39,2022,Y025_029,0.2705059697333713
ZAF,ZAF2022HSRC,sexcohab,ZAF_2_DC24,Umzinyathi DM,39,2022,Y025_029,0.10732930892695242
ZAF,ZAF2022HSRC,sexnonregplus,ZAF_2_DC24,Umzinyathi DM,39,2022,Y025_029,0.6221647213396763
ZAF,ZAF2022HSRC,nosex12m,ZAF_2_DC24,Umzinyathi DM,39,2022,Y030_034,0.2794096678702965
ZAF,ZAF2022HSRC,sexcohab,ZAF_2_DC24,Umzinyathi DM,39,2022,Y030_034,0.15546159408285057
ZAF,ZAF2022HSRC,sexnonregplus,ZAF_2_DC24,Umzinyathi DM,39,2022,Y030_034,0.565128738046853
ZAF,ZAF2022HSRC,nosex12m,ZAF_2_DC24,Umzinyathi DM,39,2022,Y035_039,0.3007903858969469
ZAF,ZAF2022HSRC,sexcohab,ZAF_2_DC24,Umzinyathi DM,39,2022,Y035_039,0.209021879744696
ZAF,ZAF2022HSRC,sexnonregplus,ZAF_2_DC24,Umzinyathi DM,39,2022,Y035_039,0.4901877343583571
ZAF,ZAF2022HSRC,nosex12m,ZAF_2_DC24,Umzinyathi DM,39,2022,Y040_044,0.3862878088578635
ZAF,ZAF2022HSRC,sexcohab,ZAF_2_DC24,Umzinyathi DM,39,2022,Y040_044,0.23708729180268143
ZAF,ZAF2022HSRC,sexnonregplus,ZAF_2_DC24,Umzinyathi DM,39,2022,Y040_044,0.3766248993394551
ZAF,ZAF2022HSRC,nosex12m,ZAF_2_DC24,Umzinyathi DM,39,2022,Y045_049,0.5073659247872533
ZAF,ZAF2022HSRC,sexcohab,ZAF_2_DC24,Umzinyathi DM,39,2022,Y045_049,0.21143707978922183
ZAF,ZAF2022HSRC,sexnonregplus,ZAF_2_DC24,Umzinyathi DM,39,2022,Y045_049,0.2811969954235249
ZAF,ZAF2022HSRC,nosex12m,ZAF_2_DC25,Amajuba DM,40,2022,Y015_019,0.7509777166934818
ZAF,ZAF2022HSRC,sexcohab,ZAF_2_DC25,Amajuba DM,40,2022,Y015_019,0.00640813764381329
ZAF,ZAF2022HSRC,sexnonregplus,ZAF_2_DC25,Amajuba DM,40,2022,Y015_019,0.24261414566270495
ZAF,ZAF2022HSRC,nosex12m,ZAF_2_DC25,Amajuba DM,40,2022,Y020_024,0.33384441016346605
ZAF,ZAF2022HSRC,sexcohab,ZAF_2_DC25,Amajuba DM,40,2022,Y020_024,0.04522620696998866
ZAF,ZAF2022HSRC,sexnonregplus,ZAF_2_DC25,Amajuba DM,40,2022,Y020_024,0.6209293828665453
ZAF,ZAF2022HSRC,nosex12m,ZAF_2_DC25,Amajuba DM,40,2022,Y025_029,0.25561316384200566
ZAF,ZAF2022HSRC,sexcohab,ZAF_2_DC25,Amajuba DM,40,2022,Y025_029,0.1087882391313511
ZAF,ZAF2022HSRC,sexnonregplus,ZAF_2_DC25,Amajuba DM,40,2022,Y025_029,0.6355985970266432
ZAF,ZAF2022HSRC,nosex12m,ZAF_2_DC25,Amajuba DM,40,2022,Y030_034,0.2643085008160176
ZAF,ZAF2022HSRC,sexcohab,ZAF_2_DC25,Amajuba DM,40,2022,Y030_034,0.1577278276798544
ZAF,ZAF2022HSRC,sexnonregplus,ZAF_2_DC25,Amajuba DM,40,2022,Y030_034,0.577963671504128
ZAF,ZAF2022HSRC,nosex12m,ZAF_2_DC25,Amajuba DM,40,2022,Y035_039,0.2850770340744528
ZAF,ZAF2022HSRC,sexcohab,ZAF_2_DC25,Amajuba DM,40,2022,Y035_039,0.21246191275813703
ZAF,ZAF2022HSRC,sexnonregplus,ZAF_2_DC25,Amajuba DM,40,2022,Y035_039,0.5024610531674102
ZAF,ZAF2022HSRC,nosex12m,ZAF_2_DC25,Amajuba DM,40,2022,Y040_044,0.3684997205331395
ZAF,ZAF2022HSRC,sexcohab,ZAF_2_DC25,Amajuba DM,40,2022,Y040_044,0.2426420266600236
ZAF,ZAF2022HSRC,sexnonregplus,ZAF_2_DC25,Amajuba DM,40,2022,Y040_044,0.3888582528068368
ZAF,ZAF2022HSRC,nosex12m,ZAF_2_DC25,Amajuba DM,40,2022,Y045_049,0.48839799064433503
ZAF,ZAF2022HSRC,sexcohab,ZAF_2_DC25,Amajuba DM,40,2022,Y045_049,0.21844704475797855
ZAF,ZAF2022HSRC,sexnonregplus,ZAF_2_DC25,Amajuba DM,40,2022,Y045_049,0.29315496459768636
ZAF,ZAF2022HSRC,nosex12m,ZAF_2_DC26,Zululand DM,41,2022,Y015_019,0.7379014322190834
ZAF,ZAF2022HSRC,sexcohab,ZAF_2_DC26,Zululand DM,41,2022,Y015_019,0.0062110563134057
ZAF,ZAF2022HSRC,sexnonregplus,ZAF_2_DC26,Zululand DM,41,2022,Y015_019,0.2558875114675108
ZAF,ZAF2022HSRC,nosex12m,ZAF_2_DC26,Zululand DM,41,2022,Y020_024,0.31910877831212103
ZAF,ZAF2022HSRC,sexcohab,ZAF_2_DC26,Zululand DM,41,2022,Y020_024,0.04269973005894565
ZAF,ZAF2022HSRC,sexnonregplus,ZAF_2_DC26,Zululand DM,41,2022,Y020_024,0.6381914916289333
ZAF,ZAF2022HSRC,nosex12m,ZAF_2_DC26,Zululand DM,41,2022,Y025_029,0.24412873506208693
ZAF,ZAF2022HSRC,sexcohab,ZAF_2_DC26,Zululand DM,41,2022,Y025_029,0.10277437105022122
ZAF,ZAF2022HSRC,sexnonregplus,ZAF_2_DC26,Zululand DM,41,2022,Y025_029,0.6530968938876919
ZAF,ZAF2022HSRC,nosex12m,ZAF_2_DC26,Zululand DM,41,2022,Y030_034,0.2536561644403578
ZAF,ZAF2022HSRC,sexcohab,ZAF_2_DC26,Zululand DM,41,2022,Y030_034,0.14970885839176576
ZAF,ZAF2022HSRC,sexnonregplus,ZAF_2_DC26,Zululand DM,41,2022,Y030_034,0.5966349771678764
ZAF,ZAF2022HSRC,nosex12m,ZAF_2_DC26,Zululand DM,41,2022,Y035_039,0.2753238659436118
ZAF,ZAF2022HSRC,sexcohab,ZAF_2_DC26,Zululand DM,41,2022,Y035_039,0.20292362478508483
ZAF,ZAF2022HSRC,sexnonregplus,ZAF_2_DC26,Zululand DM,41,2022,Y035_039,0.5217525092713033
ZAF,ZAF2022HSRC,nosex12m,ZAF_2_DC26,Zululand DM,41,2022,Y040_044,0.3589693907804949
ZAF,ZAF2022HSRC,sexcohab,ZAF_2_DC26,Zululand DM,41,2022,Y040_044,0.23381811676930725
ZAF,ZAF2022HSRC,sexnonregplus,ZAF_2_DC26,Zululand DM,41,2022,Y040_044,0.40721249245019786
ZAF,ZAF2022HSRC,nosex12m,ZAF_2_DC26,Zululand DM,41,2022,Y045_049,0.47915923953202483
ZAF,ZAF2022HSRC,sexcohab,ZAF_2_DC26,Zululand DM,41,2022,Y045_049,0.2118966987211127
ZAF,ZAF2022HSRC,sexnonregplus,ZAF_2_DC26,Zululand DM,41,2022,Y045_049,0.30894406174686256
ZAF,ZAF2022HSRC,nosex12m,ZAF_2_DC27,Umkhanyakude DM,42,2022,Y015_019,0.7828289063218145
ZAF,ZAF2022HSRC,sexcohab,ZAF_2_DC27,Umkhanyakude DM,42,2022,Y015_019,0.00645298920494412
ZAF,ZAF2022HSRC,sexnonregplus,ZAF_2_DC27,Umkhanyakude DM,42,2022,Y015_019,0.21071810447324135
ZAF,ZAF2022HSRC,nosex12m,ZAF_2_DC27,Umkhanyakude DM,42,2022,Y020_024,0.3727315450361963
ZAF,ZAF2022HSRC,sexcohab,ZAF_2_DC27,Umkhanyakude DM,42,2022,Y020_024,0.0488098185766892
ZAF,ZAF2022HSRC,sexnonregplus,ZAF_2_DC27,Umkhanyakude DM,42,2022,Y020_024,0.5784586363871145
ZAF,ZAF2022HSRC,nosex12m,ZAF_2_DC27,Umkhanyakude DM,42,2022,Y025_029,0.28673718404558
ZAF,ZAF2022HSRC,sexcohab,ZAF_2_DC27,Umkhanyakude DM,42,2022,Y025_029,0.1181144469504193
ZAF,ZAF2022HSRC,sexnonregplus,ZAF_2_DC27,Umkhanyakude DM,42,2022,Y025_029,0.5951483690040007
ZAF,ZAF2022HSRC,nosex12m,ZAF_2_DC27,Umkhanyakude DM,42,2022,Y030_034,0.2939017201145153
ZAF,ZAF2022HSRC,sexcohab,ZAF_2_DC27,Umkhanyakude DM,42,2022,Y030_034,0.16970725079994098
ZAF,ZAF2022HSRC,sexnonregplus,ZAF_2_DC27,Umkhanyakude DM,42,2022,Y030_034,0.5363910290855437
ZAF,ZAF2022HSRC,nosex12m,ZAF_2_DC27,Umkhanyakude DM,42,2022,Y035_039,0.31328854130575395
ZAF,ZAF2022HSRC,sexcohab,ZAF_2_DC27,Umkhanyakude DM,42,2022,Y035_039,0.2258903338517305
ZAF,ZAF2022HSRC,sexnonregplus,ZAF_2_DC27,Umkhanyakude DM,42,2022,Y035_039,0.4608211248425156
ZAF,ZAF2022HSRC,nosex12m,ZAF_2_DC27,Umkhanyakude DM,42,2022,Y040_044,0.3972320091891398
ZAF,ZAF2022HSRC,sexcohab,ZAF_2_DC27,Umkhanyakude DM,42,2022,Y040_044,0.25303803652208917
ZAF,ZAF2022HSRC,sexnonregplus,ZAF_2_DC27,Umkhanyakude DM,42,2022,Y040_044,0.349729954288771
ZAF,ZAF2022HSRC,nosex12m,ZAF_2_DC27,Umkhanyakude DM,42,2022,Y045_049,0.5173344582551797
ZAF,ZAF2022HSRC,sexcohab,ZAF_2_DC27,Umkhanyakude DM,42,2022,Y045_049,0.22373162068632893
ZAF,ZAF2022HSRC,sexnonregplus,ZAF_2_DC27,Umkhanyakude DM,42,2022,Y045_049,0.2589339210584914
ZAF,ZAF2022HSRC,nosex12m,ZAF_2_DC28,King Cetshwayo DM,43,2022,Y015_019,0.7557946670546883
ZAF,ZAF2022HSRC,sexcohab,ZAF_2_DC28,King Cetshwayo DM,43,2022,Y015_019,0.00544973744986536
ZAF,ZAF2022HSRC,sexnonregplus,ZAF_2_DC28,King Cetshwayo DM,43,2022,Y015_019,0.23875559549544623
ZAF,ZAF2022HSRC,nosex12m,ZAF_2_DC28,King Cetshwayo DM,43,2022,Y020_024,0.3399750232578514
ZAF,ZAF2022HSRC,sexcohab,ZAF_2_DC28,King Cetshwayo DM,43,2022,Y020_024,0.03899883970286282
ZAF,ZAF2022HSRC,sexnonregplus,ZAF_2_DC28,King Cetshwayo DM,43,2022,Y020_024,0.6210261370392858
ZAF,ZAF2022HSRC,nosex12m,ZAF_2_DC28,King Cetshwayo DM,43,2022,Y025_029,0.26281260006128093
ZAF,ZAF2022HSRC,sexcohab,ZAF_2_DC28,King Cetshwayo DM,43,2022,Y025_029,0.09488886217381264
ZAF,ZAF2022HSRC,sexnonregplus,ZAF_2_DC28,King Cetshwayo DM,43,2022,Y025_029,0.6422985377649064
ZAF,ZAF2022HSRC,nosex12m,ZAF_2_DC28,King Cetshwayo DM,43,2022,Y030_034,0.2736129796711868
ZAF,ZAF2022HSRC,sexcohab,ZAF_2_DC28,King Cetshwayo DM,43,2022,Y030_034,0.13855393148925585
ZAF,ZAF2022HSRC,sexnonregplus,ZAF_2_DC28,King Cetshwayo DM,43,2022,Y030_034,0.5878330888395573
ZAF,ZAF2022HSRC,nosex12m,ZAF_2_DC28,King Cetshwayo DM,43,2022,Y035_039,0.29731831401571945
ZAF,ZAF2022HSRC,sexcohab,ZAF_2_DC28,King Cetshwayo DM,43,2022,Y035_039,0.1880555412700351
ZAF,ZAF2022HSRC,sexnonregplus,ZAF_2_DC28,King Cetshwayo DM,43,2022,Y035_039,0.5146261447142454
ZAF,ZAF2022HSRC,nosex12m,ZAF_2_DC28,King Cetshwayo DM,43,2022,Y040_044,0.3854982714555311
ZAF,ZAF2022HSRC,sexcohab,ZAF_2_DC28,King Cetshwayo DM,43,2022,Y040_044,0.21539944543986544
ZAF,ZAF2022HSRC,sexnonregplus,ZAF_2_DC28,King Cetshwayo DM,43,2022,Y040_044,0.39910228310460344
ZAF,ZAF2022HSRC,nosex12m,ZAF_2_DC28,King Cetshwayo DM,43,2022,Y045_049,0.5083134980284026
ZAF,ZAF2022HSRC,sexcohab,ZAF_2_DC28,King Cetshwayo DM,43,2022,Y045_049,0.19272343622427857
ZAF,ZAF2022HSRC,sexnonregplus,ZAF_2_DC28,King Cetshwayo DM,43,2022,Y045_049,0.29896306574731885
ZAF,ZAF2022HSRC,nosex12m,ZAF_2_DC29,iLembe DM,44,2022,Y015_019,0.7493963117963084
ZAF,ZAF2022HSRC,sexcohab,ZAF_2_DC29,iLembe DM,44,2022,Y015_019,0.00701505369288037
ZAF,ZAF2022HSRC,sexnonregplus,ZAF_2_DC29,iLembe DM,44,2022,Y015_019,0.2435886345108112
ZAF,ZAF2022HSRC,nosex12m,ZAF_2_DC29,iLembe DM,44,2022,Y020_024,0.33066359375294657
ZAF,ZAF2022HSRC,sexcohab,ZAF_2_DC29,iLembe DM,44,2022,Y020_024,0.0492670542629072
ZAF,ZAF2022HSRC,sexnonregplus,ZAF_2_DC29,iLembe DM,44,2022,Y020_024,0.6200693519841463
ZAF,ZAF2022HSRC,nosex12m,ZAF_2_DC29,iLembe DM,44,2022,Y025_029,0.25144521977421347
ZAF,ZAF2022HSRC,sexcohab,ZAF_2_DC29,iLembe DM,44,2022,Y025_029,0.1178334855489266
ZAF,ZAF2022HSRC,sexnonregplus,ZAF_2_DC29,iLembe DM,44,2022,Y025_029,0.6307212946768599
ZAF,ZAF2022HSRC,nosex12m,ZAF_2_DC29,iLembe DM,44,2022,Y030_034,0.25890807437001334
ZAF,ZAF2022HSRC,sexcohab,ZAF_2_DC29,iLembe DM,44,2022,Y030_034,0.1700593987445644
ZAF,ZAF2022HSRC,sexnonregplus,ZAF_2_DC29,iLembe DM,44,2022,Y030_034,0.5710325268854223
ZAF,ZAF2022HSRC,nosex12m,ZAF_2_DC29,iLembe DM,44,2022,Y035_039,0.27795906082877736
ZAF,ZAF2022HSRC,sexcohab,ZAF_2_DC29,iLembe DM,44,2022,Y035_039,0.22801812548070088
ZAF,ZAF2022HSRC,sexnonregplus,ZAF_2_DC29,iLembe DM,44,2022,Y035_039,0.49402281369052176
ZAF,ZAF2022HSRC,nosex12m,ZAF_2_DC29,iLembe DM,44,2022,Y040_044,0.3586582001118539
ZAF,ZAF2022HSRC,sexcohab,ZAF_2_DC29,iLembe DM,44,2022,Y040_044,0.2598792023129094
ZAF,ZAF2022HSRC,sexnonregplus,ZAF_2_DC29,iLembe DM,44,2022,Y040_044,0.3814625975752367
ZAF,ZAF2022HSRC,nosex12m,ZAF_2_DC29,iLembe DM,44,2022,Y045_049,0.4770160856060633
ZAF,ZAF2022HSRC,sexcohab,ZAF_2_DC29,iLembe DM,44,2022,Y045_049,0.2345950778926917
ZAF,ZAF2022HSRC,sexnonregplus,ZAF_2_DC29,iLembe DM,44,2022,Y045_049,0.288388836501245
ZAF,ZAF2022HSRC,nosex12m,ZAF_2_DC43,Harry Gwala DM,45,2022,Y015_019,0.6983155038907473
ZAF,ZAF2022HSRC,sexcohab,ZAF_2_DC43,Harry Gwala DM,45,2022,Y015_019,0.00794375076432506
ZAF,ZAF2022HSRC,sexnonregplus,ZAF_2_DC43,Harry Gwala DM,45,2022,Y015_019,0.29374074534492767
ZAF,ZAF2022HSRC,nosex12m,ZAF_2_DC43,Harry Gwala DM,45,2022,Y020_024,0.2772889279238603
ZAF,ZAF2022HSRC,sexcohab,ZAF_2_DC43,Harry Gwala DM,45,2022,Y020_024,0.0501093217163804
ZAF,ZAF2022HSRC,sexnonregplus,ZAF_2_DC43,Harry Gwala DM,45,2022,Y020_024,0.6726017503597593
ZAF,ZAF2022HSRC,nosex12m,ZAF_2_DC43,Harry Gwala DM,45,2022,Y025_029,0.2077750101221808
ZAF,ZAF2022HSRC,sexcohab,ZAF_2_DC43,Harry Gwala DM,45,2022,Y025_029,0.11807339052388048
ZAF,ZAF2022HSRC,sexnonregplus,ZAF_2_DC43,Harry Gwala DM,45,2022,Y025_029,0.6741515993539388
ZAF,ZAF2022HSRC,nosex12m,ZAF_2_DC43,Harry Gwala DM,45,2022,Y030_034,0.2150600699823816
ZAF,ZAF2022HSRC,sexcohab,ZAF_2_DC43,Harry Gwala DM,45,2022,Y030_034,0.17132150360913245
ZAF,ZAF2022HSRC,sexnonregplus,ZAF_2_DC43,Harry Gwala DM,45,2022,Y030_034,0.613618426408486
ZAF,ZAF2022HSRC,nosex12m,ZAF_2_DC43,Harry Gwala DM,45,2022,Y035_039,0.23286748234327315
ZAF,ZAF2022HSRC,sexcohab,ZAF_2_DC43,Harry Gwala DM,45,2022,Y035_039,0.23169499270308833
ZAF,ZAF2022HSRC,sexnonregplus,ZAF_2_DC43,Harry Gwala DM,45,2022,Y035_039,0.5354375249536385
ZAF,ZAF2022HSRC,nosex12m,ZAF_2_DC43,Harry Gwala DM,45,2022,Y040_044,0.307222753124993
ZAF,ZAF2022HSRC,sexcohab,ZAF_2_DC43,Harry Gwala DM,45,2022,Y040_044,0.27001694667215953
ZAF,ZAF2022HSRC,sexnonregplus,ZAF_2_DC43,Harry Gwala DM,45,2022,Y040_044,0.4227603002028475
ZAF,ZAF2022HSRC,nosex12m,ZAF_2_DC43,Harry Gwala DM,45,2022,Y045_049,0.42038666967602706
ZAF,ZAF2022HSRC,sexcohab,ZAF_2_DC43,Harry Gwala DM,45,2022,Y045_049,0.25081033508837625
ZAF,ZAF2022HSRC,sexnonregplus,ZAF_2_DC43,Harry Gwala DM,45,2022,Y045_049,0.3288029952355967
ZAF,ZAF2022HSRC,nosex12m,ZAF_2_DC30,G Sibande DM,46,2022,Y015_019,0.6975794711836033
ZAF,ZAF2022HSRC,sexcohab,ZAF_2_DC30,G Sibande DM,46,2022,Y015_019,0.01153240463491576
ZAF,ZAF2022HSRC,sexnonregplus,ZAF_2_DC30,G Sibande DM,46,2022,Y015_019,0.29088812418148097
ZAF,ZAF2022HSRC,nosex12m,ZAF_2_DC30,G Sibande DM,46,2022,Y020_024,0.2721430161720318
ZAF,ZAF2022HSRC,sexcohab,ZAF_2_DC30,G Sibande DM,46,2022,Y020_024,0.07167366094743134
ZAF,ZAF2022HSRC,sexnonregplus,ZAF_2_DC30,G Sibande DM,46,2022,Y020_024,0.6561833228805369
ZAF,ZAF2022HSRC,nosex12m,ZAF_2_DC30,G Sibande DM,46,2022,Y025_029,0.19782992879343111
ZAF,ZAF2022HSRC,sexcohab,ZAF_2_DC30,G Sibande DM,46,2022,Y025_029,0.16397168541813703
ZAF,ZAF2022HSRC,sexnonregplus,ZAF_2_DC30,G Sibande DM,46,2022,Y025_029,0.6381983857884318
ZAF,ZAF2022HSRC,nosex12m,ZAF_2_DC30,G Sibande DM,46,2022,Y030_034,0.20006753567959457
ZAF,ZAF2022HSRC,sexcohab,ZAF_2_DC30,G Sibande DM,46,2022,Y030_034,0.2325240847569025
ZAF,ZAF2022HSRC,sexnonregplus,ZAF_2_DC30,G Sibande DM,46,2022,Y030_034,0.5674083795635029
ZAF,ZAF2022HSRC,nosex12m,ZAF_2_DC30,G Sibande DM,46,2022,Y035_039,0.21112737744800145
ZAF,ZAF2022HSRC,sexcohab,ZAF_2_DC30,G Sibande DM,46,2022,Y035_039,0.30653500614725687
ZAF,ZAF2022HSRC,sexnonregplus,ZAF_2_DC30,G Sibande DM,46,2022,Y035_039,0.4823376164047417
ZAF,ZAF2022HSRC,nosex12m,ZAF_2_DC30,G Sibande DM,46,2022,Y040_044,0.2740277041748752
ZAF,ZAF2022HSRC,sexcohab,ZAF_2_DC30,G Sibande DM,46,2022,Y040_044,0.35149840086735284
ZAF,ZAF2022HSRC,sexnonregplus,ZAF_2_DC30,G Sibande DM,46,2022,Y040_044,0.37447389495777195
ZAF,ZAF2022HSRC,nosex12m,ZAF_2_DC30,G Sibande DM,46,2022,Y045_049,0.3778909798770041
ZAF,ZAF2022HSRC,sexcohab,ZAF_2_DC30,G Sibande DM,46,2022,Y045_049,0.3288088997701472
ZAF,ZAF2022HSRC,sexnonregplus,ZAF_2_DC30,G Sibande DM,46,2022,Y045_049,0.2933001203528487
ZAF,ZAF2022HSRC,nosex12m,ZAF_2_DC31,Nkangala DM,47,2022,Y015_019,0.704278363946814
ZAF,ZAF2022HSRC,sexcohab,ZAF_2_DC31,Nkangala DM,47,2022,Y015_019,0.01200883735297753
ZAF,ZAF2022HSRC,sexnonregplus,ZAF_2_DC31,Nkangala DM,47,2022,Y015_019,0.2837127987002085
ZAF,ZAF2022HSRC,nosex12m,ZAF_2_DC31,Nkangala DM,47,2022,Y020_024,0.27789091446569747
ZAF,ZAF2022HSRC,sexcohab,ZAF_2_DC31,Nkangala DM,47,2022,Y020_024,0.07537905463804784
ZAF,ZAF2022HSRC,sexnonregplus,ZAF_2_DC31,Nkangala DM,47,2022,Y020_024,0.6467300308962547
ZAF,ZAF2022HSRC,nosex12m,ZAF_2_DC31,Nkangala DM,47,2022,Y025_029,0.2013269985106168
ZAF,ZAF2022HSRC,sexcohab,ZAF_2_DC31,Nkangala DM,47,2022,Y025_029,0.17182036963751154
ZAF,ZAF2022HSRC,sexnonregplus,ZAF_2_DC31,Nkangala DM,47,2022,Y025_029,0.6268526318518717
ZAF,ZAF2022HSRC,nosex12m,ZAF_2_DC31,Nkangala DM,47,2022,Y030_034,0.20269651552084292
ZAF,ZAF2022HSRC,sexcohab,ZAF_2_DC31,Nkangala DM,47,2022,Y030_034,0.242510398024969
ZAF,ZAF2022HSRC,sexnonregplus,ZAF_2_DC31,Nkangala DM,47,2022,Y030_034,0.5547930864541881
ZAF,ZAF2022HSRC,nosex12m,ZAF_2_DC31,Nkangala DM,47,2022,Y035_039,0.2128148992607744
ZAF,ZAF2022HSRC,sexcohab,ZAF_2_DC31,Nkangala DM,47,2022,Y035_039,0.31797994945378855
ZAF,ZAF2022HSRC,sexnonregplus,ZAF_2_DC31,Nkangala DM,47,2022,Y035_039,0.4692051512854371
ZAF,ZAF2022HSRC,nosex12m,ZAF_2_DC31,Nkangala DM,47,2022,Y040_044,0.2747895381659126
ZAF,ZAF2022HSRC,sexcohab,ZAF_2_DC31,Nkangala DM,47,2022,Y040_044,0.3627150271611909
ZAF,ZAF2022HSRC,sexnonregplus,ZAF_2_DC31,Nkangala DM,47,2022,Y040_044,0.3624954346728964
ZAF,ZAF2022HSRC,nosex12m,ZAF_2_DC31,Nkangala DM,47,2022,Y045_049,0.3780373921521217
ZAF,ZAF2022HSRC,sexcohab,ZAF_2_DC31,Nkangala DM,47,2022,Y045_049,0.33859409831683257
ZAF,ZAF2022HSRC,sexnonregplus,ZAF_2_DC31,Nkangala DM,47,2022,Y045_049,0.2833685095310457
ZAF,ZAF2022HSRC,nosex12m,ZAF_2_DC32,Ehlanzeni DM,48,2022,Y015_019,0.6987187513654254
ZAF,ZAF2022HSRC,sexcohab,ZAF_2_DC32,Ehlanzeni DM,48,2022,Y015_019,0.01535593270129866
ZAF,ZAF2022HSRC,sexnonregplus,ZAF_2_DC32,Ehlanzeni DM,48,2022,Y015_019,0.28592531593327597
ZAF,ZAF2022HSRC,nosex12m,ZAF_2_DC32,Ehlanzeni DM,48,2022,Y020_024,0.2691495754411767
ZAF,ZAF2022HSRC,sexcohab,ZAF_2_DC32,Ehlanzeni DM,48,2022,Y020_024,0.09414551981081017
ZAF,ZAF2022HSRC,sexnonregplus,ZAF_2_DC32,Ehlanzeni DM,48,2022,Y020_024,0.6367049047480131
ZAF,ZAF2022HSRC,nosex12m,ZAF_2_DC32,Ehlanzeni DM,48,2022,Y025_029,0.18991945459408716
ZAF,ZAF2022HSRC,sexcohab,ZAF_2_DC32,Ehlanzeni DM,48,2022,Y025_029,0.20903085534969945
ZAF,ZAF2022HSRC,sexnonregplus,ZAF_2_DC32,Ehlanzeni DM,48,2022,Y025_029,0.6010496900562133
ZAF,ZAF2022HSRC,nosex12m,ZAF_2_DC32,Ehlanzeni DM,48,2022,Y030_034,0.18777543924447124
ZAF,ZAF2022HSRC,sexcohab,ZAF_2_DC32,Ehlanzeni DM,48,2022,Y030_034,0.28979149832087164
ZAF,ZAF2022HSRC,sexnonregplus,ZAF_2_DC32,Ehlanzeni DM,48,2022,Y030_034,0.5224330624346571
ZAF,ZAF2022HSRC,nosex12m,ZAF_2_DC32,Ehlanzeni DM,48,2022,Y035_039,0.1934786296534631
ZAF,ZAF2022HSRC,sexcohab,ZAF_2_DC32,Ehlanzeni DM,48,2022,Y035_039,0.37294970668244454
ZAF,ZAF2022HSRC,sexnonregplus,ZAF_2_DC32,Ehlanzeni DM,48,2022,Y035_039,0.4335716636640924
ZAF,ZAF2022HSRC,nosex12m,ZAF_2_DC32,Ehlanzeni DM,48,2022,Y040_044,0.24731910062730209
ZAF,ZAF2022HSRC,sexcohab,ZAF_2_DC32,Ehlanzeni DM,48,2022,Y040_044,0.4211372356990395
ZAF,ZAF2022HSRC,sexnonregplus,ZAF_2_DC32,Ehlanzeni DM,48,2022,Y040_044,0.3315436636736584
ZAF,ZAF2022HSRC,nosex12m,ZAF_2_DC32,Ehlanzeni DM,48,2022,Y045_049,0.34285055010902976
ZAF,ZAF2022HSRC,sexcohab,ZAF_2_DC32,Ehlanzeni DM,48,2022,Y045_049,0.3960783162334321
ZAF,ZAF2022HSRC,sexnonregplus,ZAF_2_DC32,Ehlanzeni DM,48,2022,Y045_049,0.2610711336575381
ZAF,ZAF2022HSRC,nosex12m,ZAF_2_DC33,Mopani DM,49,2022,Y015_019,0.6729649494770341
ZAF,ZAF2022HSRC,sexcohab,ZAF_2_DC33,Mopani DM,49,2022,Y015_019,0.01966160525534289
ZAF,ZAF2022HSRC,sexnonregplus,ZAF_2_DC33,Mopani DM,49,2022,Y015_019,0.307373445267623
ZAF,ZAF2022HSRC,nosex12m,ZAF_2_DC33,Mopani DM,49,2022,Y020_024,0.24410443476159643
ZAF,ZAF2022HSRC,sexcohab,ZAF_2_DC33,Mopani DM,49,2022,Y020_024,0.11322966158173337
ZAF,ZAF2022HSRC,sexnonregplus,ZAF_2_DC33,Mopani DM,49,2022,Y020_024,0.6426659036566702
ZAF,ZAF2022HSRC,nosex12m,ZAF_2_DC33,Mopani DM,49,2022,Y025_029,0.16721511269080047
ZAF,ZAF2022HSRC,sexcohab,ZAF_2_DC33,Mopani DM,49,2022,Y025_029,0.24388516580506703
ZAF,ZAF2022HSRC,sexnonregplus,ZAF_2_DC33,Mopani DM,49,2022,Y025_029,0.5888997215041325
ZAF,ZAF2022HSRC,nosex12m,ZAF_2_DC33,Mopani DM,49,2022,Y030_034,0.16284980719577732
ZAF,ZAF2022HSRC,sexcohab,ZAF_2_DC33,Mopani DM,49,2022,Y030_034,0.33286648995934626
ZAF,ZAF2022HSRC,sexnonregplus,ZAF_2_DC33,Mopani DM,49,2022,Y030_034,0.5042837028448764
ZAF,ZAF2022HSRC,nosex12m,ZAF_2_DC33,Mopani DM,49,2022,Y035_039,0.16534634023211098
ZAF,ZAF2022HSRC,sexcohab,ZAF_2_DC33,Mopani DM,49,2022,Y035_039,0.4220456654996867
ZAF,ZAF2022HSRC,sexnonregplus,ZAF_2_DC33,Mopani DM,49,2022,Y035_039,0.4126079942682022
ZAF,ZAF2022HSRC,nosex12m,ZAF_2_DC33,Mopani DM,49,2022,Y040_044,0.21063140189003615
ZAF,ZAF2022HSRC,sexcohab,ZAF_2_DC33,Mopani DM,49,2022,Y040_044,0.4748588182428254
ZAF,ZAF2022HSRC,sexnonregplus,ZAF_2_DC33,Mopani DM,49,2022,Y040_044,0.3145097798671385
ZAF,ZAF2022HSRC,nosex12m,ZAF_2_DC33,Mopani DM,49,2022,Y045_049,0.29594390067426324
ZAF,ZAF2022HSRC,sexcohab,ZAF_2_DC33,Mopani DM,49,2022,Y045_049,0.4528574952677561
ZAF,ZAF2022HSRC,sexnonregplus,ZAF_2_DC33,Mopani DM,49,2022,Y045_049,0.25119860405798067
ZAF,ZAF2022HSRC,nosex12m,ZAF_2_DC34,Vhembe DM,50,2022,Y015_019,0.716875323080956
ZAF,ZAF2022HSRC,sexcohab,ZAF_2_DC34,Vhembe DM,50,2022,Y015_019,0.02014957516761521
ZAF,ZAF2022HSRC,sexnonregplus,ZAF_2_DC34,Vhembe DM,50,2022,Y015_019,0.26297510175142874
ZAF,ZAF2022HSRC,nosex12m,ZAF_2_DC34,Vhembe DM,50,2022,Y020_024,0.28130842424097546
ZAF,ZAF2022HSRC,sexcohab,ZAF_2_DC34,Vhembe DM,50,2022,Y020_024,0.12529896849219035
ZAF,ZAF2022HSRC,sexnonregplus,ZAF_2_DC34,Vhembe DM,50,2022,Y020_024,0.5933926072668342
ZAF,ZAF2022HSRC,nosex12m,ZAF_2_DC34,Vhembe DM,50,2022,Y025_029,0.19158311154507943
ZAF,ZAF2022HSRC,sexcohab,ZAF_2_DC34,Vhembe DM,50,2022,Y025_029,0.2679565059680407
ZAF,ZAF2022HSRC,sexnonregplus,ZAF_2_DC34,Vhembe DM,50,2022,Y025_029,0.5404603824868799
ZAF,ZAF2022HSRC,nosex12m,ZAF_2_DC34,Vhembe DM,50,2022,Y030_034,0.18377760203838528
ZAF,ZAF2022HSRC,sexcohab,ZAF_2_DC34,Vhembe DM,50,2022,Y030_034,0.36015483654747543
ZAF,ZAF2022HSRC,sexnonregplus,ZAF_2_DC34,Vhembe DM,50,2022,Y030_034,0.4560675614141393
ZAF,ZAF2022HSRC,nosex12m,ZAF_2_DC34,Vhembe DM,50,2022,Y035_039,0.18362763377931965
ZAF,ZAF2022HSRC,sexcohab,ZAF_2_DC34,Vhembe DM,50,2022,Y035_039,0.4491788387093565
ZAF,ZAF2022HSRC,sexnonregplus,ZAF_2_DC34,Vhembe DM,50,2022,Y035_039,0.36719352751132384
ZAF,ZAF2022HSRC,nosex12m,ZAF_2_DC34,Vhembe DM,50,2022,Y040_044,0.2294759867036704
ZAF,ZAF2022HSRC,sexcohab,ZAF_2_DC34,Vhembe DM,50,2022,Y040_044,0.4958127991159998
ZAF,ZAF2022HSRC,sexnonregplus,ZAF_2_DC34,Vhembe DM,50,2022,Y040_044,0.2747112141803298
ZAF,ZAF2022HSRC,nosex12m,ZAF_2_DC34,Vhembe DM,50,2022,Y045_049,0.3176760627870205
ZAF,ZAF2022HSRC,sexcohab,ZAF_2_DC34,Vhembe DM,50,2022,Y045_049,0.46609222670429945
ZAF,ZAF2022HSRC,sexnonregplus,ZAF_2_DC34,Vhembe DM,50,2022,Y045_049,0.2162317105086801
ZAF,ZAF2022HSRC,nosex12m,ZAF_2_DC35,Capricorn DM,51,2022,Y015_019,0.6610911049654271
ZAF,ZAF2022HSRC,sexcohab,ZAF_2_DC35,Capricorn DM,51,2022,Y015_019,0.01463450312014955
ZAF,ZAF2022HSRC,sexnonregplus,ZAF_2_DC35,Capricorn DM,51,2022,Y015_019,0.3242743919144233
ZAF,ZAF2022HSRC,nosex12m,ZAF_2_DC35,Capricorn DM,51,2022,Y020_024,0.23923156588952815
ZAF,ZAF2022HSRC,sexcohab,ZAF_2_DC35,Capricorn DM,51,2022,Y020_024,0.08419190146829604
ZAF,ZAF2022HSRC,sexnonregplus,ZAF_2_DC35,Capricorn DM,51,2022,Y020_024,0.6765765326421758
ZAF,ZAF2022HSRC,nosex12m,ZAF_2_DC35,Capricorn DM,51,2022,Y025_029,0.1698154622482609
ZAF,ZAF2022HSRC,sexcohab,ZAF_2_DC35,Capricorn DM,51,2022,Y025_029,0.1878408032227599
ZAF,ZAF2022HSRC,sexnonregplus,ZAF_2_DC35,Capricorn DM,51,2022,Y025_029,0.6423437345289792
ZAF,ZAF2022HSRC,nosex12m,ZAF_2_DC35,Capricorn DM,51,2022,Y030_034,0.1701766385185958
ZAF,ZAF2022HSRC,sexcohab,ZAF_2_DC35,Capricorn DM,51,2022,Y030_034,0.26385399146128063
ZAF,ZAF2022HSRC,sexnonregplus,ZAF_2_DC35,Capricorn DM,51,2022,Y030_034,0.5659693700201236
ZAF,ZAF2022HSRC,nosex12m,ZAF_2_DC35,Capricorn DM,51,2022,Y035_039,0.1780597551052083
ZAF,ZAF2022HSRC,sexcohab,ZAF_2_DC35,Capricorn DM,51,2022,Y035_039,0.34473723528517086
ZAF,ZAF2022HSRC,sexnonregplus,ZAF_2_DC35,Capricorn DM,51,2022,Y035_039,0.4772030096096208
ZAF,ZAF2022HSRC,nosex12m,ZAF_2_DC35,Capricorn DM,51,2022,Y040_044,0.23183628496936315
ZAF,ZAF2022HSRC,sexcohab,ZAF_2_DC35,Capricorn DM,51,2022,Y040_044,0.3963984481751633
ZAF,ZAF2022HSRC,sexnonregplus,ZAF_2_DC35,Capricorn DM,51,2022,Y040_044,0.3717652668554736
ZAF,ZAF2022HSRC,nosex12m,ZAF_2_DC35,Capricorn DM,51,2022,Y045_049,0.3255277035631964
ZAF,ZAF2022HSRC,sexcohab,ZAF_2_DC35,Capricorn DM,51,2022,Y045_049,0.3778065297005817
ZAF,ZAF2022HSRC,sexnonregplus,ZAF_2_DC35,Capricorn DM,51,2022,Y045_049,0.2966657667362219
ZAF,ZAF2022HSRC,nosex12m,ZAF_2_DC36,Waterberg DM,52,2022,Y015_019,0.7210761396290342
ZAF,ZAF2022HSRC,sexcohab,ZAF_2_DC36,Waterberg DM,52,2022,Y015_019,0.01578280465678871
ZAF,ZAF2022HSRC,sexnonregplus,ZAF_2_DC36,Waterberg DM,52,2022,Y015_019,0.2631410557141772
ZAF,ZAF2022HSRC,nosex12m,ZAF_2_DC36,Waterberg DM,52,2022,Y020_024,0.28989427290319436
ZAF,ZAF2022HSRC,sexcohab,ZAF_2_DC36,Waterberg DM,52,2022,Y020_024,0.10074782861952418
ZAF,ZAF2022HSRC,sexnonregplus,ZAF_2_DC36,Waterberg DM,52,2022,Y020_024,0.6093578984772814
ZAF,ZAF2022HSRC,nosex12m,ZAF_2_DC36,Waterberg DM,52,2022,Y025_029,0.2039293185693737
ZAF,ZAF2022HSRC,sexcohab,ZAF_2_DC36,Waterberg DM,52,2022,Y025_029,0.22271397431471407
ZAF,ZAF2022HSRC,sexnonregplus,ZAF_2_DC36,Waterberg DM,52,2022,Y025_029,0.5733567071159122
ZAF,ZAF2022HSRC,nosex12m,ZAF_2_DC36,Waterberg DM,52,2022,Y030_034,0.1998848113647577
ZAF,ZAF2022HSRC,sexcohab,ZAF_2_DC36,Waterberg DM,52,2022,Y030_034,0.30593569763804773
ZAF,ZAF2022HSRC,sexnonregplus,ZAF_2_DC36,Waterberg DM,52,2022,Y030_034,0.4941794909971946
ZAF,ZAF2022HSRC,nosex12m,ZAF_2_DC36,Waterberg DM,52,2022,Y035_039,0.20393637926713776
ZAF,ZAF2022HSRC,sexcohab,ZAF_2_DC36,Waterberg DM,52,2022,Y035_039,0.3897444631944177
ZAF,ZAF2022HSRC,sexnonregplus,ZAF_2_DC36,Waterberg DM,52,2022,Y035_039,0.40631915753844455
ZAF,ZAF2022HSRC,nosex12m,ZAF_2_DC36,Waterberg DM,52,2022,Y040_044,0.2576993668899862
ZAF,ZAF2022HSRC,sexcohab,ZAF_2_DC36,Waterberg DM,52,2022,Y040_044,0.43501556304184186
ZAF,ZAF2022HSRC,sexnonregplus,ZAF_2_DC36,Waterberg DM,52,2022,Y040_044,0.307285070068172
ZAF,ZAF2022HSRC,nosex12m,ZAF_2_DC36,Waterberg DM,52,2022,Y045_049,0.3541080810287346
ZAF,ZAF2022HSRC,sexcohab,ZAF_2_DC36,Waterberg DM,52,2022,Y045_049,0.4058395251569995
ZAF,ZAF2022HSRC,sexnonregplus,ZAF_2_DC36,Waterberg DM,52,2022,Y045_049,0.2400523938142659
ZAF,ZAF2022HSRC,nosex12m,ZAF_2_DC47,Sekhukhune DM,53,2022,Y015_019,0.6809201404588104
ZAF,ZAF2022HSRC,sexcohab,ZAF_2_DC47,Sekhukhune DM,53,2022,Y015_019,0.01276038887221414
ZAF,ZAF2022HSRC,sexnonregplus,ZAF_2_DC47,Sekhukhune DM,53,2022,Y015_019,0.30631947066897547
ZAF,ZAF2022HSRC,nosex12m,ZAF_2_DC47,Sekhukhune DM,53,2022,Y020_024,0.2568570643308767
ZAF,ZAF2022HSRC,sexcohab,ZAF_2_DC47,Sekhukhune DM,53,2022,Y020_024,0.07647755376063278
ZAF,ZAF2022HSRC,sexnonregplus,ZAF_2_DC47,Sekhukhune DM,53,2022,Y020_024,0.6666653819084906
ZAF,ZAF2022HSRC,nosex12m,ZAF_2_DC47,Sekhukhune DM,53,2022,Y025_029,0.18488856846014529
ZAF,ZAF2022HSRC,sexcohab,ZAF_2_DC47,Sekhukhune DM,53,2022,Y025_029,0.173166352688562
ZAF,ZAF2022HSRC,sexnonregplus,ZAF_2_DC47,Sekhukhune DM,53,2022,Y025_029,0.6419450788512927
ZAF,ZAF2022HSRC,nosex12m,ZAF_2_DC47,Sekhukhune DM,53,2022,Y030_034,0.18633573400819595
ZAF,ZAF2022HSRC,sexcohab,ZAF_2_DC47,Sekhukhune DM,53,2022,Y030_034,0.24469900194427335
ZAF,ZAF2022HSRC,sexnonregplus,ZAF_2_DC47,Sekhukhune DM,53,2022,Y030_034,0.5689652640475307
ZAF,ZAF2022HSRC,nosex12m,ZAF_2_DC47,Sekhukhune DM,53,2022,Y035_039,0.1960803327890246
ZAF,ZAF2022HSRC,sexcohab,ZAF_2_DC47,Sekhukhune DM,53,2022,Y035_039,0.32154178676063566
ZAF,ZAF2022HSRC,sexnonregplus,ZAF_2_DC47,Sekhukhune DM,53,2022,Y035_039,0.4823778804503397
ZAF,ZAF2022HSRC,nosex12m,ZAF_2_DC47,Sekhukhune DM,53,2022,Y040_044,0.2550905105679552
ZAF,ZAF2022HSRC,sexcohab,ZAF_2_DC47,Sekhukhune DM,53,2022,Y040_044,0.369467651158612
ZAF,ZAF2022HSRC,sexnonregplus,ZAF_2_DC47,Sekhukhune DM,53,2022,Y040_044,0.3754418382734328
ZAF,ZAF2022HSRC,nosex12m,ZAF_2_DC47,Sekhukhune DM,53,2022,Y045_049,0.3547068592822776
ZAF,ZAF2022HSRC,sexcohab,ZAF_2_DC47,Sekhukhune DM,53,2022,Y045_049,0.34864569178532673
ZAF,ZAF2022HSRC,sexnonregplus,ZAF_2_DC47,Sekhukhune DM,53,2022,Y045_049,0.2966474489323957
ZAF,ZAF2022HSRC,nosex12m,ZAF_2_DC37,Bojanala Platinum DM,54,2022,Y015_019,0.6801199241904348
ZAF,ZAF2022HSRC,sexcohab,ZAF_2_DC37,Bojanala Platinum DM,54,2022,Y015_019,0.01545684609952199
ZAF,ZAF2022HSRC,sexnonregplus,ZAF_2_DC37,Bojanala Platinum DM,54,2022,Y015_019,0.3044232297100432
ZAF,ZAF2022HSRC,nosex12m,ZAF_2_DC37,Bojanala Platinum DM,54,2022,Y020_024,0.2533764647060199
ZAF,ZAF2022HSRC,sexcohab,ZAF_2_DC37,Bojanala Platinum DM,54,2022,Y020_024,0.09159450309311346
ZAF,ZAF2022HSRC,sexnonregplus,ZAF_2_DC37,Bojanala Platinum DM,54,2022,Y020_024,0.6550290322008666
ZAF,ZAF2022HSRC,nosex12m,ZAF_2_DC37,Bojanala Platinum DM,54,2022,Y025_029,0.1786628460810977
ZAF,ZAF2022HSRC,sexcohab,ZAF_2_DC37,Bojanala Platinum DM,54,2022,Y025_029,0.20325764497291285
ZAF,ZAF2022HSRC,sexnonregplus,ZAF_2_DC37,Bojanala Platinum DM,54,2022,Y025_029,0.6180795089459895
ZAF,ZAF2022HSRC,nosex12m,ZAF_2_DC37,Bojanala Platinum DM,54,2022,Y030_034,0.17741071776786163
ZAF,ZAF2022HSRC,sexcohab,ZAF_2_DC37,Bojanala Platinum DM,54,2022,Y030_034,0.28300087539782554
ZAF,ZAF2022HSRC,sexnonregplus,ZAF_2_DC37,Bojanala Platinum DM,54,2022,Y030_034,0.5395884068343129
ZAF,ZAF2022HSRC,nosex12m,ZAF_2_DC37,Bojanala Platinum DM,54,2022,Y035_039,0.1837384124663796
ZAF,ZAF2022HSRC,sexcohab,ZAF_2_DC37,Bojanala Platinum DM,54,2022,Y035_039,0.3660898013912199
ZAF,ZAF2022HSRC,sexnonregplus,ZAF_2_DC37,Bojanala Platinum DM,54,2022,Y035_039,0.4501717861424005
ZAF,ZAF2022HSRC,nosex12m,ZAF_2_DC37,Bojanala Platinum DM,54,2022,Y040_044,0.23668857499885024
ZAF,ZAF2022HSRC,sexcohab,ZAF_2_DC37,Bojanala Platinum DM,54,2022,Y040_044,0.4164834296713794
ZAF,ZAF2022HSRC,sexnonregplus,ZAF_2_DC37,Bojanala Platinum DM,54,2022,Y040_044,0.3468279953297703
ZAF,ZAF2022HSRC,nosex12m,ZAF_2_DC37,Bojanala Platinum DM,54,2022,Y045_049,0.3304094265237132
ZAF,ZAF2022HSRC,sexcohab,ZAF_2_DC37,Bojanala Platinum DM,54,2022,Y045_049,0.39450790707554023
ZAF,ZAF2022HSRC,sexnonregplus,ZAF_2_DC37,Bojanala Platinum DM,54,2022,Y045_049,0.2750826664007466
ZAF,ZAF2022HSRC,nosex12m,ZAF_2_DC38,Ngaka Modiri Molema DM,55,2022,Y015_019,0.6599828892338505
ZAF,ZAF2022HSRC,sexcohab,ZAF_2_DC38,Ngaka Modiri Molema DM,55,2022,Y015_019,0.01228316411493749
ZAF,ZAF2022HSRC,sexnonregplus,ZAF_2_DC38,Ngaka Modiri Molema DM,55,2022,Y015_019,0.327733946651212
ZAF,ZAF2022HSRC,nosex12m,ZAF_2_DC38,Ngaka Modiri Molema DM,55,2022,Y020_024,0.24034882065285715
ZAF,ZAF2022HSRC,sexcohab,ZAF_2_DC38,Ngaka Modiri Molema DM,55,2022,Y020_024,0.07105773085449354
ZAF,ZAF2022HSRC,sexnonregplus,ZAF_2_DC38,Ngaka Modiri Molema DM,55,2022,Y020_024,0.6885934484926493
ZAF,ZAF2022HSRC,nosex12m,ZAF_2_DC38,Ngaka Modiri Molema DM,55,2022,Y025_029,0.17355040998744004
ZAF,ZAF2022HSRC,sexcohab,ZAF_2_DC38,Ngaka Modiri Molema DM,55,2022,Y025_029,0.161418808818897
ZAF,ZAF2022HSRC,sexnonregplus,ZAF_2_DC38,Ngaka Modiri Molema DM,55,2022,Y025_029,0.665030781193663
ZAF,ZAF2022HSRC,nosex12m,ZAF_2_DC38,Ngaka Modiri Molema DM,55,2022,Y030_034,0.17622694994302693
ZAF,ZAF2022HSRC,sexcohab,ZAF_2_DC38,Ngaka Modiri Molema DM,55,2022,Y030_034,0.22987807573549576
ZAF,ZAF2022HSRC,sexnonregplus,ZAF_2_DC38,Ngaka Modiri Molema DM,55,2022,Y030_034,0.5938949743214773
ZAF,ZAF2022HSRC,nosex12m,ZAF_2_DC38,Ngaka Modiri Molema DM,55,2022,Y035_039,0.18715955582064597
ZAF,ZAF2022HSRC,sexcohab,ZAF_2_DC38,Ngaka Modiri Molema DM,55,2022,Y035_039,0.3047972416610016
ZAF,ZAF2022HSRC,sexnonregplus,ZAF_2_DC38,Ngaka Modiri Molema DM,55,2022,Y035_039,0.5080432025183524
ZAF,ZAF2022HSRC,nosex12m,ZAF_2_DC38,Ngaka Modiri Molema DM,55,2022,Y040_044,0.24608613616774924
ZAF,ZAF2022HSRC,sexcohab,ZAF_2_DC38,Ngaka Modiri Molema DM,55,2022,Y040_044,0.3541130705966965
ZAF,ZAF2022HSRC,sexnonregplus,ZAF_2_DC38,Ngaka Modiri Molema DM,55,2022,Y040_044,0.39980079323555423
ZAF,ZAF2022HSRC,nosex12m,ZAF_2_DC38,Ngaka Modiri Molema DM,55,2022,Y045_049,0.3448785783526983
ZAF,ZAF2022HSRC,sexcohab,ZAF_2_DC38,Ngaka Modiri Molema DM,55,2022,Y045_049,0.33674027905300946
ZAF,ZAF2022HSRC,sexnonregplus,ZAF_2_DC38,Ngaka Modiri Molema DM,55,2022,Y045_049,0.31838114259429223
ZAF,ZAF2022HSRC,nosex12m,ZAF_2_DC39,Ruth Segomotsi Mompati DM,56,2022,Y015_019,0.6497449754869856
ZAF,ZAF2022HSRC,sexcohab,ZAF_2_DC39,Ruth Segomotsi Mompati DM,56,2022,Y015_019,0.0119816513808357
ZAF,ZAF2022HSRC,sexnonregplus,ZAF_2_DC39,Ruth Segomotsi Mompati DM,56,2022,Y015_019,0.33827337313217865
ZAF,ZAF2022HSRC,nosex12m,ZAF_2_DC39,Ruth Segomotsi Mompati DM,56,2022,Y020_024,0.2334320265428912
ZAF,ZAF2022HSRC,sexcohab,ZAF_2_DC39,Ruth Segomotsi Mompati DM,56,2022,Y020_024,0.06831191390506984
ZAF,ZAF2022HSRC,sexnonregplus,ZAF_2_DC39,Ruth Segomotsi Mompati DM,56,2022,Y020_024,0.698256059552039
ZAF,ZAF2022HSRC,nosex12m,ZAF_2_DC39,Ruth Segomotsi Mompati DM,56,2022,Y025_029,0.16894011140254964
ZAF,ZAF2022HSRC,sexcohab,ZAF_2_DC39,Ruth Segomotsi Mompati DM,56,2022,Y025_029,0.15531813535333527
ZAF,ZAF2022HSRC,sexnonregplus,ZAF_2_DC39,Ruth Segomotsi Mompati DM,56,2022,Y025_029,0.6757417532441151
ZAF,ZAF2022HSRC,nosex12m,ZAF_2_DC39,Ruth Segomotsi Mompati DM,56,2022,Y030_034,0.1721840833010562
ZAF,ZAF2022HSRC,sexcohab,ZAF_2_DC39,Ruth Segomotsi Mompati DM,56,2022,Y030_034,0.22189372823123993
ZAF,ZAF2022HSRC,sexnonregplus,ZAF_2_DC39,Ruth Segomotsi Mompati DM,56,2022,Y030_034,0.6059221884677038
ZAF,ZAF2022HSRC,nosex12m,ZAF_2_DC39,Ruth Segomotsi Mompati DM,56,2022,Y035_039,0.18367508979163127
ZAF,ZAF2022HSRC,sexcohab,ZAF_2_DC39,Ruth Segomotsi Mompati DM,56,2022,Y035_039,0.2954106940093611
ZAF,ZAF2022HSRC,sexnonregplus,ZAF_2_DC39,Ruth Segomotsi Mompati DM,56,2022,Y035_039,0.5209142161990076
ZAF,ZAF2022HSRC,nosex12m,ZAF_2_DC39,Ruth Segomotsi Mompati DM,56,2022,Y040_044,0.24272141614157183
ZAF,ZAF2022HSRC,sexcohab,ZAF_2_DC39,Ruth Segomotsi Mompati DM,56,2022,Y040_044,0.34492187310628986
ZAF,ZAF2022HSRC,sexnonregplus,ZAF_2_DC39,Ruth Segomotsi Mompati DM,56,2022,Y040_044,0.4123567107521384
ZAF,ZAF2022HSRC,nosex12m,ZAF_2_DC39,Ruth Segomotsi Mompati DM,56,2022,Y045_049,0.34108415466735875
ZAF,ZAF2022HSRC,sexcohab,ZAF_2_DC39,Ruth Segomotsi Mompati DM,56,2022,Y045_049,0.32921826083965045
ZAF,ZAF2022HSRC,sexnonregplus,ZAF_2_DC39,Ruth Segomotsi Mompati DM,56,2022,Y045_049,0.3296975844929908
ZAF,ZAF2022HSRC,nosex12m,ZAF_2_DC40,Dr K Kaunda DM,57,2022,Y015_019,0.6650736865444213
ZAF,ZAF2022HSRC,sexcohab,ZAF_2_DC40,Dr K Kaunda DM,57,2022,Y015_019,0.01612319894126903
ZAF,ZAF2022HSRC,sexnonregplus,ZAF_2_DC40,Dr K Kaunda DM,57,2022,Y015_019,0.3188031145143096
ZAF,ZAF2022HSRC,nosex12m,ZAF_2_DC40,Dr K Kaunda DM,57,2022,Y020_024,0.2408257337806597
ZAF,ZAF2022HSRC,sexcohab,ZAF_2_DC40,Dr K Kaunda DM,57,2022,Y020_024,0.0927866550851954
ZAF,ZAF2022HSRC,sexnonregplus,ZAF_2_DC40,Dr K Kaunda DM,57,2022,Y020_024,0.6663876111341449
ZAF,ZAF2022HSRC,nosex12m,ZAF_2_DC40,Dr K Kaunda DM,57,2022,Y025_029,0.1690808340300146
ZAF,ZAF2022HSRC,sexcohab,ZAF_2_DC40,Dr K Kaunda DM,57,2022,Y025_029,0.2049926331326828
ZAF,ZAF2022HSRC,sexnonregplus,ZAF_2_DC40,Dr K Kaunda DM,57,2022,Y025_029,0.6259265328373026
ZAF,ZAF2022HSRC,nosex12m,ZAF_2_DC40,Dr K Kaunda DM,57,2022,Y030_034,0.16792319122854937
ZAF,ZAF2022HSRC,sexcohab,ZAF_2_DC40,Dr K Kaunda DM,57,2022,Y030_034,0.2854318547602269
ZAF,ZAF2022HSRC,sexnonregplus,ZAF_2_DC40,Dr K Kaunda DM,57,2022,Y030_034,0.5466449540112237
ZAF,ZAF2022HSRC,nosex12m,ZAF_2_DC40,Dr K Kaunda DM,57,2022,Y035_039,0.17407300494882227
ZAF,ZAF2022HSRC,sexcohab,ZAF_2_DC40,Dr K Kaunda DM,57,2022,Y035_039,0.3694636895913952
ZAF,ZAF2022HSRC,sexnonregplus,ZAF_2_DC40,Dr K Kaunda DM,57,2022,Y035_039,0.4564633054597826
ZAF,ZAF2022HSRC,nosex12m,ZAF_2_DC40,Dr K Kaunda DM,57,2022,Y040_044,0.2250726373169294
ZAF,ZAF2022HSRC,sexcohab,ZAF_2_DC40,Dr K Kaunda DM,57,2022,Y040_044,0.4219086947762564
ZAF,ZAF2022HSRC,sexnonregplus,ZAF_2_DC40,Dr K Kaunda DM,57,2022,Y040_044,0.35301866790681424
ZAF,ZAF2022HSRC,nosex12m,ZAF_2_DC40,Dr K Kaunda DM,57,2022,Y045_049,0.3161215500857517
ZAF,ZAF2022HSRC,sexcohab,ZAF_2_DC40,Dr K Kaunda DM,57,2022,Y045_049,0.40213272506099496
ZAF,ZAF2022HSRC,sexnonregplus,ZAF_2_DC40,Dr K Kaunda DM,57,2022,Y045_049,0.28174572485325333
ZAF,ZAF2022HSRC,nosex12m,ZAF_2_JHB,Johannesburg MM,58,2022,Y015_019,0.6931103107584123
ZAF,ZAF2022HSRC,sexcohab,ZAF_2_JHB,Johannesburg MM,58,2022,Y015_019,0.01868218225291054
ZAF,ZAF2022HSRC,sexnonregplus,ZAF_2_JHB,Johannesburg MM,58,2022,Y015_019,0.28820750698867714
ZAF,ZAF2022HSRC,nosex12m,ZAF_2_JHB,Johannesburg MM,58,2022,Y020_024,0.2611947223069847
ZAF,ZAF2022HSRC,sexcohab,ZAF_2_JHB,Johannesburg MM,58,2022,Y020_024,0.11186235686319944
ZAF,ZAF2022HSRC,sexnonregplus,ZAF_2_JHB,Johannesburg MM,58,2022,Y020_024,0.6269429208298158
ZAF,ZAF2022HSRC,nosex12m,ZAF_2_JHB,Johannesburg MM,58,2022,Y025_029,0.1798890255158792
ZAF,ZAF2022HSRC,sexcohab,ZAF_2_JHB,Johannesburg MM,58,2022,Y025_029,0.242393978162477
ZAF,ZAF2022HSRC,sexnonregplus,ZAF_2_JHB,Johannesburg MM,58,2022,Y025_029,0.5777169963216437
ZAF,ZAF2022HSRC,nosex12m,ZAF_2_JHB,Johannesburg MM,58,2022,Y030_034,0.17506883931110043
ZAF,ZAF2022HSRC,sexcohab,ZAF_2_JHB,Johannesburg MM,58,2022,Y030_034,0.33065872958946085
ZAF,ZAF2022HSRC,sexnonregplus,ZAF_2_JHB,Johannesburg MM,58,2022,Y030_034,0.4942724310994387
ZAF,ZAF2022HSRC,nosex12m,ZAF_2_JHB,Johannesburg MM,58,2022,Y035_039,0.1774836226207372
ZAF,ZAF2022HSRC,sexcohab,ZAF_2_JHB,Johannesburg MM,58,2022,Y035_039,0.4187657608233179
ZAF,ZAF2022HSRC,sexnonregplus,ZAF_2_JHB,Johannesburg MM,58,2022,Y035_039,0.40375061655594485
ZAF,ZAF2022HSRC,nosex12m,ZAF_2_JHB,Johannesburg MM,58,2022,Y040_044,0.2249696296165678
ZAF,ZAF2022HSRC,sexcohab,ZAF_2_JHB,Johannesburg MM,58,2022,Y040_044,0.4688787356952938
ZAF,ZAF2022HSRC,sexnonregplus,ZAF_2_JHB,Johannesburg MM,58,2022,Y040_044,0.3061516346881384
ZAF,ZAF2022HSRC,nosex12m,ZAF_2_JHB,Johannesburg MM,58,2022,Y045_049,0.31376203952867876
ZAF,ZAF2022HSRC,sexcohab,ZAF_2_JHB,Johannesburg MM,58,2022,Y045_049,0.4436648304085652
ZAF,ZAF2022HSRC,sexnonregplus,ZAF_2_JHB,Johannesburg MM,58,2022,Y045_049,0.24257313006275605
ZAF,ZAF2022HSRC,nosex12m,ZAF_2_TSH,Tshwane MM,59,2022,Y015_019,0.7131700569484649
ZAF,ZAF2022HSRC,sexcohab,ZAF_2_TSH,Tshwane MM,59,2022,Y015_019,0.01941739425449409
ZAF,ZAF2022HSRC,sexnonregplus,ZAF_2_TSH,Tshwane MM,59,2022,Y015_019,0.267412548797041
ZAF,ZAF2022HSRC,nosex12m,ZAF_2_TSH,Tshwane MM,59,2022,Y020_024,0.2781362752823346
ZAF,ZAF2022HSRC,sexcohab,ZAF_2_TSH,Tshwane MM,59,2022,Y020_024,0.12033681658766694
ZAF,ZAF2022HSRC,sexnonregplus,ZAF_2_TSH,Tshwane MM,59,2022,Y020_024,0.6015269081299985
ZAF,ZAF2022HSRC,nosex12m,ZAF_2_TSH,Tshwane MM,59,2022,Y025_029,0.19032775826273576
ZAF,ZAF2022HSRC,sexcohab,ZAF_2_TSH,Tshwane MM,59,2022,Y025_029,0.258952700740144
ZAF,ZAF2022HSRC,sexnonregplus,ZAF_2_TSH,Tshwane MM,59,2022,Y025_029,0.5507195409971203
ZAF,ZAF2022HSRC,nosex12m,ZAF_2_TSH,Tshwane MM,59,2022,Y030_034,0.1834444359969488
ZAF,ZAF2022HSRC,sexcohab,ZAF_2_TSH,Tshwane MM,59,2022,Y030_034,0.3498021413494236
ZAF,ZAF2022HSRC,sexnonregplus,ZAF_2_TSH,Tshwane MM,59,2022,Y030_034,0.4667534226536276
ZAF,ZAF2022HSRC,nosex12m,ZAF_2_TSH,Tshwane MM,59,2022,Y035_039,0.1841065891775716
ZAF,ZAF2022HSRC,sexcohab,ZAF_2_TSH,Tshwane MM,59,2022,Y035_039,0.4384342596330337
ZAF,ZAF2022HSRC,sexnonregplus,ZAF_2_TSH,Tshwane MM,59,2022,Y035_039,0.37745915118939466
ZAF,ZAF2022HSRC,nosex12m,ZAF_2_TSH,Tshwane MM,59,2022,Y040_044,0.2309426463831538
ZAF,ZAF2022HSRC,sexcohab,ZAF_2_TSH,Tshwane MM,59,2022,Y040_044,0.4857501522845464
ZAF,ZAF2022HSRC,sexnonregplus,ZAF_2_TSH,Tshwane MM,59,2022,Y040_044,0.2833072013322998
ZAF,ZAF2022HSRC,nosex12m,ZAF_2_TSH,Tshwane MM,59,2022,Y045_049,0.32002924169816965
ZAF,ZAF2022HSRC,sexcohab,ZAF_2_TSH,Tshwane MM,59,2022,Y045_049,0.4568588357477627
ZAF,ZAF2022HSRC,sexnonregplus,ZAF_2_TSH,Tshwane MM,59,2022,Y045_049,0.22311192255406756
ZAF,ZAF2022HSRC,nosex12m,ZAF_2_EKU,Ekurhuleni MM,60,2022,Y015_019,0.7005096451126731
ZAF,ZAF2022HSRC,sexcohab,ZAF_2_EKU,Ekurhuleni MM,60,2022,Y015_019,0.01937268435039761
ZAF,ZAF2022HSRC,sexnonregplus,ZAF_2_EKU,Ekurhuleni MM,60,2022,Y015_019,0.2801176705369292
ZAF,ZAF2022HSRC,nosex12m,ZAF_2_EKU,Ekurhuleni MM,60,2022,Y020_024,0.26672104492726556
ZAF,ZAF2022HSRC,sexcohab,ZAF_2_EKU,Ekurhuleni MM,60,2022,Y020_024,0.11739871596498176
ZAF,ZAF2022HSRC,sexnonregplus,ZAF_2_EKU,Ekurhuleni MM,60,2022,Y020_024,0.6158802391077527
ZAF,ZAF2022HSRC,nosex12m,ZAF_2_EKU,Ekurhuleni MM,60,2022,Y025_029,0.18270461499705307
ZAF,ZAF2022HSRC,sexcohab,ZAF_2_EKU,Ekurhuleni MM,60,2022,Y025_029,0.2529140061080254
ZAF,ZAF2022HSRC,sexnonregplus,ZAF_2_EKU,Ekurhuleni MM,60,2022,Y025_029,0.5643813788949216
ZAF,ZAF2022HSRC,nosex12m,ZAF_2_EKU,Ekurhuleni MM,60,2022,Y030_034,0.17679250515140363
ZAF,ZAF2022HSRC,sexcohab,ZAF_2_EKU,Ekurhuleni MM,60,2022,Y030_034,0.34307756760489355
ZAF,ZAF2022HSRC,sexnonregplus,ZAF_2_EKU,Ekurhuleni MM,60,2022,Y030_034,0.4801299272437028
ZAF,ZAF2022HSRC,nosex12m,ZAF_2_EKU,Ekurhuleni MM,60,2022,Y035_039,0.17818421999232512
ZAF,ZAF2022HSRC,sexcohab,ZAF_2_EKU,Ekurhuleni MM,60,2022,Y035_039,0.4319198299783299
ZAF,ZAF2022HSRC,sexnonregplus,ZAF_2_EKU,Ekurhuleni MM,60,2022,Y035_039,0.389895950029345
ZAF,ZAF2022HSRC,nosex12m,ZAF_2_EKU,Ekurhuleni MM,60,2022,Y040_044,0.2247076672639215
ZAF,ZAF2022HSRC,sexcohab,ZAF_2_EKU,Ekurhuleni MM,60,2022,Y040_044,0.48112914057178574
ZAF,ZAF2022HSRC,sexnonregplus,ZAF_2_EKU,Ekurhuleni MM,60,2022,Y040_044,0.29416319216429276
ZAF,ZAF2022HSRC,nosex12m,ZAF_2_EKU,Ekurhuleni MM,60,2022,Y045_049,0.3128435541113331
ZAF,ZAF2022HSRC,sexcohab,ZAF_2_EKU,Ekurhuleni MM,60,2022,Y045_049,0.4545120832220372
ZAF,ZAF2022HSRC,sexnonregplus,ZAF_2_EKU,Ekurhuleni MM,60,2022,Y045_049,0.2326443626666297
ZAF,ZAF2022HSRC,nosex12m,ZAF_2_DC42,Sedibeng DM,61,2022,Y015_019,0.7352643239152192
ZAF,ZAF2022HSRC,sexcohab,ZAF_2_DC42,Sedibeng DM,61,2022,Y015_019,0.01628562723798272
ZAF,ZAF2022HSRC,sexnonregplus,ZAF_2_DC42,Sedibeng DM,61,2022,Y015_019,0.24845004884679808
ZAF,ZAF2022HSRC,nosex12m,ZAF_2_DC42,Sedibeng DM,61,2022,Y020_024,0.3029207349428838
ZAF,ZAF2022HSRC,sexcohab,ZAF_2_DC42,Sedibeng DM,61,2022,Y020_024,0.10655858806693908
ZAF,ZAF2022HSRC,sexnonregplus,ZAF_2_DC42,Sedibeng DM,61,2022,Y020_024,0.5905206769901771
ZAF,ZAF2022HSRC,nosex12m,ZAF_2_DC42,Sedibeng DM,61,2022,Y025_029,0.21216161276532144
ZAF,ZAF2022HSRC,sexcohab,ZAF_2_DC42,Sedibeng DM,61,2022,Y025_029,0.23464538221418216
ZAF,ZAF2022HSRC,sexnonregplus,ZAF_2_DC42,Sedibeng DM,61,2022,Y025_029,0.5531930050204964
ZAF,ZAF2022HSRC,nosex12m,ZAF_2_DC42,Sedibeng DM,61,2022,Y030_034,0.2064835276941128
ZAF,ZAF2022HSRC,sexcohab,ZAF_2_DC42,Sedibeng DM,61,2022,Y030_034,0.3201068523672734
ZAF,ZAF2022HSRC,sexnonregplus,ZAF_2_DC42,Sedibeng DM,61,2022,Y030_034,0.4734096199386138
ZAF,ZAF2022HSRC,nosex12m,ZAF_2_DC42,Sedibeng DM,61,2022,Y035_039,0.2090376736118447
ZAF,ZAF2022HSRC,sexcohab,ZAF_2_DC42,Sedibeng DM,61,2022,Y035_039,0.40475777244740135
ZAF,ZAF2022HSRC,sexnonregplus,ZAF_2_DC42,Sedibeng DM,61,2022,Y035_039,0.386204553940754
ZAF,ZAF2022HSRC,nosex12m,ZAF_2_DC42,Sedibeng DM,61,2022,Y040_044,0.26207245739195845
ZAF,ZAF2022HSRC,sexcohab,ZAF_2_DC42,Sedibeng DM,61,2022,Y040_044,0.448234959762663
ZAF,ZAF2022HSRC,sexnonregplus,ZAF_2_DC42,Sedibeng DM,61,2022,Y040_044,0.2896925828453786
ZAF,ZAF2022HSRC,nosex12m,ZAF_2_DC42,Sedibeng DM,61,2022,Y045_049,0.358575995707002
ZAF,ZAF2022HSRC,sexcohab,ZAF_2_DC42,Sedibeng DM,61,2022,Y045_049,0.4162087125691161
ZAF,ZAF2022HSRC,sexnonregplus,ZAF_2_DC42,Sedibeng DM,61,2022,Y045_049,0.2252152917238819
ZAF,ZAF2022HSRC,nosex12m,ZAF_2_DC48,West Rand DM,62,2022,Y015_019,0.6838676429732269
ZAF,ZAF2022HSRC,sexcohab,ZAF_2_DC48,West Rand DM,62,2022,Y015_019,0.01861938857564673
ZAF,ZAF2022HSRC,sexnonregplus,ZAF_2_DC48,West Rand DM,62,2022,Y015_019,0.29751296845112635
ZAF,ZAF2022HSRC,nosex12m,ZAF_2_DC48,West Rand DM,62,2022,Y020_024,0.2539809058263926
ZAF,ZAF2022HSRC,sexcohab,ZAF_2_DC48,West Rand DM,62,2022,Y020_024,0.10973662595336718
ZAF,ZAF2022HSRC,sexnonregplus,ZAF_2_DC48,West Rand DM,62,2022,Y020_024,0.6362824682202403
ZAF,ZAF2022HSRC,nosex12m,ZAF_2_DC48,West Rand DM,62,2022,Y025_029,0.17517337803550342
ZAF,ZAF2022HSRC,sexcohab,ZAF_2_DC48,West Rand DM,62,2022,Y025_029,0.2378734795062725
ZAF,ZAF2022HSRC,sexnonregplus,ZAF_2_DC48,West Rand DM,62,2022,Y025_029,0.586953142458224
ZAF,ZAF2022HSRC,nosex12m,ZAF_2_DC48,West Rand DM,62,2022,Y030_034,0.17091446625000192
ZAF,ZAF2022HSRC,sexcohab,ZAF_2_DC48,West Rand DM,62,2022,Y030_034,0.325378532408162
ZAF,ZAF2022HSRC,sexnonregplus,ZAF_2_DC48,West Rand DM,62,2022,Y030_034,0.5037070013418361
ZAF,ZAF2022HSRC,nosex12m,ZAF_2_DC48,West Rand DM,62,2022,Y035_039,0.173868477022381
ZAF,ZAF2022HSRC,sexcohab,ZAF_2_DC48,West Rand DM,62,2022,Y035_039,0.4132257510742059
ZAF,ZAF2022HSRC,sexnonregplus,ZAF_2_DC48,West Rand DM,62,2022,Y035_039,0.41290577190341304
ZAF,ZAF2022HSRC,nosex12m,ZAF_2_DC48,West Rand DM,62,2022,Y040_044,0.2211979122539025
ZAF,ZAF2022HSRC,sexcohab,ZAF_2_DC48,West Rand DM,62,2022,Y040_044,0.4643917047627567
ZAF,ZAF2022HSRC,sexnonregplus,ZAF_2_DC48,West Rand DM,62,2022,Y040_044,0.3144103829833408
ZAF,ZAF2022HSRC,nosex12m,ZAF_2_DC48,West Rand DM,62,2022,Y045_049,0.30933976921013845
ZAF,ZAF2022HSRC,sexcohab,ZAF_2_DC48,West Rand DM,62,2022,Y045_049,0.4407818256945046
ZAF,ZAF2022HSRC,sexnonregplus,ZAF_2_DC48,West Rand DM,62,2022,Y045_049,0.24987840509535697
