iso3,survey_id,indicator,area_id,area_name,area_sort_order,year,age_group,estimate_smoothed
ZAF,ZAF2012HSRC,nosex12m,ZAF_2_CPT,Cape Town MM,11,2012,Y015_019,0.6701722758800924
ZAF,ZAF2012HSRC,sexcohab,ZAF_2_CPT,Cape Town MM,11,2012,Y015_019,0.00909484697949908
ZAF,ZAF2012HSRC,sexnonregplus,ZAF_2_CPT,Cape Town MM,11,2012,Y015_019,0.32073287714040855
ZAF,ZAF2012HSRC,nosex12m,ZAF_2_CPT,Cape Town MM,11,2012,Y020_024,0.26073976821705724
ZAF,ZAF2012HSRC,sexcohab,ZAF_2_CPT,Cape Town MM,11,2012,Y020_024,0.08412448778205929
ZAF,ZAF2012HSRC,sexnonregplus,ZAF_2_CPT,Cape Town MM,11,2012,Y020_024,0.6551357440008835
ZAF,ZAF2012HSRC,nosex12m,ZAF_2_CPT,Cape Town MM,11,2012,Y025_029,0.15762956560801855
ZAF,ZAF2012HSRC,sexcohab,ZAF_2_CPT,Cape Town MM,11,2012,Y025_029,0.2478766586800395
ZAF,ZAF2012HSRC,sexnonregplus,ZAF_2_CPT,Cape Town MM,11,2012,Y025_029,0.594493775711942
ZAF,ZAF2012HSRC,nosex12m,ZAF_2_CPT,Cape Town MM,11,2012,Y030_034,0.1160234947171658
ZAF,ZAF2012HSRC,sexcohab,ZAF_2_CPT,Cape Town MM,11,2012,Y030_034,0.4430779634450512
ZAF,ZAF2012HSRC,sexnonregplus,ZAF_2_CPT,Cape Town MM,11,2012,Y030_034,0.440898541837783
ZAF,ZAF2012HSRC,nosex12m,ZAF_2_CPT,Cape Town MM,11,2012,Y035_039,0.09855234603983144
ZAF,ZAF2012HSRC,sexcohab,ZAF_2_CPT,Cape Town MM,11,2012,Y035_039,0.5592042082401086
ZAF,ZAF2012HSRC,sexnonregplus,ZAF_2_CPT,Cape Town MM,11,2012,Y035_039,0.34224344572005994
ZAF,ZAF2012HSRC,nosex12m,ZAF_2_CPT,Cape Town MM,11,2012,Y040_044,0.08943602550200565
ZAF,ZAF2012HSRC,sexcohab,ZAF_2_CPT,Cape Town MM,11,2012,Y040_044,0.6715945691060518
ZAF,ZAF2012HSRC,sexnonregplus,ZAF_2_CPT,Cape Town MM,11,2012,Y040_044,0.23896940539194256
ZAF,ZAF2012HSRC,nosex12m,ZAF_2_CPT,Cape Town MM,11,2012,Y045_049,0.09965411862862708
ZAF,ZAF2012HSRC,sexcohab,ZAF_2_CPT,Cape Town MM,11,2012,Y045_049,0.7081265859385009
ZAF,ZAF2012HSRC,sexnonregplus,ZAF_2_CPT,Cape Town MM,11,2012,Y045_049,0.1922192954328721
ZAF,ZAF2012HSRC,nosex12m,ZAF_2_DC1,West Coast DM,12,2012,Y015_019,0.7988842447504748
ZAF,ZAF2012HSRC,sexcohab,ZAF_2_DC1,West Coast DM,12,2012,Y015_019,0.00767183151685158
ZAF,ZAF2012HSRC,sexnonregplus,ZAF_2_DC1,West Coast DM,12,2012,Y015_019,0.1934439237326737
ZAF,ZAF2012HSRC,nosex12m,ZAF_2_DC1,West Coast DM,12,2012,Y020_024,0.4020327863825361
ZAF,ZAF2012HSRC,sexcohab,ZAF_2_DC1,West Coast DM,12,2012,Y020_024,0.09115189138133976
ZAF,ZAF2012HSRC,sexnonregplus,ZAF_2_DC1,West Coast DM,12,2012,Y020_024,0.5068153222361241
ZAF,ZAF2012HSRC,nosex12m,ZAF_2_DC1,West Coast DM,12,2012,Y025_029,0.25083247612412346
ZAF,ZAF2012HSRC,sexcohab,ZAF_2_DC1,West Coast DM,12,2012,Y025_029,0.27559563780511986
ZAF,ZAF2012HSRC,sexnonregplus,ZAF_2_DC1,West Coast DM,12,2012,Y025_029,0.4735718860707567
ZAF,ZAF2012HSRC,nosex12m,ZAF_2_DC1,West Coast DM,12,2012,Y030_034,0.1797838609742937
ZAF,ZAF2012HSRC,sexcohab,ZAF_2_DC1,West Coast DM,12,2012,Y030_034,0.4781125610066778
ZAF,ZAF2012HSRC,sexnonregplus,ZAF_2_DC1,West Coast DM,12,2012,Y030_034,0.34210357801902846
ZAF,ZAF2012HSRC,nosex12m,ZAF_2_DC1,West Coast DM,12,2012,Y035_039,0.1497092237946795
ZAF,ZAF2012HSRC,sexcohab,ZAF_2_DC1,West Coast DM,12,2012,Y035_039,0.5900443203102389
ZAF,ZAF2012HSRC,sexnonregplus,ZAF_2_DC1,West Coast DM,12,2012,Y035_039,0.26024645589508166
ZAF,ZAF2012HSRC,nosex12m,ZAF_2_DC1,West Coast DM,12,2012,Y040_044,0.13249976198247976
ZAF,ZAF2012HSRC,sexcohab,ZAF_2_DC1,West Coast DM,12,2012,Y040_044,0.6901286507562169
ZAF,ZAF2012HSRC,sexnonregplus,ZAF_2_DC1,West Coast DM,12,2012,Y040_044,0.17737158726130342
ZAF,ZAF2012HSRC,nosex12m,ZAF_2_DC1,West Coast DM,12,2012,Y045_049,0.14497799164598252
ZAF,ZAF2012HSRC,sexcohab,ZAF_2_DC1,West Coast DM,12,2012,Y045_049,0.7148416961010305
ZAF,ZAF2012HSRC,sexnonregplus,ZAF_2_DC1,West Coast DM,12,2012,Y045_049,0.14018031225298697
ZAF,ZAF2012HSRC,nosex12m,ZAF_2_DC2,Cape Winelands DM,13,2012,Y015_019,0.7921765579122719
ZAF,ZAF2012HSRC,sexcohab,ZAF_2_DC2,Cape Winelands DM,13,2012,Y015_019,0.00901257366287091
ZAF,ZAF2012HSRC,sexnonregplus,ZAF_2_DC2,Cape Winelands DM,13,2012,Y015_019,0.1988108684248572
ZAF,ZAF2012HSRC,nosex12m,ZAF_2_DC2,Cape Winelands DM,13,2012,Y020_024,0.38738614840991176
ZAF,ZAF2012HSRC,sexcohab,ZAF_2_DC2,Cape Winelands DM,13,2012,Y020_024,0.10415478261934152
ZAF,ZAF2012HSRC,sexnonregplus,ZAF_2_DC2,Cape Winelands DM,13,2012,Y020_024,0.5084590689707468
ZAF,ZAF2012HSRC,nosex12m,ZAF_2_DC2,Cape Winelands DM,13,2012,Y025_029,0.2338512797253001
ZAF,ZAF2012HSRC,sexcohab,ZAF_2_DC2,Cape Winelands DM,13,2012,Y025_029,0.3058509845602996
ZAF,ZAF2012HSRC,sexnonregplus,ZAF_2_DC2,Cape Winelands DM,13,2012,Y025_029,0.4602977357144003
ZAF,ZAF2012HSRC,nosex12m,ZAF_2_DC2,Cape Winelands DM,13,2012,Y030_034,0.16240194580246764
ZAF,ZAF2012HSRC,sexcohab,ZAF_2_DC2,Cape Winelands DM,13,2012,Y030_034,0.5152089860138267
ZAF,ZAF2012HSRC,sexnonregplus,ZAF_2_DC2,Cape Winelands DM,13,2012,Y030_034,0.3223890681837056
ZAF,ZAF2012HSRC,nosex12m,ZAF_2_DC2,Cape Winelands DM,13,2012,Y035_039,0.13296827497708638
ZAF,ZAF2012HSRC,sexcohab,ZAF_2_DC2,Cape Winelands DM,13,2012,Y035_039,0.6259031866563438
ZAF,ZAF2012HSRC,sexnonregplus,ZAF_2_DC2,Cape Winelands DM,13,2012,Y035_039,0.24112853836656975
ZAF,ZAF2012HSRC,nosex12m,ZAF_2_DC2,Cape Winelands DM,13,2012,Y040_044,0.11599107781747056
ZAF,ZAF2012HSRC,sexcohab,ZAF_2_DC2,Cape Winelands DM,13,2012,Y040_044,0.7221383594795849
ZAF,ZAF2012HSRC,sexnonregplus,ZAF_2_DC2,Cape Winelands DM,13,2012,Y040_044,0.1618705627029445
ZAF,ZAF2012HSRC,nosex12m,ZAF_2_DC2,Cape Winelands DM,13,2012,Y045_049,0.12658900238351106
ZAF,ZAF2012HSRC,sexcohab,ZAF_2_DC2,Cape Winelands DM,13,2012,Y045_049,0.7458438598615781
ZAF,ZAF2012HSRC,sexnonregplus,ZAF_2_DC2,Cape Winelands DM,13,2012,Y045_049,0.1275671377549108
ZAF,ZAF2012HSRC,nosex12m,ZAF_2_DC3,Overberg DM,14,2012,Y015_019,0.7865266559261376
ZAF,ZAF2012HSRC,sexcohab,ZAF_2_DC3,Overberg DM,14,2012,Y015_019,0.00814086314063599
ZAF,ZAF2012HSRC,sexnonregplus,ZAF_2_DC3,Overberg DM,14,2012,Y015_019,0.20533248093322645
ZAF,ZAF2012HSRC,nosex12m,ZAF_2_DC3,Overberg DM,14,2012,Y020_024,0.38579656639151944
ZAF,ZAF2012HSRC,sexcohab,ZAF_2_DC3,Overberg DM,14,2012,Y020_024,0.09364077900358912
ZAF,ZAF2012HSRC,sexnonregplus,ZAF_2_DC3,Overberg DM,14,2012,Y020_024,0.5205626546048915
ZAF,ZAF2012HSRC,nosex12m,ZAF_2_DC3,Overberg DM,14,2012,Y025_029,0.2385723490074894
ZAF,ZAF2012HSRC,sexcohab,ZAF_2_DC3,Overberg DM,14,2012,Y025_029,0.2799196944207768
ZAF,ZAF2012HSRC,sexnonregplus,ZAF_2_DC3,Overberg DM,14,2012,Y025_029,0.4815079565717338
ZAF,ZAF2012HSRC,nosex12m,ZAF_2_DC3,Overberg DM,14,2012,Y030_034,0.17046517823037194
ZAF,ZAF2012HSRC,sexcohab,ZAF_2_DC3,Overberg DM,14,2012,Y030_034,0.48258446838845087
ZAF,ZAF2012HSRC,sexnonregplus,ZAF_2_DC3,Overberg DM,14,2012,Y030_034,0.3469503533811772
ZAF,ZAF2012HSRC,nosex12m,ZAF_2_DC3,Overberg DM,14,2012,Y035_039,0.1418354014216862
ZAF,ZAF2012HSRC,sexcohab,ZAF_2_DC3,Overberg DM,14,2012,Y035_039,0.5942045625107483
ZAF,ZAF2012HSRC,sexnonregplus,ZAF_2_DC3,Overberg DM,14,2012,Y035_039,0.2639600360675656
ZAF,ZAF2012HSRC,nosex12m,ZAF_2_DC3,Overberg DM,14,2012,Y040_044,0.12565124073792394
ZAF,ZAF2012HSRC,sexcohab,ZAF_2_DC3,Overberg DM,14,2012,Y040_044,0.694356208990642
ZAF,ZAF2012HSRC,sexnonregplus,ZAF_2_DC3,Overberg DM,14,2012,Y040_044,0.1799925502714341
ZAF,ZAF2012HSRC,nosex12m,ZAF_2_DC3,Overberg DM,14,2012,Y045_049,0.13768821641160914
ZAF,ZAF2012HSRC,sexcohab,ZAF_2_DC3,Overberg DM,14,2012,Y045_049,0.7197528748336026
ZAF,ZAF2012HSRC,sexnonregplus,ZAF_2_DC3,Overberg DM,14,2012,Y045_049,0.1425589087547883
ZAF,ZAF2012HSRC,nosex12m,ZAF_2_DC4,Garden Route DM,15,2012,Y015_019,0.8271582115669486
ZAF,ZAF2012HSRC,sexcohab,ZAF_2_DC4,Garden Route DM,15,2012,Y015_019,0.0064730394083191
ZAF,ZAF2012HSRC,sexnonregplus,ZAF_2_DC4,Garden Route DM,15,2012,Y015_019,0.1663687490247323
ZAF,ZAF2012HSRC,nosex12m,ZAF_2_DC4,Garden Route DM,15,2012,Y020_024,0.4475007894531816
ZAF,ZAF2012HSRC,sexcohab,ZAF_2_DC4,Garden Route DM,15,2012,Y020_024,0.08274522164836634
ZAF,ZAF2012HSRC,sexnonregplus,ZAF_2_DC4,Garden Route DM,15,2012,Y020_024,0.4697539888984521
ZAF,ZAF2012HSRC,nosex12m,ZAF_2_DC4,Garden Route DM,15,2012,Y025_029,0.28817490296910286
ZAF,ZAF2012HSRC,sexcohab,ZAF_2_DC4,Garden Route DM,15,2012,Y025_029,0.2585763041962638
ZAF,ZAF2012HSRC,sexnonregplus,ZAF_2_DC4,Garden Route DM,15,2012,Y025_029,0.4532487928346333
ZAF,ZAF2012HSRC,nosex12m,ZAF_2_DC4,Garden Route DM,15,2012,Y030_034,0.21021868830333895
ZAF,ZAF2012HSRC,sexcohab,ZAF_2_DC4,Garden Route DM,15,2012,Y030_034,0.4565794712649056
ZAF,ZAF2012HSRC,sexnonregplus,ZAF_2_DC4,Garden Route DM,15,2012,Y030_034,0.3332018404317554
ZAF,ZAF2012HSRC,nosex12m,ZAF_2_DC4,Garden Route DM,15,2012,Y035_039,0.1763608178304685
ZAF,ZAF2012HSRC,sexcohab,ZAF_2_DC4,Garden Route DM,15,2012,Y035_039,0.5680455172300177
ZAF,ZAF2012HSRC,sexnonregplus,ZAF_2_DC4,Garden Route DM,15,2012,Y035_039,0.2555936649395138
ZAF,ZAF2012HSRC,nosex12m,ZAF_2_DC4,Garden Route DM,15,2012,Y040_044,0.15699570923394413
ZAF,ZAF2012HSRC,sexcohab,ZAF_2_DC4,Garden Route DM,15,2012,Y040_044,0.6679516031874946
ZAF,ZAF2012HSRC,sexnonregplus,ZAF_2_DC4,Garden Route DM,15,2012,Y040_044,0.17505268757856132
ZAF,ZAF2012HSRC,nosex12m,ZAF_2_DC4,Garden Route DM,15,2012,Y045_049,0.1714564234273638
ZAF,ZAF2012HSRC,sexcohab,ZAF_2_DC4,Garden Route DM,15,2012,Y045_049,0.6904917058028011
ZAF,ZAF2012HSRC,sexnonregplus,ZAF_2_DC4,Garden Route DM,15,2012,Y045_049,0.13805187076983516
ZAF,ZAF2012HSRC,nosex12m,ZAF_2_DC5,Central Karoo DM,16,2012,Y015_019,0.7796788836628675
ZAF,ZAF2012HSRC,sexcohab,ZAF_2_DC5,Central Karoo DM,16,2012,Y015_019,0.00849129689204307
ZAF,ZAF2012HSRC,sexnonregplus,ZAF_2_DC5,Central Karoo DM,16,2012,Y015_019,0.2118298194450894
ZAF,ZAF2012HSRC,nosex12m,ZAF_2_DC5,Central Karoo DM,16,2012,Y020_024,0.3755656262484342
ZAF,ZAF2012HSRC,sexcohab,ZAF_2_DC5,Central Karoo DM,16,2012,Y020_024,0.09600340854327516
ZAF,ZAF2012HSRC,sexnonregplus,ZAF_2_DC5,Central Karoo DM,16,2012,Y020_024,0.5284309652082907
ZAF,ZAF2012HSRC,nosex12m,ZAF_2_DC5,Central Karoo DM,16,2012,Y025_029,0.23013834458218213
ZAF,ZAF2012HSRC,sexcohab,ZAF_2_DC5,Central Karoo DM,16,2012,Y025_029,0.2849076215040033
ZAF,ZAF2012HSRC,sexnonregplus,ZAF_2_DC5,Central Karoo DM,16,2012,Y025_029,0.48495403391381464
ZAF,ZAF2012HSRC,nosex12m,ZAF_2_DC5,Central Karoo DM,16,2012,Y030_034,0.16346990957504967
ZAF,ZAF2012HSRC,sexcohab,ZAF_2_DC5,Central Karoo DM,16,2012,Y030_034,0.4889813165119317
ZAF,ZAF2012HSRC,sexnonregplus,ZAF_2_DC5,Central Karoo DM,16,2012,Y030_034,0.3475487739130186
ZAF,ZAF2012HSRC,nosex12m,ZAF_2_DC5,Central Karoo DM,16,2012,Y035_039,0.13563055009203115
ZAF,ZAF2012HSRC,sexcohab,ZAF_2_DC5,Central Karoo DM,16,2012,Y035_039,0.6007343745599115
ZAF,ZAF2012HSRC,sexnonregplus,ZAF_2_DC5,Central Karoo DM,16,2012,Y035_039,0.2636350753480573
ZAF,ZAF2012HSRC,nosex12m,ZAF_2_DC5,Central Karoo DM,16,2012,Y040_044,0.11985312507420838
ZAF,ZAF2012HSRC,sexcohab,ZAF_2_DC5,Central Karoo DM,16,2012,Y040_044,0.7007216145430176
ZAF,ZAF2012HSRC,sexnonregplus,ZAF_2_DC5,Central Karoo DM,16,2012,Y040_044,0.17942526038277393
ZAF,ZAF2012HSRC,nosex12m,ZAF_2_DC5,Central Karoo DM,16,2012,Y045_049,0.13129424214862584
ZAF,ZAF2012HSRC,sexcohab,ZAF_2_DC5,Central Karoo DM,16,2012,Y045_049,0.7266534755788571
ZAF,ZAF2012HSRC,sexnonregplus,ZAF_2_DC5,Central Karoo DM,16,2012,Y045_049,0.14205228227251712
ZAF,ZAF2012HSRC,nosex12m,ZAF_2_DC6,Namakwa DM,17,2012,Y015_019,0.7643982190044682
ZAF,ZAF2012HSRC,sexcohab,ZAF_2_DC6,Namakwa DM,17,2012,Y015_019,0.00736557792977253
ZAF,ZAF2012HSRC,sexnonregplus,ZAF_2_DC6,Namakwa DM,17,2012,Y015_019,0.22823620306575929
ZAF,ZAF2012HSRC,nosex12m,ZAF_2_DC6,Namakwa DM,17,2012,Y020_024,0.3591490719136128
ZAF,ZAF2012HSRC,sexcohab,ZAF_2_DC6,Namakwa DM,17,2012,Y020_024,0.08154781453249413
ZAF,ZAF2012HSRC,sexnonregplus,ZAF_2_DC6,Namakwa DM,17,2012,Y020_024,0.5593031135538931
ZAF,ZAF2012HSRC,nosex12m,ZAF_2_DC6,Namakwa DM,17,2012,Y025_029,0.22538331948232984
ZAF,ZAF2012HSRC,sexcohab,ZAF_2_DC6,Namakwa DM,17,2012,Y025_029,0.24859101381402696
ZAF,ZAF2012HSRC,sexnonregplus,ZAF_2_DC6,Namakwa DM,17,2012,Y025_029,0.5260256667036431
ZAF,ZAF2012HSRC,nosex12m,ZAF_2_DC6,Namakwa DM,17,2012,Y030_034,0.16597142292998204
ZAF,ZAF2012HSRC,sexcohab,ZAF_2_DC6,Namakwa DM,17,2012,Y030_034,0.44342863400959753
ZAF,ZAF2012HSRC,sexnonregplus,ZAF_2_DC6,Namakwa DM,17,2012,Y030_034,0.3905999430604205
ZAF,ZAF2012HSRC,nosex12m,ZAF_2_DC6,Namakwa DM,17,2012,Y035_039,0.14055612755204328
ZAF,ZAF2012HSRC,sexcohab,ZAF_2_DC6,Namakwa DM,17,2012,Y035_039,0.5570302946677634
ZAF,ZAF2012HSRC,sexnonregplus,ZAF_2_DC6,Namakwa DM,17,2012,Y035_039,0.30241357778019334
ZAF,ZAF2012HSRC,nosex12m,ZAF_2_DC6,Namakwa DM,17,2012,Y040_044,0.1266732196987982
ZAF,ZAF2012HSRC,sexcohab,ZAF_2_DC6,Namakwa DM,17,2012,Y040_044,0.6634677275241353
ZAF,ZAF2012HSRC,sexnonregplus,ZAF_2_DC6,Namakwa DM,17,2012,Y040_044,0.20985905277706648
ZAF,ZAF2012HSRC,nosex12m,ZAF_2_DC6,Namakwa DM,17,2012,Y045_049,0.13979374186853588
ZAF,ZAF2012HSRC,sexcohab,ZAF_2_DC6,Namakwa DM,17,2012,Y045_049,0.6929343481888515
ZAF,ZAF2012HSRC,sexnonregplus,ZAF_2_DC6,Namakwa DM,17,2012,Y045_049,0.1672719099426127
ZAF,ZAF2012HSRC,nosex12m,ZAF_2_DC7,Pixley ka Seme DM,18,2012,Y015_019,0.7721595172724691
ZAF,ZAF2012HSRC,sexcohab,ZAF_2_DC7,Pixley ka Seme DM,18,2012,Y015_019,0.00545667913948262
ZAF,ZAF2012HSRC,sexnonregplus,ZAF_2_DC7,Pixley ka Seme DM,18,2012,Y015_019,0.2223838035880483
ZAF,ZAF2012HSRC,nosex12m,ZAF_2_DC7,Pixley ka Seme DM,18,2012,Y020_024,0.3738813573133242
ZAF,ZAF2012HSRC,sexcohab,ZAF_2_DC7,Pixley ka Seme DM,18,2012,Y020_024,0.06259242934422235
ZAF,ZAF2012HSRC,sexnonregplus,ZAF_2_DC7,Pixley ka Seme DM,18,2012,Y020_024,0.5635262133424535
ZAF,ZAF2012HSRC,nosex12m,ZAF_2_DC7,Pixley ka Seme DM,18,2012,Y025_029,0.2453863704643133
ZAF,ZAF2012HSRC,sexcohab,ZAF_2_DC7,Pixley ka Seme DM,18,2012,Y025_029,0.19992192591988192
ZAF,ZAF2012HSRC,sexnonregplus,ZAF_2_DC7,Pixley ka Seme DM,18,2012,Y025_029,0.5546917036158048
ZAF,ZAF2012HSRC,nosex12m,ZAF_2_DC7,Pixley ka Seme DM,18,2012,Y030_034,0.19027362554325936
ZAF,ZAF2012HSRC,sexcohab,ZAF_2_DC7,Pixley ka Seme DM,18,2012,Y030_034,0.3761431973459112
ZAF,ZAF2012HSRC,sexnonregplus,ZAF_2_DC7,Pixley ka Seme DM,18,2012,Y030_034,0.4335831771108294
ZAF,ZAF2012HSRC,nosex12m,ZAF_2_DC7,Pixley ka Seme DM,18,2012,Y035_039,0.16618293082036367
ZAF,ZAF2012HSRC,sexcohab,ZAF_2_DC7,Pixley ka Seme DM,18,2012,Y035_039,0.48766075276303783
ZAF,ZAF2012HSRC,sexnonregplus,ZAF_2_DC7,Pixley ka Seme DM,18,2012,Y035_039,0.34615631641659855
ZAF,ZAF2012HSRC,nosex12m,ZAF_2_DC7,Pixley ka Seme DM,18,2012,Y040_044,0.15421864615460462
ZAF,ZAF2012HSRC,sexcohab,ZAF_2_DC7,Pixley ka Seme DM,18,2012,Y040_044,0.5985158249122733
ZAF,ZAF2012HSRC,sexnonregplus,ZAF_2_DC7,Pixley ka Seme DM,18,2012,Y040_044,0.2472655289331221
ZAF,ZAF2012HSRC,nosex12m,ZAF_2_DC7,Pixley ka Seme DM,18,2012,Y045_049,0.17145459543222702
ZAF,ZAF2012HSRC,sexcohab,ZAF_2_DC7,Pixley ka Seme DM,18,2012,Y045_049,0.6299151501973004
ZAF,ZAF2012HSRC,sexnonregplus,ZAF_2_DC7,Pixley ka Seme DM,18,2012,Y045_049,0.19863025437047255
ZAF,ZAF2012HSRC,nosex12m,ZAF_2_DC8,ZF Mgcawu DM,19,2012,Y015_019,0.7645301499565995
ZAF,ZAF2012HSRC,sexcohab,ZAF_2_DC8,ZF Mgcawu DM,19,2012,Y015_019,0.00545102244011684
ZAF,ZAF2012HSRC,sexnonregplus,ZAF_2_DC8,ZF Mgcawu DM,19,2012,Y015_019,0.2300188276032836
ZAF,ZAF2012HSRC,nosex12m,ZAF_2_DC8,ZF Mgcawu DM,19,2012,Y020_024,0.36445646290069805
ZAF,ZAF2012HSRC,sexcohab,ZAF_2_DC8,ZF Mgcawu DM,19,2012,Y020_024,0.06153436349913516
ZAF,ZAF2012HSRC,sexnonregplus,ZAF_2_DC8,ZF Mgcawu DM,19,2012,Y020_024,0.5740091736001668
ZAF,ZAF2012HSRC,nosex12m,ZAF_2_DC8,ZF Mgcawu DM,19,2012,Y025_029,0.23903229654320615
ZAF,ZAF2012HSRC,sexcohab,ZAF_2_DC8,ZF Mgcawu DM,19,2012,Y025_029,0.196423969820593
ZAF,ZAF2012HSRC,sexnonregplus,ZAF_2_DC8,ZF Mgcawu DM,19,2012,Y025_029,0.5645437336362008
ZAF,ZAF2012HSRC,nosex12m,ZAF_2_DC8,ZF Mgcawu DM,19,2012,Y030_034,0.18608500833290711
ZAF,ZAF2012HSRC,sexcohab,ZAF_2_DC8,ZF Mgcawu DM,19,2012,Y030_034,0.3710142888795263
ZAF,ZAF2012HSRC,sexnonregplus,ZAF_2_DC8,ZF Mgcawu DM,19,2012,Y030_034,0.44290070278756655
ZAF,ZAF2012HSRC,nosex12m,ZAF_2_DC8,ZF Mgcawu DM,19,2012,Y035_039,0.16301314296948985
ZAF,ZAF2012HSRC,sexcohab,ZAF_2_DC8,ZF Mgcawu DM,19,2012,Y035_039,0.482500440468312
ZAF,ZAF2012HSRC,sexnonregplus,ZAF_2_DC8,ZF Mgcawu DM,19,2012,Y035_039,0.35448641656219815
ZAF,ZAF2012HSRC,nosex12m,ZAF_2_DC8,ZF Mgcawu DM,19,2012,Y040_044,0.15181163217834326
ZAF,ZAF2012HSRC,sexcohab,ZAF_2_DC8,ZF Mgcawu DM,19,2012,Y040_044,0.5941307525921485
ZAF,ZAF2012HSRC,sexnonregplus,ZAF_2_DC8,ZF Mgcawu DM,19,2012,Y040_044,0.25405761522950815
ZAF,ZAF2012HSRC,nosex12m,ZAF_2_DC8,ZF Mgcawu DM,19,2012,Y045_049,0.16911809233161892
ZAF,ZAF2012HSRC,sexcohab,ZAF_2_DC8,ZF Mgcawu DM,19,2012,Y045_049,0.6264885773697926
ZAF,ZAF2012HSRC,sexnonregplus,ZAF_2_DC8,ZF Mgcawu DM,19,2012,Y045_049,0.20439333029858847
ZAF,ZAF2012HSRC,nosex12m,ZAF_2_DC9,Frances Baard DM,20,2012,Y015_019,0.7236058073120485
ZAF,ZAF2012HSRC,sexcohab,ZAF_2_DC9,Frances Baard DM,20,2012,Y015_019,0.00443113748769213
ZAF,ZAF2012HSRC,sexnonregplus,ZAF_2_DC9,Frances Baard DM,20,2012,Y015_019,0.2719630552002593
ZAF,ZAF2012HSRC,nosex12m,ZAF_2_DC9,Frances Baard DM,20,2012,Y020_024,0.32123053367791854
ZAF,ZAF2012HSRC,sexcohab,ZAF_2_DC9,Frances Baard DM,20,2012,Y020_024,0.04652998145150994
ZAF,ZAF2012HSRC,sexnonregplus,ZAF_2_DC9,Frances Baard DM,20,2012,Y020_024,0.6322394848705715
ZAF,ZAF2012HSRC,nosex12m,ZAF_2_DC9,Frances Baard DM,20,2012,Y025_029,0.21473034326496532
ZAF,ZAF2012HSRC,sexcohab,ZAF_2_DC9,Frances Baard DM,20,2012,Y025_029,0.15147312909959618
ZAF,ZAF2012HSRC,sexnonregplus,ZAF_2_DC9,Frances Baard DM,20,2012,Y025_029,0.6337965276354385
ZAF,ZAF2012HSRC,nosex12m,ZAF_2_DC9,Frances Baard DM,20,2012,Y030_034,0.17582137272287496
ZAF,ZAF2012HSRC,sexcohab,ZAF_2_DC9,Frances Baard DM,20,2012,Y030_034,0.3010892114605094
ZAF,ZAF2012HSRC,sexnonregplus,ZAF_2_DC9,Frances Baard DM,20,2012,Y030_034,0.5230894158166157
ZAF,ZAF2012HSRC,nosex12m,ZAF_2_DC9,Frances Baard DM,20,2012,Y035_039,0.159685801442897
ZAF,ZAF2012HSRC,sexcohab,ZAF_2_DC9,Frances Baard DM,20,2012,Y035_039,0.4061416394716009
ZAF,ZAF2012HSRC,sexnonregplus,ZAF_2_DC9,Frances Baard DM,20,2012,Y035_039,0.4341725590855021
ZAF,ZAF2012HSRC,nosex12m,ZAF_2_DC9,Frances Baard DM,20,2012,Y040_044,0.15496594775298367
ZAF,ZAF2012HSRC,sexcohab,ZAF_2_DC9,Frances Baard DM,20,2012,Y040_044,0.5209023928186737
ZAF,ZAF2012HSRC,sexnonregplus,ZAF_2_DC9,Frances Baard DM,20,2012,Y040_044,0.3241316594283426
ZAF,ZAF2012HSRC,nosex12m,ZAF_2_DC9,Frances Baard DM,20,2012,Y045_049,0.17569619762442718
ZAF,ZAF2012HSRC,sexcohab,ZAF_2_DC9,Frances Baard DM,20,2012,Y045_049,0.5588756946526038
ZAF,ZAF2012HSRC,sexnonregplus,ZAF_2_DC9,Frances Baard DM,20,2012,Y045_049,0.265428107722969
ZAF,ZAF2012HSRC,nosex12m,ZAF_2_DC45,J T Gaetsewe DM,21,2012,Y015_019,0.7269568536542602
ZAF,ZAF2012HSRC,sexcohab,ZAF_2_DC45,J T Gaetsewe DM,21,2012,Y015_019,0.00390850242835998
ZAF,ZAF2012HSRC,sexnonregplus,ZAF_2_DC45,J T Gaetsewe DM,21,2012,Y015_019,0.2691346439173798
ZAF,ZAF2012HSRC,nosex12m,ZAF_2_DC45,J T Gaetsewe DM,21,2012,Y020_024,0.3286455720489947
ZAF,ZAF2012HSRC,sexcohab,ZAF_2_DC45,J T Gaetsewe DM,21,2012,Y020_024,0.04147960800206752
ZAF,ZAF2012HSRC,sexnonregplus,ZAF_2_DC45,J T Gaetsewe DM,21,2012,Y020_024,0.6298748199489378
ZAF,ZAF2012HSRC,nosex12m,ZAF_2_DC45,J T Gaetsewe DM,21,2012,Y025_029,0.2231160543389326
ZAF,ZAF2012HSRC,sexcohab,ZAF_2_DC45,J T Gaetsewe DM,21,2012,Y025_029,0.136704029265612
ZAF,ZAF2012HSRC,sexnonregplus,ZAF_2_DC45,J T Gaetsewe DM,21,2012,Y025_029,0.6401799163954554
ZAF,ZAF2012HSRC,nosex12m,ZAF_2_DC45,J T Gaetsewe DM,21,2012,Y030_034,0.18604202626930963
ZAF,ZAF2012HSRC,sexcohab,ZAF_2_DC45,J T Gaetsewe DM,21,2012,Y030_034,0.27558195564884397
ZAF,ZAF2012HSRC,sexnonregplus,ZAF_2_DC45,J T Gaetsewe DM,21,2012,Y030_034,0.5383760180818464
ZAF,ZAF2012HSRC,nosex12m,ZAF_2_DC45,J T Gaetsewe DM,21,2012,Y035_039,0.1712212365837315
ZAF,ZAF2012HSRC,sexcohab,ZAF_2_DC45,J T Gaetsewe DM,21,2012,Y035_039,0.3756701601545408
ZAF,ZAF2012HSRC,sexnonregplus,ZAF_2_DC45,J T Gaetsewe DM,21,2012,Y035_039,0.4531086032617277
ZAF,ZAF2012HSRC,nosex12m,ZAF_2_DC45,J T Gaetsewe DM,21,2012,Y040_044,0.1684696774563806
ZAF,ZAF2012HSRC,sexcohab,ZAF_2_DC45,J T Gaetsewe DM,21,2012,Y040_044,0.4877887818388995
ZAF,ZAF2012HSRC,sexnonregplus,ZAF_2_DC45,J T Gaetsewe DM,21,2012,Y040_044,0.3437415407047199
ZAF,ZAF2012HSRC,nosex12m,ZAF_2_DC45,J T Gaetsewe DM,21,2012,Y045_049,0.19176757995610408
ZAF,ZAF2012HSRC,sexcohab,ZAF_2_DC45,J T Gaetsewe DM,21,2012,Y045_049,0.5252094811373371
ZAF,ZAF2012HSRC,sexnonregplus,ZAF_2_DC45,J T Gaetsewe DM,21,2012,Y045_049,0.28302293890655883
ZAF,ZAF2012HSRC,nosex12m,ZAF_2_BUF,Buffalo City MM,22,2012,Y015_019,0.6942744112819922
ZAF,ZAF2012HSRC,sexcohab,ZAF_2_BUF,Buffalo City MM,22,2012,Y015_019,0.00449511560380256
ZAF,ZAF2012HSRC,sexnonregplus,ZAF_2_BUF,Buffalo City MM,22,2012,Y015_019,0.30123047311420525
ZAF,ZAF2012HSRC,nosex12m,ZAF_2_BUF,Buffalo City MM,22,2012,Y020_024,0.2925073651636463
ZAF,ZAF2012HSRC,sexcohab,ZAF_2_BUF,Buffalo City MM,22,2012,Y020_024,0.0447059286053787
ZAF,ZAF2012HSRC,sexnonregplus,ZAF_2_BUF,Buffalo City MM,22,2012,Y020_024,0.662786706230975
ZAF,ZAF2012HSRC,nosex12m,ZAF_2_BUF,Buffalo City MM,22,2012,Y025_029,0.1945506491360989
ZAF,ZAF2012HSRC,sexcohab,ZAF_2_BUF,Buffalo City MM,22,2012,Y025_029,0.14460374049177988
ZAF,ZAF2012HSRC,sexnonregplus,ZAF_2_BUF,Buffalo City MM,22,2012,Y025_029,0.6608456103721212
ZAF,ZAF2012HSRC,nosex12m,ZAF_2_BUF,Buffalo City MM,22,2012,Y030_034,0.16070633376872137
ZAF,ZAF2012HSRC,sexcohab,ZAF_2_BUF,Buffalo City MM,22,2012,Y030_034,0.28925986005122367
ZAF,ZAF2012HSRC,sexnonregplus,ZAF_2_BUF,Buffalo City MM,22,2012,Y030_034,0.550033806180055
ZAF,ZAF2012HSRC,nosex12m,ZAF_2_BUF,Buffalo City MM,22,2012,Y035_039,0.1470576489953811
ZAF,ZAF2012HSRC,sexcohab,ZAF_2_BUF,Buffalo City MM,22,2012,Y035_039,0.3926750502754694
ZAF,ZAF2012HSRC,sexnonregplus,ZAF_2_BUF,Buffalo City MM,22,2012,Y035_039,0.4602673007291495
ZAF,ZAF2012HSRC,nosex12m,ZAF_2_BUF,Buffalo City MM,22,2012,Y040_044,0.14434159409368102
ZAF,ZAF2012HSRC,sexcohab,ZAF_2_BUF,Buffalo City MM,22,2012,Y040_044,0.5083493551838036
ZAF,ZAF2012HSRC,sexnonregplus,ZAF_2_BUF,Buffalo City MM,22,2012,Y040_044,0.34730905072251533
ZAF,ZAF2012HSRC,nosex12m,ZAF_2_BUF,Buffalo City MM,22,2012,Y045_049,0.16475196505831874
ZAF,ZAF2012HSRC,sexcohab,ZAF_2_BUF,Buffalo City MM,22,2012,Y045_049,0.5488798378601124
ZAF,ZAF2012HSRC,sexnonregplus,ZAF_2_BUF,Buffalo City MM,22,2012,Y045_049,0.2863681970815688
ZAF,ZAF2012HSRC,nosex12m,ZAF_2_NMA,N Mandela Bay MM,23,2012,Y015_019,0.7189343432481253
ZAF,ZAF2012HSRC,sexcohab,ZAF_2_NMA,N Mandela Bay MM,23,2012,Y015_019,0.0067754121150451
ZAF,ZAF2012HSRC,sexnonregplus,ZAF_2_NMA,N Mandela Bay MM,23,2012,Y015_019,0.27429024463682955
ZAF,ZAF2012HSRC,nosex12m,ZAF_2_NMA,N Mandela Bay MM,23,2012,Y020_024,0.3106317654613657
ZAF,ZAF2012HSRC,sexcohab,ZAF_2_NMA,N Mandela Bay MM,23,2012,Y020_024,0.06935325599754416
ZAF,ZAF2012HSRC,sexnonregplus,ZAF_2_NMA,N Mandela Bay MM,23,2012,Y020_024,0.6200149785410901
ZAF,ZAF2012HSRC,nosex12m,ZAF_2_NMA,N Mandela Bay MM,23,2012,Y025_029,0.1969517046401686
ZAF,ZAF2012HSRC,sexcohab,ZAF_2_NMA,N Mandela Bay MM,23,2012,Y025_029,0.2136288582260909
ZAF,ZAF2012HSRC,sexnonregplus,ZAF_2_NMA,N Mandela Bay MM,23,2012,Y025_029,0.5894194371337405
ZAF,ZAF2012HSRC,nosex12m,ZAF_2_NMA,N Mandela Bay MM,23,2012,Y030_034,0.15047129775306017
ZAF,ZAF2012HSRC,sexcohab,ZAF_2_NMA,N Mandela Bay MM,23,2012,Y030_034,0.3956382121032563
ZAF,ZAF2012HSRC,sexnonregplus,ZAF_2_NMA,N Mandela Bay MM,23,2012,Y030_034,0.45389049014368354
ZAF,ZAF2012HSRC,nosex12m,ZAF_2_NMA,N Mandela Bay MM,23,2012,Y035_039,0.13061221284257965
ZAF,ZAF2012HSRC,sexcohab,ZAF_2_NMA,N Mandela Bay MM,23,2012,Y035_039,0.5094137577043147
ZAF,ZAF2012HSRC,sexnonregplus,ZAF_2_NMA,N Mandela Bay MM,23,2012,Y035_039,0.35997402945310564
ZAF,ZAF2012HSRC,nosex12m,ZAF_2_NMA,N Mandela Bay MM,23,2012,Y040_044,0.120832889517015
ZAF,ZAF2012HSRC,sexcohab,ZAF_2_NMA,N Mandela Bay MM,23,2012,Y040_044,0.622884762747109
ZAF,ZAF2012HSRC,sexnonregplus,ZAF_2_NMA,N Mandela Bay MM,23,2012,Y040_044,0.25628234773587594
ZAF,ZAF2012HSRC,nosex12m,ZAF_2_NMA,N Mandela Bay MM,23,2012,Y045_049,0.13496520016343974
ZAF,ZAF2012HSRC,sexcohab,ZAF_2_NMA,N Mandela Bay MM,23,2012,Y045_049,0.6583049287999461
ZAF,ZAF2012HSRC,sexnonregplus,ZAF_2_NMA,N Mandela Bay MM,23,2012,Y045_049,0.20672987103661425
ZAF,ZAF2012HSRC,nosex12m,ZAF_2_DC10,Sarah Baartman DM,24,2012,Y015_019,0.7596868780056962
ZAF,ZAF2012HSRC,sexcohab,ZAF_2_DC10,Sarah Baartman DM,24,2012,Y015_019,0.00593224980696793
ZAF,ZAF2012HSRC,sexnonregplus,ZAF_2_DC10,Sarah Baartman DM,24,2012,Y015_019,0.2343808721873358
ZAF,ZAF2012HSRC,nosex12m,ZAF_2_DC10,Sarah Baartman DM,24,2012,Y020_024,0.3574779433370328
ZAF,ZAF2012HSRC,sexcohab,ZAF_2_DC10,Sarah Baartman DM,24,2012,Y020_024,0.06619810656305448
ZAF,ZAF2012HSRC,sexnonregplus,ZAF_2_DC10,Sarah Baartman DM,24,2012,Y020_024,0.5763239500999127
ZAF,ZAF2012HSRC,nosex12m,ZAF_2_DC10,Sarah Baartman DM,24,2012,Y025_029,0.2316276967851708
ZAF,ZAF2012HSRC,sexcohab,ZAF_2_DC10,Sarah Baartman DM,24,2012,Y025_029,0.20861534774458615
ZAF,ZAF2012HSRC,sexnonregplus,ZAF_2_DC10,Sarah Baartman DM,24,2012,Y025_029,0.5597569554702431
ZAF,ZAF2012HSRC,nosex12m,ZAF_2_DC10,Sarah Baartman DM,24,2012,Y030_034,0.17791306854955563
ZAF,ZAF2012HSRC,sexcohab,ZAF_2_DC10,Sarah Baartman DM,24,2012,Y030_034,0.38859270139962854
ZAF,ZAF2012HSRC,sexnonregplus,ZAF_2_DC10,Sarah Baartman DM,24,2012,Y030_034,0.43349423005081583
ZAF,ZAF2012HSRC,nosex12m,ZAF_2_DC10,Sarah Baartman DM,24,2012,Y035_039,0.15464000263096112
ZAF,ZAF2012HSRC,sexcohab,ZAF_2_DC10,Sarah Baartman DM,24,2012,Y035_039,0.5011240908889332
ZAF,ZAF2012HSRC,sexnonregplus,ZAF_2_DC10,Sarah Baartman DM,24,2012,Y035_039,0.3442359064801057
ZAF,ZAF2012HSRC,nosex12m,ZAF_2_DC10,Sarah Baartman DM,24,2012,Y040_044,0.1429194441684482
ZAF,ZAF2012HSRC,sexcohab,ZAF_2_DC10,Sarah Baartman DM,24,2012,Y040_044,0.612239843578617
ZAF,ZAF2012HSRC,sexnonregplus,ZAF_2_DC10,Sarah Baartman DM,24,2012,Y040_044,0.24484071225293472
ZAF,ZAF2012HSRC,nosex12m,ZAF_2_DC10,Sarah Baartman DM,24,2012,Y045_049,0.15893286586709246
ZAF,ZAF2012HSRC,sexcohab,ZAF_2_DC10,Sarah Baartman DM,24,2012,Y045_049,0.6443881762380935
ZAF,ZAF2012HSRC,sexnonregplus,ZAF_2_DC10,Sarah Baartman DM,24,2012,Y045_049,0.196678957894814
ZAF,ZAF2012HSRC,nosex12m,ZAF_2_DC12,Amathole DM,25,2012,Y015_019,0.714801419760605
ZAF,ZAF2012HSRC,sexcohab,ZAF_2_DC12,Amathole DM,25,2012,Y015_019,0.00274077029188136
ZAF,ZAF2012HSRC,sexnonregplus,ZAF_2_DC12,Amathole DM,25,2012,Y015_019,0.2824578099475137
ZAF,ZAF2012HSRC,nosex12m,ZAF_2_DC12,Amathole DM,25,2012,Y020_024,0.31683171957823414
ZAF,ZAF2012HSRC,sexcohab,ZAF_2_DC12,Amathole DM,25,2012,Y020_024,0.02869832826804022
ZAF,ZAF2012HSRC,sexnonregplus,ZAF_2_DC12,Amathole DM,25,2012,Y020_024,0.6544699521537256
ZAF,ZAF2012HSRC,nosex12m,ZAF_2_DC12,Amathole DM,25,2012,Y025_029,0.2204021355945166
ZAF,ZAF2012HSRC,sexcohab,ZAF_2_DC12,Amathole DM,25,2012,Y025_029,0.0970640142201284
ZAF,ZAF2012HSRC,sexnonregplus,ZAF_2_DC12,Amathole DM,25,2012,Y025_029,0.682533850185355
ZAF,ZAF2012HSRC,nosex12m,ZAF_2_DC12,Amathole DM,25,2012,Y030_034,0.19266191318908316
ZAF,ZAF2012HSRC,sexcohab,ZAF_2_DC12,Amathole DM,25,2012,Y030_034,0.2059011567423882
ZAF,ZAF2012HSRC,sexnonregplus,ZAF_2_DC12,Amathole DM,25,2012,Y030_034,0.6014369300685286
ZAF,ZAF2012HSRC,nosex12m,ZAF_2_DC12,Amathole DM,25,2012,Y035_039,0.18386336689586735
ZAF,ZAF2012HSRC,sexcohab,ZAF_2_DC12,Amathole DM,25,2012,Y035_039,0.2915408843686488
ZAF,ZAF2012HSRC,sexnonregplus,ZAF_2_DC12,Amathole DM,25,2012,Y035_039,0.5245957487354839
ZAF,ZAF2012HSRC,nosex12m,ZAF_2_DC12,Amathole DM,25,2012,Y040_044,0.18903389644431595
ZAF,ZAF2012HSRC,sexcohab,ZAF_2_DC12,Amathole DM,25,2012,Y040_044,0.3958419364507819
ZAF,ZAF2012HSRC,sexnonregplus,ZAF_2_DC12,Amathole DM,25,2012,Y040_044,0.4151241671049022
ZAF,ZAF2012HSRC,nosex12m,ZAF_2_DC12,Amathole DM,25,2012,Y045_049,0.2189477266424445
ZAF,ZAF2012HSRC,sexcohab,ZAF_2_DC12,Amathole DM,25,2012,Y045_049,0.43369873521672586
ZAF,ZAF2012HSRC,sexnonregplus,ZAF_2_DC12,Amathole DM,25,2012,Y045_049,0.34735353814082964
ZAF,ZAF2012HSRC,nosex12m,ZAF_2_DC13,C Hani DM,26,2012,Y015_019,0.7263769942783204
ZAF,ZAF2012HSRC,sexcohab,ZAF_2_DC13,C Hani DM,26,2012,Y015_019,0.00301704522629765
ZAF,ZAF2012HSRC,sexnonregplus,ZAF_2_DC13,C Hani DM,26,2012,Y015_019,0.270605960495382
ZAF,ZAF2012HSRC,nosex12m,ZAF_2_DC13,C Hani DM,26,2012,Y020_024,0.327945793808794
ZAF,ZAF2012HSRC,sexcohab,ZAF_2_DC13,C Hani DM,26,2012,Y020_024,0.0322622782488081
ZAF,ZAF2012HSRC,sexnonregplus,ZAF_2_DC13,C Hani DM,26,2012,Y020_024,0.6397919279423979
ZAF,ZAF2012HSRC,nosex12m,ZAF_2_DC13,C Hani DM,26,2012,Y025_029,0.22700271788308896
ZAF,ZAF2012HSRC,sexcohab,ZAF_2_DC13,C Hani DM,26,2012,Y025_029,0.10873504957008796
ZAF,ZAF2012HSRC,sexnonregplus,ZAF_2_DC13,C Hani DM,26,2012,Y025_029,0.664262232546823
ZAF,ZAF2012HSRC,nosex12m,ZAF_2_DC13,C Hani DM,26,2012,Y030_034,0.19563414764864157
ZAF,ZAF2012HSRC,sexcohab,ZAF_2_DC13,C Hani DM,26,2012,Y030_034,0.22740290645411496
ZAF,ZAF2012HSRC,sexnonregplus,ZAF_2_DC13,C Hani DM,26,2012,Y030_034,0.5769629458972435
ZAF,ZAF2012HSRC,nosex12m,ZAF_2_DC13,C Hani DM,26,2012,Y035_039,0.18446883604514536
ZAF,ZAF2012HSRC,sexcohab,ZAF_2_DC13,C Hani DM,26,2012,Y035_039,0.31834126128941326
ZAF,ZAF2012HSRC,sexnonregplus,ZAF_2_DC13,C Hani DM,26,2012,Y035_039,0.4971899026654414
ZAF,ZAF2012HSRC,nosex12m,ZAF_2_DC13,C Hani DM,26,2012,Y040_044,0.1867851817078624
ZAF,ZAF2012HSRC,sexcohab,ZAF_2_DC13,C Hani DM,26,2012,Y040_044,0.425870143905708
ZAF,ZAF2012HSRC,sexnonregplus,ZAF_2_DC13,C Hani DM,26,2012,Y040_044,0.3873446743864295
ZAF,ZAF2012HSRC,nosex12m,ZAF_2_DC13,C Hani DM,26,2012,Y045_049,0.21477877589047875
ZAF,ZAF2012HSRC,sexcohab,ZAF_2_DC13,C Hani DM,26,2012,Y045_049,0.4634229671665012
ZAF,ZAF2012HSRC,sexnonregplus,ZAF_2_DC13,C Hani DM,26,2012,Y045_049,0.32179825694302
ZAF,ZAF2012HSRC,nosex12m,ZAF_2_DC14,Joe Gqabi DM,27,2012,Y015_019,0.6982671305410574
ZAF,ZAF2012HSRC,sexcohab,ZAF_2_DC14,Joe Gqabi DM,27,2012,Y015_019,0.0033240190271875
ZAF,ZAF2012HSRC,sexnonregplus,ZAF_2_DC14,Joe Gqabi DM,27,2012,Y015_019,0.29840885043175513
ZAF,ZAF2012HSRC,nosex12m,ZAF_2_DC14,Joe Gqabi DM,27,2012,Y020_024,0.3002142481177448
ZAF,ZAF2012HSRC,sexcohab,ZAF_2_DC14,Joe Gqabi DM,27,2012,Y020_024,0.03371771821464868
ZAF,ZAF2012HSRC,sexnonregplus,ZAF_2_DC14,Joe Gqabi DM,27,2012,Y020_024,0.6660680336676065
ZAF,ZAF2012HSRC,nosex12m,ZAF_2_DC14,Joe Gqabi DM,27,2012,Y025_029,0.2053421624888923
ZAF,ZAF2012HSRC,sexcohab,ZAF_2_DC14,Joe Gqabi DM,27,2012,Y025_029,0.11216478945422964
ZAF,ZAF2012HSRC,sexnonregplus,ZAF_2_DC14,Joe Gqabi DM,27,2012,Y025_029,0.682493048056878
ZAF,ZAF2012HSRC,nosex12m,ZAF_2_DC14,Joe Gqabi DM,27,2012,Y030_034,0.17620452946756238
ZAF,ZAF2012HSRC,sexcohab,ZAF_2_DC14,Joe Gqabi DM,27,2012,Y030_034,0.2331760790177679
ZAF,ZAF2012HSRC,sexnonregplus,ZAF_2_DC14,Joe Gqabi DM,27,2012,Y030_034,0.5906193915146697
ZAF,ZAF2012HSRC,nosex12m,ZAF_2_DC14,Joe Gqabi DM,27,2012,Y035_039,0.1659018897269724
ZAF,ZAF2012HSRC,sexcohab,ZAF_2_DC14,Joe Gqabi DM,27,2012,Y035_039,0.3255625554467861
ZAF,ZAF2012HSRC,sexnonregplus,ZAF_2_DC14,Joe Gqabi DM,27,2012,Y035_039,0.5085355548262415
ZAF,ZAF2012HSRC,nosex12m,ZAF_2_DC14,Joe Gqabi DM,27,2012,Y040_044,0.16796863339046786
ZAF,ZAF2012HSRC,sexcohab,ZAF_2_DC14,Joe Gqabi DM,27,2012,Y040_044,0.4352165700189592
ZAF,ZAF2012HSRC,sexnonregplus,ZAF_2_DC14,Joe Gqabi DM,27,2012,Y040_044,0.39681479659057295
ZAF,ZAF2012HSRC,nosex12m,ZAF_2_DC14,Joe Gqabi DM,27,2012,Y045_049,0.19387640442058143
ZAF,ZAF2012HSRC,sexcohab,ZAF_2_DC14,Joe Gqabi DM,27,2012,Y045_049,0.4750784804840838
ZAF,ZAF2012HSRC,sexnonregplus,ZAF_2_DC14,Joe Gqabi DM,27,2012,Y045_049,0.33104511509533474
ZAF,ZAF2012HSRC,nosex12m,ZAF_2_DC15,O Tambo DM,28,2012,Y015_019,0.7574077288274392
ZAF,ZAF2012HSRC,sexcohab,ZAF_2_DC15,O Tambo DM,28,2012,Y015_019,0.00241220555267998
ZAF,ZAF2012HSRC,sexnonregplus,ZAF_2_DC15,O Tambo DM,28,2012,Y015_019,0.2401800656198808
ZAF,ZAF2012HSRC,nosex12m,ZAF_2_DC15,O Tambo DM,28,2012,Y020_024,0.3650674658680464
ZAF,ZAF2012HSRC,sexcohab,ZAF_2_DC15,O Tambo DM,28,2012,Y020_024,0.02760826281340312
ZAF,ZAF2012HSRC,sexnonregplus,ZAF_2_DC15,O Tambo DM,28,2012,Y020_024,0.6073242713185505
ZAF,ZAF2012HSRC,nosex12m,ZAF_2_DC15,O Tambo DM,28,2012,Y025_029,0.2588041123429671
ZAF,ZAF2012HSRC,sexcohab,ZAF_2_DC15,O Tambo DM,28,2012,Y025_029,0.09537105192566364
ZAF,ZAF2012HSRC,sexnonregplus,ZAF_2_DC15,O Tambo DM,28,2012,Y025_029,0.6458248357313693
ZAF,ZAF2012HSRC,nosex12m,ZAF_2_DC15,O Tambo DM,28,2012,Y030_034,0.22679872218303257
ZAF,ZAF2012HSRC,sexcohab,ZAF_2_DC15,O Tambo DM,28,2012,Y030_034,0.202862970309144
ZAF,ZAF2012HSRC,sexnonregplus,ZAF_2_DC15,O Tambo DM,28,2012,Y030_034,0.5703383075078234
ZAF,ZAF2012HSRC,nosex12m,ZAF_2_DC15,O Tambo DM,28,2012,Y035_039,0.2161867100766736
ZAF,ZAF2012HSRC,sexcohab,ZAF_2_DC15,O Tambo DM,28,2012,Y035_039,0.28704558651408657
ZAF,ZAF2012HSRC,sexnonregplus,ZAF_2_DC15,O Tambo DM,28,2012,Y035_039,0.4967677034092398
ZAF,ZAF2012HSRC,nosex12m,ZAF_2_DC15,O Tambo DM,28,2012,Y040_044,0.22105353225441457
ZAF,ZAF2012HSRC,sexcohab,ZAF_2_DC15,O Tambo DM,28,2012,Y040_044,0.3880057931352534
ZAF,ZAF2012HSRC,sexnonregplus,ZAF_2_DC15,O Tambo DM,28,2012,Y040_044,0.3909406746103321
ZAF,ZAF2012HSRC,nosex12m,ZAF_2_DC15,O Tambo DM,28,2012,Y045_049,0.2539471758244979
ZAF,ZAF2012HSRC,sexcohab,ZAF_2_DC15,O Tambo DM,28,2012,Y045_049,0.42171462888852873
ZAF,ZAF2012HSRC,sexnonregplus,ZAF_2_DC15,O Tambo DM,28,2012,Y045_049,0.32433819528697344
ZAF,ZAF2012HSRC,nosex12m,ZAF_2_DC44,A Nzo DM,29,2012,Y015_019,0.7448011785132386
ZAF,ZAF2012HSRC,sexcohab,ZAF_2_DC44,A Nzo DM,29,2012,Y015_019,0.00285139957306935
ZAF,ZAF2012HSRC,sexnonregplus,ZAF_2_DC44,A Nzo DM,29,2012,Y015_019,0.252347421913692
ZAF,ZAF2012HSRC,nosex12m,ZAF_2_DC44,A Nzo DM,29,2012,Y020_024,0.34941753287753036
ZAF,ZAF2012HSRC,sexcohab,ZAF_2_DC44,A Nzo DM,29,2012,Y020_024,0.03153480668762473
ZAF,ZAF2012HSRC,sexnonregplus,ZAF_2_DC44,A Nzo DM,29,2012,Y020_024,0.6190476604348449
ZAF,ZAF2012HSRC,nosex12m,ZAF_2_DC44,A Nzo DM,29,2012,Y025_029,0.2441657912690795
ZAF,ZAF2012HSRC,sexcohab,ZAF_2_DC44,A Nzo DM,29,2012,Y025_029,0.10723679358099916
ZAF,ZAF2012HSRC,sexnonregplus,ZAF_2_DC44,A Nzo DM,29,2012,Y025_029,0.6485974151499213
ZAF,ZAF2012HSRC,nosex12m,ZAF_2_DC44,A Nzo DM,29,2012,Y030_034,0.21097109255181704
ZAF,ZAF2012HSRC,sexcohab,ZAF_2_DC44,A Nzo DM,29,2012,Y030_034,0.22434889150700052
ZAF,ZAF2012HSRC,sexnonregplus,ZAF_2_DC44,A Nzo DM,29,2012,Y030_034,0.5646800159411824
ZAF,ZAF2012HSRC,nosex12m,ZAF_2_DC44,A Nzo DM,29,2012,Y035_039,0.19903978607150097
ZAF,ZAF2012HSRC,sexcohab,ZAF_2_DC44,A Nzo DM,29,2012,Y035_039,0.3140035223724775
ZAF,ZAF2012HSRC,sexnonregplus,ZAF_2_DC44,A Nzo DM,29,2012,Y035_039,0.4869566915560216
ZAF,ZAF2012HSRC,nosex12m,ZAF_2_DC44,A Nzo DM,29,2012,Y040_044,0.20132991319534885
ZAF,ZAF2012HSRC,sexcohab,ZAF_2_DC44,A Nzo DM,29,2012,Y040_044,0.4194385608447943
ZAF,ZAF2012HSRC,sexnonregplus,ZAF_2_DC44,A Nzo DM,29,2012,Y040_044,0.3792315259598568
ZAF,ZAF2012HSRC,nosex12m,ZAF_2_DC44,A Nzo DM,29,2012,Y045_049,0.230882669104208
ZAF,ZAF2012HSRC,sexcohab,ZAF_2_DC44,A Nzo DM,29,2012,Y045_049,0.454982820130172
ZAF,ZAF2012HSRC,sexnonregplus,ZAF_2_DC44,A Nzo DM,29,2012,Y045_049,0.31413451076561993
ZAF,ZAF2012HSRC,nosex12m,ZAF_2_MAN,Mangaung MM,30,2012,Y015_019,0.6839766579576935
ZAF,ZAF2012HSRC,sexcohab,ZAF_2_MAN,Mangaung MM,30,2012,Y015_019,0.00905344246223009
ZAF,ZAF2012HSRC,sexnonregplus,ZAF_2_MAN,Mangaung MM,30,2012,Y015_019,0.3069698995800764
ZAF,ZAF2012HSRC,nosex12m,ZAF_2_MAN,Mangaung MM,30,2012,Y020_024,0.27314076201107246
ZAF,ZAF2012HSRC,sexcohab,ZAF_2_MAN,Mangaung MM,30,2012,Y020_024,0.08552476811108754
ZAF,ZAF2012HSRC,sexnonregplus,ZAF_2_MAN,Mangaung MM,30,2012,Y020_024,0.64133446987784
ZAF,ZAF2012HSRC,nosex12m,ZAF_2_MAN,Mangaung MM,30,2012,Y025_029,0.16543723057865709
ZAF,ZAF2012HSRC,sexcohab,ZAF_2_MAN,Mangaung MM,30,2012,Y025_029,0.2520046435685236
ZAF,ZAF2012HSRC,sexnonregplus,ZAF_2_MAN,Mangaung MM,30,2012,Y025_029,0.5825581258528193
ZAF,ZAF2012HSRC,nosex12m,ZAF_2_MAN,Mangaung MM,30,2012,Y030_034,0.12131235422919254
ZAF,ZAF2012HSRC,sexcohab,ZAF_2_MAN,Mangaung MM,30,2012,Y030_034,0.4480855224333764
ZAF,ZAF2012HSRC,sexnonregplus,ZAF_2_MAN,Mangaung MM,30,2012,Y030_034,0.4306021233374311
ZAF,ZAF2012HSRC,nosex12m,ZAF_2_MAN,Mangaung MM,30,2012,Y035_039,0.10282435055075954
ZAF,ZAF2012HSRC,sexcohab,ZAF_2_MAN,Mangaung MM,30,2012,Y035_039,0.5636418994353432
ZAF,ZAF2012HSRC,sexnonregplus,ZAF_2_MAN,Mangaung MM,30,2012,Y035_039,0.33353375001389735
ZAF,ZAF2012HSRC,nosex12m,ZAF_2_MAN,Mangaung MM,30,2012,Y040_044,0.09308585821061716
ZAF,ZAF2012HSRC,sexcohab,ZAF_2_MAN,Mangaung MM,30,2012,Y040_044,0.6745266751467147
ZAF,ZAF2012HSRC,sexnonregplus,ZAF_2_MAN,Mangaung MM,30,2012,Y040_044,0.23238746664266816
ZAF,ZAF2012HSRC,nosex12m,ZAF_2_MAN,Mangaung MM,30,2012,Y045_049,0.1035599004130307
ZAF,ZAF2012HSRC,sexcohab,ZAF_2_MAN,Mangaung MM,30,2012,Y045_049,0.7098210085562345
ZAF,ZAF2012HSRC,sexnonregplus,ZAF_2_MAN,Mangaung MM,30,2012,Y045_049,0.1866190910307348
ZAF,ZAF2012HSRC,nosex12m,ZAF_2_DC16,Xhariep DM,31,2012,Y015_019,0.730825639516581
ZAF,ZAF2012HSRC,sexcohab,ZAF_2_DC16,Xhariep DM,31,2012,Y015_019,0.00646200437291751
ZAF,ZAF2012HSRC,sexnonregplus,ZAF_2_DC16,Xhariep DM,31,2012,Y015_019,0.2627123561105016
ZAF,ZAF2012HSRC,nosex12m,ZAF_2_DC16,Xhariep DM,31,2012,Y020_024,0.32555165913661516
ZAF,ZAF2012HSRC,sexcohab,ZAF_2_DC16,Xhariep DM,31,2012,Y020_024,0.06768501620825419
ZAF,ZAF2012HSRC,sexnonregplus,ZAF_2_DC16,Xhariep DM,31,2012,Y020_024,0.6067633246551306
ZAF,ZAF2012HSRC,nosex12m,ZAF_2_DC16,Xhariep DM,31,2012,Y025_029,0.20830120557482465
ZAF,ZAF2012HSRC,sexcohab,ZAF_2_DC16,Xhariep DM,31,2012,Y025_029,0.21026581542570127
ZAF,ZAF2012HSRC,sexnonregplus,ZAF_2_DC16,Xhariep DM,31,2012,Y025_029,0.5814329789994741
ZAF,ZAF2012HSRC,nosex12m,ZAF_2_DC16,Xhariep DM,31,2012,Y030_034,0.1597852118155466
ZAF,ZAF2012HSRC,sexcohab,ZAF_2_DC16,Xhariep DM,31,2012,Y030_034,0.39024731930965906
ZAF,ZAF2012HSRC,sexnonregplus,ZAF_2_DC16,Xhariep DM,31,2012,Y030_034,0.44996746887479433
ZAF,ZAF2012HSRC,nosex12m,ZAF_2_DC16,Xhariep DM,31,2012,Y035_039,0.13887578151446842
ZAF,ZAF2012HSRC,sexcohab,ZAF_2_DC16,Xhariep DM,31,2012,Y035_039,0.5031322297498798
ZAF,ZAF2012HSRC,sexnonregplus,ZAF_2_DC16,Xhariep DM,31,2012,Y035_039,0.3579919887356517
ZAF,ZAF2012HSRC,nosex12m,ZAF_2_DC16,Xhariep DM,31,2012,Y040_044,0.12869941528078258
ZAF,ZAF2012HSRC,sexcohab,ZAF_2_DC16,Xhariep DM,31,2012,Y040_044,0.6157314357623527
ZAF,ZAF2012HSRC,sexnonregplus,ZAF_2_DC16,Xhariep DM,31,2012,Y040_044,0.2555691489568647
ZAF,ZAF2012HSRC,nosex12m,ZAF_2_DC16,Xhariep DM,31,2012,Y045_049,0.1436142481193728
ZAF,ZAF2012HSRC,sexcohab,ZAF_2_DC16,Xhariep DM,31,2012,Y045_049,0.6501767589115545
ZAF,ZAF2012HSRC,sexnonregplus,ZAF_2_DC16,Xhariep DM,31,2012,Y045_049,0.20620899296907272
ZAF,ZAF2012HSRC,nosex12m,ZAF_2_DC18,Lejweleputswa DM,32,2012,Y015_019,0.7042890989200882
ZAF,ZAF2012HSRC,sexcohab,ZAF_2_DC18,Lejweleputswa DM,32,2012,Y015_019,0.00582646609100751
ZAF,ZAF2012HSRC,sexnonregplus,ZAF_2_DC18,Lejweleputswa DM,32,2012,Y015_019,0.28988443498890426
ZAF,ZAF2012HSRC,nosex12m,ZAF_2_DC18,Lejweleputswa DM,32,2012,Y020_024,0.2982258686133805
ZAF,ZAF2012HSRC,sexcohab,ZAF_2_DC18,Lejweleputswa DM,32,2012,Y020_024,0.05849191869726445
ZAF,ZAF2012HSRC,sexnonregplus,ZAF_2_DC18,Lejweleputswa DM,32,2012,Y020_024,0.643282212689355
ZAF,ZAF2012HSRC,nosex12m,ZAF_2_DC18,Lejweleputswa DM,32,2012,Y025_029,0.19261381004439387
ZAF,ZAF2012HSRC,sexcohab,ZAF_2_DC18,Lejweleputswa DM,32,2012,Y025_029,0.1839968929861567
ZAF,ZAF2012HSRC,sexnonregplus,ZAF_2_DC18,Lejweleputswa DM,32,2012,Y025_029,0.6233892969694493
ZAF,ZAF2012HSRC,nosex12m,ZAF_2_DC18,Lejweleputswa DM,32,2012,Y030_034,0.15199354047537253
ZAF,ZAF2012HSRC,sexcohab,ZAF_2_DC18,Lejweleputswa DM,32,2012,Y030_034,0.3523400626977512
ZAF,ZAF2012HSRC,sexnonregplus,ZAF_2_DC18,Lejweleputswa DM,32,2012,Y030_034,0.49566639682687624
ZAF,ZAF2012HSRC,nosex12m,ZAF_2_DC18,Lejweleputswa DM,32,2012,Y035_039,0.13471008946786273
ZAF,ZAF2012HSRC,sexcohab,ZAF_2_DC18,Lejweleputswa DM,32,2012,Y035_039,0.4637728771788354
ZAF,ZAF2012HSRC,sexnonregplus,ZAF_2_DC18,Lejweleputswa DM,32,2012,Y035_039,0.40151703335330186
ZAF,ZAF2012HSRC,nosex12m,ZAF_2_DC18,Lejweleputswa DM,32,2012,Y040_044,0.12746323825990943
ZAF,ZAF2012HSRC,sexcohab,ZAF_2_DC18,Lejweleputswa DM,32,2012,Y040_044,0.5802470966516607
ZAF,ZAF2012HSRC,sexnonregplus,ZAF_2_DC18,Lejweleputswa DM,32,2012,Y040_044,0.2922896650884298
ZAF,ZAF2012HSRC,nosex12m,ZAF_2_DC18,Lejweleputswa DM,32,2012,Y045_049,0.14359933810921835
ZAF,ZAF2012HSRC,sexcohab,ZAF_2_DC18,Lejweleputswa DM,32,2012,Y045_049,0.6185674686060996
ZAF,ZAF2012HSRC,sexnonregplus,ZAF_2_DC18,Lejweleputswa DM,32,2012,Y045_049,0.23783319328468203
ZAF,ZAF2012HSRC,nosex12m,ZAF_2_DC19,T Mofutsanyana DM,33,2012,Y015_019,0.744370721129551
ZAF,ZAF2012HSRC,sexcohab,ZAF_2_DC19,T Mofutsanyana DM,33,2012,Y015_019,0.00470559309842317
ZAF,ZAF2012HSRC,sexnonregplus,ZAF_2_DC19,T Mofutsanyana DM,33,2012,Y015_019,0.25092368577202573
ZAF,ZAF2012HSRC,nosex12m,ZAF_2_DC19,T Mofutsanyana DM,33,2012,Y020_024,0.34292293942043794
ZAF,ZAF2012HSRC,sexcohab,ZAF_2_DC19,T Mofutsanyana DM,33,2012,Y020_024,0.05137685751034679
ZAF,ZAF2012HSRC,sexnonregplus,ZAF_2_DC19,T Mofutsanyana DM,33,2012,Y020_024,0.6057002030692152
ZAF,ZAF2012HSRC,nosex12m,ZAF_2_DC19,T Mofutsanyana DM,33,2012,Y025_029,0.22837920651142227
ZAF,ZAF2012HSRC,sexcohab,ZAF_2_DC19,T Mofutsanyana DM,33,2012,Y025_029,0.16663400003091508
ZAF,ZAF2012HSRC,sexnonregplus,ZAF_2_DC19,T Mofutsanyana DM,33,2012,Y025_029,0.6049867934576626
ZAF,ZAF2012HSRC,nosex12m,ZAF_2_DC19,T Mofutsanyana DM,33,2012,Y030_034,0.1837784936843761
ZAF,ZAF2012HSRC,sexcohab,ZAF_2_DC19,T Mofutsanyana DM,33,2012,Y030_034,0.32554839191179463
ZAF,ZAF2012HSRC,sexnonregplus,ZAF_2_DC19,T Mofutsanyana DM,33,2012,Y030_034,0.49067311440382927
ZAF,ZAF2012HSRC,nosex12m,ZAF_2_DC19,T Mofutsanyana DM,33,2012,Y035_039,0.16473523498816245
ZAF,ZAF2012HSRC,sexcohab,ZAF_2_DC19,T Mofutsanyana DM,33,2012,Y035_039,0.43335771061748907
ZAF,ZAF2012HSRC,sexnonregplus,ZAF_2_DC19,T Mofutsanyana DM,33,2012,Y035_039,0.4019070543943485
ZAF,ZAF2012HSRC,nosex12m,ZAF_2_DC19,T Mofutsanyana DM,33,2012,Y040_044,0.1573124859909638
ZAF,ZAF2012HSRC,sexcohab,ZAF_2_DC19,T Mofutsanyana DM,33,2012,Y040_044,0.5473350324665538
ZAF,ZAF2012HSRC,sexnonregplus,ZAF_2_DC19,T Mofutsanyana DM,33,2012,Y040_044,0.29535248154248245
ZAF,ZAF2012HSRC,nosex12m,ZAF_2_DC19,T Mofutsanyana DM,33,2012,Y045_049,0.17703490156430549
ZAF,ZAF2012HSRC,sexcohab,ZAF_2_DC19,T Mofutsanyana DM,33,2012,Y045_049,0.582924767350508
ZAF,ZAF2012HSRC,sexnonregplus,ZAF_2_DC19,T Mofutsanyana DM,33,2012,Y045_049,0.24004033108518652
ZAF,ZAF2012HSRC,nosex12m,ZAF_2_DC20,Fezile Dabi DM,34,2012,Y015_019,0.7185349347082862
ZAF,ZAF2012HSRC,sexcohab,ZAF_2_DC20,Fezile Dabi DM,34,2012,Y015_019,0.00570277449413756
ZAF,ZAF2012HSRC,sexnonregplus,ZAF_2_DC20,Fezile Dabi DM,34,2012,Y015_019,0.27576229079757614
ZAF,ZAF2012HSRC,nosex12m,ZAF_2_DC20,Fezile Dabi DM,34,2012,Y020_024,0.3138864816219056
ZAF,ZAF2012HSRC,sexcohab,ZAF_2_DC20,Fezile Dabi DM,34,2012,Y020_024,0.05873433838375082
ZAF,ZAF2012HSRC,sexnonregplus,ZAF_2_DC20,Fezile Dabi DM,34,2012,Y020_024,0.6273791799943436
ZAF,ZAF2012HSRC,nosex12m,ZAF_2_DC20,Fezile Dabi DM,34,2012,Y025_029,0.203811185606484
ZAF,ZAF2012HSRC,sexcohab,ZAF_2_DC20,Fezile Dabi DM,34,2012,Y025_029,0.18539273013642033
ZAF,ZAF2012HSRC,sexnonregplus,ZAF_2_DC20,Fezile Dabi DM,34,2012,Y025_029,0.6107960842570958
ZAF,ZAF2012HSRC,nosex12m,ZAF_2_DC20,Fezile Dabi DM,34,2012,Y030_034,0.1605740972412913
ZAF,ZAF2012HSRC,sexcohab,ZAF_2_DC20,Fezile Dabi DM,34,2012,Y030_034,0.35403998089918337
ZAF,ZAF2012HSRC,sexnonregplus,ZAF_2_DC20,Fezile Dabi DM,34,2012,Y030_034,0.48538592185952534
ZAF,ZAF2012HSRC,nosex12m,ZAF_2_DC20,Fezile Dabi DM,34,2012,Y035_039,0.1421762135302865
ZAF,ZAF2012HSRC,sexcohab,ZAF_2_DC20,Fezile Dabi DM,34,2012,Y035_039,0.4649545540435913
ZAF,ZAF2012HSRC,sexnonregplus,ZAF_2_DC20,Fezile Dabi DM,34,2012,Y035_039,0.39286923242612215
ZAF,ZAF2012HSRC,nosex12m,ZAF_2_DC20,Fezile Dabi DM,34,2012,Y040_044,0.13419152529570733
ZAF,ZAF2012HSRC,sexcohab,ZAF_2_DC20,Fezile Dabi DM,34,2012,Y040_044,0.5800321304977654
ZAF,ZAF2012HSRC,sexnonregplus,ZAF_2_DC20,Fezile Dabi DM,34,2012,Y040_044,0.2857763442065273
ZAF,ZAF2012HSRC,nosex12m,ZAF_2_DC20,Fezile Dabi DM,34,2012,Y045_049,0.1508327791790566
ZAF,ZAF2012HSRC,sexcohab,ZAF_2_DC20,Fezile Dabi DM,34,2012,Y045_049,0.6170718581498416
ZAF,ZAF2012HSRC,sexnonregplus,ZAF_2_DC20,Fezile Dabi DM,34,2012,Y045_049,0.23209536267110187
ZAF,ZAF2012HSRC,nosex12m,ZAF_2_ETH,eThekwini MM,35,2012,Y015_019,0.7181170283357421
ZAF,ZAF2012HSRC,sexcohab,ZAF_2_ETH,eThekwini MM,35,2012,Y015_019,0.00452426634166851
ZAF,ZAF2012HSRC,sexnonregplus,ZAF_2_ETH,eThekwini MM,35,2012,Y015_019,0.2773587053225894
ZAF,ZAF2012HSRC,nosex12m,ZAF_2_ETH,eThekwini MM,35,2012,Y020_024,0.3145902440445702
ZAF,ZAF2012HSRC,sexcohab,ZAF_2_ETH,eThekwini MM,35,2012,Y020_024,0.04704122254366545
ZAF,ZAF2012HSRC,sexnonregplus,ZAF_2_ETH,eThekwini MM,35,2012,Y020_024,0.6383685334117644
ZAF,ZAF2012HSRC,nosex12m,ZAF_2_ETH,eThekwini MM,35,2012,Y025_029,0.2094457630708278
ZAF,ZAF2012HSRC,sexcohab,ZAF_2_ETH,eThekwini MM,35,2012,Y025_029,0.15263998853255523
ZAF,ZAF2012HSRC,sexnonregplus,ZAF_2_ETH,eThekwini MM,35,2012,Y025_029,0.6379142483966169
ZAF,ZAF2012HSRC,nosex12m,ZAF_2_ETH,eThekwini MM,35,2012,Y030_034,0.17122386759836766
ZAF,ZAF2012HSRC,sexcohab,ZAF_2_ETH,eThekwini MM,35,2012,Y030_034,0.3032615449221291
ZAF,ZAF2012HSRC,sexnonregplus,ZAF_2_ETH,eThekwini MM,35,2012,Y030_034,0.5255145874795032
ZAF,ZAF2012HSRC,nosex12m,ZAF_2_ETH,eThekwini MM,35,2012,Y035_039,0.1554173007096449
ZAF,ZAF2012HSRC,sexcohab,ZAF_2_ETH,eThekwini MM,35,2012,Y035_039,0.4088950955138871
ZAF,ZAF2012HSRC,sexnonregplus,ZAF_2_ETH,eThekwini MM,35,2012,Y035_039,0.435687603776468
ZAF,ZAF2012HSRC,nosex12m,ZAF_2_ETH,eThekwini MM,35,2012,Y040_044,0.15063605444525288
ZAF,ZAF2012HSRC,sexcohab,ZAF_2_ETH,eThekwini MM,35,2012,Y040_044,0.5244689522724707
ZAF,ZAF2012HSRC,sexnonregplus,ZAF_2_ETH,eThekwini MM,35,2012,Y040_044,0.32489499328227645
ZAF,ZAF2012HSRC,nosex12m,ZAF_2_ETH,eThekwini MM,35,2012,Y045_049,0.1708655143080697
ZAF,ZAF2012HSRC,sexcohab,ZAF_2_ETH,eThekwini MM,35,2012,Y045_049,0.5630487608540493
ZAF,ZAF2012HSRC,sexnonregplus,ZAF_2_ETH,eThekwini MM,35,2012,Y045_049,0.266085724837881
ZAF,ZAF2012HSRC,nosex12m,ZAF_2_DC21,Ugu DM,36,2012,Y015_019,0.7734151038078184
ZAF,ZAF2012HSRC,sexcohab,ZAF_2_DC21,Ugu DM,36,2012,Y015_019,0.00298942792147617
ZAF,ZAF2012HSRC,sexnonregplus,ZAF_2_DC21,Ugu DM,36,2012,Y015_019,0.22359546827070545
ZAF,ZAF2012HSRC,nosex12m,ZAF_2_DC21,Ugu DM,36,2012,Y020_024,0.3836202235999557
ZAF,ZAF2012HSRC,sexcohab,ZAF_2_DC21,Ugu DM,36,2012,Y020_024,0.03513046074387106
ZAF,ZAF2012HSRC,sexnonregplus,ZAF_2_DC21,Ugu DM,36,2012,Y020_024,0.5812493156561732
ZAF,ZAF2012HSRC,nosex12m,ZAF_2_DC21,Ugu DM,36,2012,Y025_029,0.26894743854227743
ZAF,ZAF2012HSRC,sexcohab,ZAF_2_DC21,Ugu DM,36,2012,Y025_029,0.1198957850566277
ZAF,ZAF2012HSRC,sexnonregplus,ZAF_2_DC21,Ugu DM,36,2012,Y025_029,0.6111567764010949
ZAF,ZAF2012HSRC,nosex12m,ZAF_2_DC21,Ugu DM,36,2012,Y030_034,0.22871376249376457
ZAF,ZAF2012HSRC,sexcohab,ZAF_2_DC21,Ugu DM,36,2012,Y030_034,0.2475378892719194
ZAF,ZAF2012HSRC,sexnonregplus,ZAF_2_DC21,Ugu DM,36,2012,Y030_034,0.523748348234316
ZAF,ZAF2012HSRC,nosex12m,ZAF_2_DC21,Ugu DM,36,2012,Y035_039,0.21276385354911903
ZAF,ZAF2012HSRC,sexcohab,ZAF_2_DC21,Ugu DM,36,2012,Y035_039,0.3419513739573539
ZAF,ZAF2012HSRC,sexnonregplus,ZAF_2_DC21,Ugu DM,36,2012,Y035_039,0.445284772493527
ZAF,ZAF2012HSRC,nosex12m,ZAF_2_DC21,Ugu DM,36,2012,Y040_044,0.2111579832405572
ZAF,ZAF2012HSRC,sexcohab,ZAF_2_DC21,Ugu DM,36,2012,Y040_044,0.44873323484752387
ZAF,ZAF2012HSRC,sexnonregplus,ZAF_2_DC21,Ugu DM,36,2012,Y040_044,0.34010878191191896
ZAF,ZAF2012HSRC,nosex12m,ZAF_2_DC21,Ugu DM,36,2012,Y045_049,0.23956781061109453
ZAF,ZAF2012HSRC,sexcohab,ZAF_2_DC21,Ugu DM,36,2012,Y045_049,0.4817489765078489
ZAF,ZAF2012HSRC,sexnonregplus,ZAF_2_DC21,Ugu DM,36,2012,Y045_049,0.2786832128810565
ZAF,ZAF2012HSRC,nosex12m,ZAF_2_DC22,uMgungundlovu DM,37,2012,Y015_019,0.7870079097195419
ZAF,ZAF2012HSRC,sexcohab,ZAF_2_DC22,uMgungundlovu DM,37,2012,Y015_019,0.00252633655073346
ZAF,ZAF2012HSRC,sexnonregplus,ZAF_2_DC22,uMgungundlovu DM,37,2012,Y015_019,0.21046575372972456
ZAF,ZAF2012HSRC,nosex12m,ZAF_2_DC22,uMgungundlovu DM,37,2012,Y020_024,0.4032883532994123
ZAF,ZAF2012HSRC,sexcohab,ZAF_2_DC22,uMgungundlovu DM,37,2012,Y020_024,0.03067407176755712
ZAF,ZAF2012HSRC,sexnonregplus,ZAF_2_DC22,uMgungundlovu DM,37,2012,Y020_024,0.5660375749330305
ZAF,ZAF2012HSRC,nosex12m,ZAF_2_DC22,uMgungundlovu DM,37,2012,Y025_029,0.2876792310371772
ZAF,ZAF2012HSRC,sexcohab,ZAF_2_DC22,uMgungundlovu DM,37,2012,Y025_029,0.10660852693200525
ZAF,ZAF2012HSRC,sexnonregplus,ZAF_2_DC22,uMgungundlovu DM,37,2012,Y025_029,0.6057122420308176
ZAF,ZAF2012HSRC,nosex12m,ZAF_2_DC22,uMgungundlovu DM,37,2012,Y030_034,0.24862147146812932
ZAF,ZAF2012HSRC,sexcohab,ZAF_2_DC22,uMgungundlovu DM,37,2012,Y030_034,0.22383321590933497
ZAF,ZAF2012HSRC,sexnonregplus,ZAF_2_DC22,uMgungundlovu DM,37,2012,Y030_034,0.5275453126225358
ZAF,ZAF2012HSRC,nosex12m,ZAF_2_DC22,uMgungundlovu DM,37,2012,Y035_039,0.23387452270471
ZAF,ZAF2012HSRC,sexcohab,ZAF_2_DC22,uMgungundlovu DM,37,2012,Y035_039,0.3127264936641679
ZAF,ZAF2012HSRC,sexnonregplus,ZAF_2_DC22,uMgungundlovu DM,37,2012,Y035_039,0.4533989836311222
ZAF,ZAF2012HSRC,nosex12m,ZAF_2_DC22,uMgungundlovu DM,37,2012,Y040_044,0.23469122070507817
ZAF,ZAF2012HSRC,sexcohab,ZAF_2_DC22,uMgungundlovu DM,37,2012,Y040_044,0.41517129323195334
ZAF,ZAF2012HSRC,sexnonregplus,ZAF_2_DC22,uMgungundlovu DM,37,2012,Y040_044,0.3501374860629685
ZAF,ZAF2012HSRC,nosex12m,ZAF_2_DC22,uMgungundlovu DM,37,2012,Y045_049,0.26656025963501107
ZAF,ZAF2012HSRC,sexcohab,ZAF_2_DC22,uMgungundlovu DM,37,2012,Y045_049,0.44628652705170224
ZAF,ZAF2012HSRC,sexnonregplus,ZAF_2_DC22,uMgungundlovu DM,37,2012,Y045_049,0.2871532133132867
ZAF,ZAF2012HSRC,nosex12m,ZAF_2_DC23,Uthukela DM,38,2012,Y015_019,0.7760306563036955
ZAF,ZAF2012HSRC,sexcohab,ZAF_2_DC23,Uthukela DM,38,2012,Y015_019,0.00283929478436153
ZAF,ZAF2012HSRC,sexnonregplus,ZAF_2_DC23,Uthukela DM,38,2012,Y015_019,0.22113004891194293
ZAF,ZAF2012HSRC,nosex12m,ZAF_2_DC23,Uthukela DM,38,2012,Y020_024,0.38756985019638696
ZAF,ZAF2012HSRC,sexcohab,ZAF_2_DC23,Uthukela DM,38,2012,Y020_024,0.03361437095557013
ZAF,ZAF2012HSRC,sexnonregplus,ZAF_2_DC23,Uthukela DM,38,2012,Y020_024,0.5788157788480429
ZAF,ZAF2012HSRC,nosex12m,ZAF_2_DC23,Uthukela DM,38,2012,Y025_029,0.273037914912652
ZAF,ZAF2012HSRC,sexcohab,ZAF_2_DC23,Uthukela DM,38,2012,Y025_029,0.11533269989161914
ZAF,ZAF2012HSRC,sexnonregplus,ZAF_2_DC23,Uthukela DM,38,2012,Y025_029,0.6116293851957288
ZAF,ZAF2012HSRC,nosex12m,ZAF_2_DC23,Uthukela DM,38,2012,Y030_034,0.2335210728629754
ZAF,ZAF2012HSRC,sexcohab,ZAF_2_DC23,Uthukela DM,38,2012,Y030_034,0.23931415732715616
ZAF,ZAF2012HSRC,sexnonregplus,ZAF_2_DC23,Uthukela DM,38,2012,Y030_034,0.5271647698098685
ZAF,ZAF2012HSRC,nosex12m,ZAF_2_DC23,Uthukela DM,38,2012,Y035_039,0.2181556441641643
ZAF,ZAF2012HSRC,sexcohab,ZAF_2_DC23,Uthukela DM,38,2012,Y035_039,0.3318252828600964
ZAF,ZAF2012HSRC,sexnonregplus,ZAF_2_DC23,Uthukela DM,38,2012,Y035_039,0.45001907297573934
ZAF,ZAF2012HSRC,nosex12m,ZAF_2_DC23,Uthukela DM,38,2012,Y040_044,0.2174457147441997
ZAF,ZAF2012HSRC,sexcohab,ZAF_2_DC23,Uthukela DM,38,2012,Y040_044,0.4372988506055723
ZAF,ZAF2012HSRC,sexnonregplus,ZAF_2_DC23,Uthukela DM,38,2012,Y040_044,0.34525543465022807
ZAF,ZAF2012HSRC,nosex12m,ZAF_2_DC23,Uthukela DM,38,2012,Y045_049,0.24698504013208045
ZAF,ZAF2012HSRC,sexcohab,ZAF_2_DC23,Uthukela DM,38,2012,Y045_049,0.46986576024540455
ZAF,ZAF2012HSRC,sexnonregplus,ZAF_2_DC23,Uthukela DM,38,2012,Y045_049,0.28314919962251506
ZAF,ZAF2012HSRC,nosex12m,ZAF_2_DC24,Umzinyathi DM,39,2012,Y015_019,0.7969141754066135
ZAF,ZAF2012HSRC,sexcohab,ZAF_2_DC24,Umzinyathi DM,39,2012,Y015_019,0.00226374256516924
ZAF,ZAF2012HSRC,sexnonregplus,ZAF_2_DC24,Umzinyathi DM,39,2012,Y015_019,0.20082208202821733
ZAF,ZAF2012HSRC,nosex12m,ZAF_2_DC24,Umzinyathi DM,39,2012,Y020_024,0.4187410259672999
ZAF,ZAF2012HSRC,sexcohab,ZAF_2_DC24,Umzinyathi DM,39,2012,Y020_024,0.02825521489875176
ZAF,ZAF2012HSRC,sexnonregplus,ZAF_2_DC24,Umzinyathi DM,39,2012,Y020_024,0.5530037591339484
ZAF,ZAF2012HSRC,nosex12m,ZAF_2_DC24,Umzinyathi DM,39,2012,Y025_029,0.3022089587256477
ZAF,ZAF2012HSRC,sexcohab,ZAF_2_DC24,Umzinyathi DM,39,2012,Y025_029,0.09928688742951904
ZAF,ZAF2012HSRC,sexnonregplus,ZAF_2_DC24,Umzinyathi DM,39,2012,Y025_029,0.5985041538448332
ZAF,ZAF2012HSRC,nosex12m,ZAF_2_DC24,Umzinyathi DM,39,2012,Y030_034,0.2636097387432376
ZAF,ZAF2012HSRC,sexcohab,ZAF_2_DC24,Umzinyathi DM,39,2012,Y030_034,0.21020366486863196
ZAF,ZAF2012HSRC,sexnonregplus,ZAF_2_DC24,Umzinyathi DM,39,2012,Y030_034,0.5261865963881304
ZAF,ZAF2012HSRC,nosex12m,ZAF_2_DC24,Umzinyathi DM,39,2012,Y035_039,0.24952260874527535
ZAF,ZAF2012HSRC,sexcohab,ZAF_2_DC24,Umzinyathi DM,39,2012,Y035_039,0.29536613873144146
ZAF,ZAF2012HSRC,sexnonregplus,ZAF_2_DC24,Umzinyathi DM,39,2012,Y035_039,0.4551112525232832
ZAF,ZAF2012HSRC,nosex12m,ZAF_2_DC24,Umzinyathi DM,39,2012,Y040_044,0.2519779612298669
ZAF,ZAF2012HSRC,sexcohab,ZAF_2_DC24,Umzinyathi DM,39,2012,Y040_044,0.3942260814784702
ZAF,ZAF2012HSRC,sexnonregplus,ZAF_2_DC24,Umzinyathi DM,39,2012,Y040_044,0.3537959572916629
ZAF,ZAF2012HSRC,nosex12m,ZAF_2_DC24,Umzinyathi DM,39,2012,Y045_049,0.28616664134124403
ZAF,ZAF2012HSRC,sexcohab,ZAF_2_DC24,Umzinyathi DM,39,2012,Y045_049,0.42366148852826785
ZAF,ZAF2012HSRC,sexnonregplus,ZAF_2_DC24,Umzinyathi DM,39,2012,Y045_049,0.29017187013048806
ZAF,ZAF2012HSRC,nosex12m,ZAF_2_DC25,Amajuba DM,40,2012,Y015_019,0.7776059695535296
ZAF,ZAF2012HSRC,sexcohab,ZAF_2_DC25,Amajuba DM,40,2012,Y015_019,0.00272373164741743
ZAF,ZAF2012HSRC,sexnonregplus,ZAF_2_DC25,Amajuba DM,40,2012,Y015_019,0.219670298799053
ZAF,ZAF2012HSRC,nosex12m,ZAF_2_DC25,Amajuba DM,40,2012,Y020_024,0.3913169416443414
ZAF,ZAF2012HSRC,sexcohab,ZAF_2_DC25,Amajuba DM,40,2012,Y020_024,0.03236668388751933
ZAF,ZAF2012HSRC,sexnonregplus,ZAF_2_DC25,Amajuba DM,40,2012,Y020_024,0.5763163744681393
ZAF,ZAF2012HSRC,nosex12m,ZAF_2_DC25,Amajuba DM,40,2012,Y025_029,0.277113168928255
ZAF,ZAF2012HSRC,sexcohab,ZAF_2_DC25,Amajuba DM,40,2012,Y025_029,0.11153967408570302
ZAF,ZAF2012HSRC,sexnonregplus,ZAF_2_DC25,Amajuba DM,40,2012,Y025_029,0.611347156986042
ZAF,ZAF2012HSRC,nosex12m,ZAF_2_DC25,Amajuba DM,40,2012,Y030_034,0.23810283480122707
ZAF,ZAF2012HSRC,sexcohab,ZAF_2_DC25,Amajuba DM,40,2012,Y030_034,0.23231199117155552
ZAF,ZAF2012HSRC,sexnonregplus,ZAF_2_DC25,Amajuba DM,40,2012,Y030_034,0.5295851740272174
ZAF,ZAF2012HSRC,nosex12m,ZAF_2_DC25,Amajuba DM,40,2012,Y035_039,0.2232242725690811
ZAF,ZAF2012HSRC,sexcohab,ZAF_2_DC25,Amajuba DM,40,2012,Y035_039,0.3229835892406664
ZAF,ZAF2012HSRC,sexnonregplus,ZAF_2_DC25,Amajuba DM,40,2012,Y035_039,0.4537921381902525
ZAF,ZAF2012HSRC,nosex12m,ZAF_2_DC25,Amajuba DM,40,2012,Y040_044,0.22336915828210177
ZAF,ZAF2012HSRC,sexcohab,ZAF_2_DC25,Amajuba DM,40,2012,Y040_044,0.42695850294957827
ZAF,ZAF2012HSRC,sexnonregplus,ZAF_2_DC25,Amajuba DM,40,2012,Y040_044,0.34967233876831993
ZAF,ZAF2012HSRC,nosex12m,ZAF_2_DC25,Amajuba DM,40,2012,Y045_049,0.2537346615272599
ZAF,ZAF2012HSRC,sexcohab,ZAF_2_DC25,Amajuba DM,40,2012,Y045_049,0.4590720789728576
ZAF,ZAF2012HSRC,sexnonregplus,ZAF_2_DC25,Amajuba DM,40,2012,Y045_049,0.28719325949988256
ZAF,ZAF2012HSRC,nosex12m,ZAF_2_DC26,Zululand DM,41,2012,Y015_019,0.7407003131145028
ZAF,ZAF2012HSRC,sexcohab,ZAF_2_DC26,Zululand DM,41,2012,Y015_019,0.00228555301027598
ZAF,ZAF2012HSRC,sexnonregplus,ZAF_2_DC26,Zululand DM,41,2012,Y015_019,0.25701413387522126
ZAF,ZAF2012HSRC,nosex12m,ZAF_2_DC26,Zululand DM,41,2012,Y020_024,0.3460768737890202
ZAF,ZAF2012HSRC,sexcohab,ZAF_2_DC26,Zululand DM,41,2012,Y020_024,0.02530462261585276
ZAF,ZAF2012HSRC,sexnonregplus,ZAF_2_DC26,Zululand DM,41,2012,Y020_024,0.628618503595127
ZAF,ZAF2012HSRC,nosex12m,ZAF_2_DC26,Zululand DM,41,2012,Y025_029,0.24506486650351733
ZAF,ZAF2012HSRC,sexcohab,ZAF_2_DC26,Zululand DM,41,2012,Y025_029,0.08729718022849284
ZAF,ZAF2012HSRC,sexnonregplus,ZAF_2_DC26,Zululand DM,41,2012,Y025_029,0.6676379532679898
ZAF,ZAF2012HSRC,nosex12m,ZAF_2_DC26,Zululand DM,41,2012,Y030_034,0.2169436978273645
ZAF,ZAF2012HSRC,sexcohab,ZAF_2_DC26,Zululand DM,41,2012,Y030_034,0.1875124712223213
ZAF,ZAF2012HSRC,sexnonregplus,ZAF_2_DC26,Zululand DM,41,2012,Y030_034,0.5955438309503143
ZAF,ZAF2012HSRC,nosex12m,ZAF_2_DC26,Zululand DM,41,2012,Y035_039,0.2086397877659952
ZAF,ZAF2012HSRC,sexcohab,ZAF_2_DC26,Zululand DM,41,2012,Y035_039,0.26780543798150797
ZAF,ZAF2012HSRC,sexnonregplus,ZAF_2_DC26,Zululand DM,41,2012,Y035_039,0.5235547742524969
ZAF,ZAF2012HSRC,nosex12m,ZAF_2_DC26,Zululand DM,41,2012,Y040_044,0.21610273484880757
ZAF,ZAF2012HSRC,sexcohab,ZAF_2_DC26,Zululand DM,41,2012,Y040_044,0.36647197604883935
ZAF,ZAF2012HSRC,sexnonregplus,ZAF_2_DC26,Zululand DM,41,2012,Y040_044,0.41742528910235305
ZAF,ZAF2012HSRC,nosex12m,ZAF_2_DC26,Zululand DM,41,2012,Y045_049,0.2499223394568292
ZAF,ZAF2012HSRC,sexcohab,ZAF_2_DC26,Zululand DM,41,2012,Y045_049,0.40118388526227966
ZAF,ZAF2012HSRC,sexnonregplus,ZAF_2_DC26,Zululand DM,41,2012,Y045_049,0.3488937752808911
ZAF,ZAF2012HSRC,nosex12m,ZAF_2_DC27,Umkhanyakude DM,42,2012,Y015_019,0.7380372009556598
ZAF,ZAF2012HSRC,sexcohab,ZAF_2_DC27,Umkhanyakude DM,42,2012,Y015_019,0.00344694081048825
ZAF,ZAF2012HSRC,sexnonregplus,ZAF_2_DC27,Umkhanyakude DM,42,2012,Y015_019,0.2585158582338519
ZAF,ZAF2012HSRC,nosex12m,ZAF_2_DC27,Umkhanyakude DM,42,2012,Y020_024,0.34025611792044813
ZAF,ZAF2012HSRC,sexcohab,ZAF_2_DC27,Umkhanyakude DM,42,2012,Y020_024,0.0374764793578683
ZAF,ZAF2012HSRC,sexnonregplus,ZAF_2_DC27,Umkhanyakude DM,42,2012,Y020_024,0.6222674027216836
ZAF,ZAF2012HSRC,nosex12m,ZAF_2_DC27,Umkhanyakude DM,42,2012,Y025_029,0.2338434267175945
ZAF,ZAF2012HSRC,sexcohab,ZAF_2_DC27,Umkhanyakude DM,42,2012,Y025_029,0.12524482770358053
ZAF,ZAF2012HSRC,sexnonregplus,ZAF_2_DC27,Umkhanyakude DM,42,2012,Y025_029,0.6409117455788249
ZAF,ZAF2012HSRC,nosex12m,ZAF_2_DC27,Umkhanyakude DM,42,2012,Y030_034,0.1977057546324655
ZAF,ZAF2012HSRC,sexcohab,ZAF_2_DC27,Umkhanyakude DM,42,2012,Y030_034,0.25622813211711765
ZAF,ZAF2012HSRC,sexnonregplus,ZAF_2_DC27,Umkhanyakude DM,42,2012,Y030_034,0.5460661132504169
ZAF,ZAF2012HSRC,nosex12m,ZAF_2_DC27,Umkhanyakude DM,42,2012,Y035_039,0.1836765317599031
ZAF,ZAF2012HSRC,sexcohab,ZAF_2_DC27,Umkhanyakude DM,42,2012,Y035_039,0.3527567316701378
ZAF,ZAF2012HSRC,sexnonregplus,ZAF_2_DC27,Umkhanyakude DM,42,2012,Y035_039,0.4635667365699591
ZAF,ZAF2012HSRC,nosex12m,ZAF_2_DC27,Umkhanyakude DM,42,2012,Y040_044,0.18254556947853243
ZAF,ZAF2012HSRC,sexcohab,ZAF_2_DC27,Umkhanyakude DM,42,2012,Y040_044,0.46269869574482125
ZAF,ZAF2012HSRC,sexnonregplus,ZAF_2_DC27,Umkhanyakude DM,42,2012,Y040_044,0.3547557347766463
ZAF,ZAF2012HSRC,nosex12m,ZAF_2_DC27,Umkhanyakude DM,42,2012,Y045_049,0.2083289476016409
ZAF,ZAF2012HSRC,sexcohab,ZAF_2_DC27,Umkhanyakude DM,42,2012,Y045_049,0.4992417707864179
ZAF,ZAF2012HSRC,sexnonregplus,ZAF_2_DC27,Umkhanyakude DM,42,2012,Y045_049,0.2924292816119412
ZAF,ZAF2012HSRC,nosex12m,ZAF_2_DC28,King Cetshwayo DM,43,2012,Y015_019,0.7485542535789124
ZAF,ZAF2012HSRC,sexcohab,ZAF_2_DC28,King Cetshwayo DM,43,2012,Y015_019,0.00227155290761665
ZAF,ZAF2012HSRC,sexnonregplus,ZAF_2_DC28,King Cetshwayo DM,43,2012,Y015_019,0.24917419351347103
ZAF,ZAF2012HSRC,nosex12m,ZAF_2_DC28,King Cetshwayo DM,43,2012,Y020_024,0.35483474470080645
ZAF,ZAF2012HSRC,sexcohab,ZAF_2_DC28,King Cetshwayo DM,43,2012,Y020_024,0.02554063995474916
ZAF,ZAF2012HSRC,sexnonregplus,ZAF_2_DC28,King Cetshwayo DM,43,2012,Y020_024,0.6196246153444444
ZAF,ZAF2012HSRC,nosex12m,ZAF_2_DC28,King Cetshwayo DM,43,2012,Y025_029,0.2518828800500804
ZAF,ZAF2012HSRC,sexcohab,ZAF_2_DC28,King Cetshwayo DM,43,2012,Y025_029,0.08830377690386784
ZAF,ZAF2012HSRC,sexnonregplus,ZAF_2_DC28,King Cetshwayo DM,43,2012,Y025_029,0.6598133430460518
ZAF,ZAF2012HSRC,nosex12m,ZAF_2_DC28,King Cetshwayo DM,43,2012,Y030_034,0.22267965473898188
ZAF,ZAF2012HSRC,sexcohab,ZAF_2_DC28,King Cetshwayo DM,43,2012,Y030_034,0.1895074731749632
ZAF,ZAF2012HSRC,sexnonregplus,ZAF_2_DC28,King Cetshwayo DM,43,2012,Y030_034,0.5878128720860549
ZAF,ZAF2012HSRC,nosex12m,ZAF_2_DC28,King Cetshwayo DM,43,2012,Y035_039,0.21385665154597336
ZAF,ZAF2012HSRC,sexcohab,ZAF_2_DC28,King Cetshwayo DM,43,2012,Y035_039,0.2703594266682204
ZAF,ZAF2012HSRC,sexnonregplus,ZAF_2_DC28,King Cetshwayo DM,43,2012,Y035_039,0.5157839217858062
ZAF,ZAF2012HSRC,nosex12m,ZAF_2_DC28,King Cetshwayo DM,43,2012,Y040_044,0.22086017544126865
ZAF,ZAF2012HSRC,sexcohab,ZAF_2_DC28,King Cetshwayo DM,43,2012,Y040_044,0.3691205590667408
ZAF,ZAF2012HSRC,sexnonregplus,ZAF_2_DC28,King Cetshwayo DM,43,2012,Y040_044,0.4100192654919906
ZAF,ZAF2012HSRC,nosex12m,ZAF_2_DC28,King Cetshwayo DM,43,2012,Y045_049,0.25497909454579853
ZAF,ZAF2012HSRC,sexcohab,ZAF_2_DC28,King Cetshwayo DM,43,2012,Y045_049,0.4032031722807231
ZAF,ZAF2012HSRC,sexnonregplus,ZAF_2_DC28,King Cetshwayo DM,43,2012,Y045_049,0.3418177331734783
ZAF,ZAF2012HSRC,nosex12m,ZAF_2_DC29,iLembe DM,44,2012,Y015_019,0.7564615114141207
ZAF,ZAF2012HSRC,sexcohab,ZAF_2_DC29,iLembe DM,44,2012,Y015_019,0.00279271312643823
ZAF,ZAF2012HSRC,sexnonregplus,ZAF_2_DC29,iLembe DM,44,2012,Y015_019,0.24074577545944112
ZAF,ZAF2012HSRC,nosex12m,ZAF_2_DC29,iLembe DM,44,2012,Y020_024,0.3636153590899848
ZAF,ZAF2012HSRC,sexcohab,ZAF_2_DC29,iLembe DM,44,2012,Y020_024,0.03168342054513619
ZAF,ZAF2012HSRC,sexnonregplus,ZAF_2_DC29,iLembe DM,44,2012,Y020_024,0.6047012203648789
ZAF,ZAF2012HSRC,nosex12m,ZAF_2_DC29,iLembe DM,44,2012,Y025_029,0.2553116700951126
ZAF,ZAF2012HSRC,sexcohab,ZAF_2_DC29,iLembe DM,44,2012,Y025_029,0.10821562913129248
ZAF,ZAF2012HSRC,sexnonregplus,ZAF_2_DC29,iLembe DM,44,2012,Y025_029,0.636472700773595
ZAF,ZAF2012HSRC,nosex12m,ZAF_2_DC29,iLembe DM,44,2012,Y030_034,0.22029177652768056
ZAF,ZAF2012HSRC,sexcohab,ZAF_2_DC29,iLembe DM,44,2012,Y030_034,0.22635143716444783
ZAF,ZAF2012HSRC,sexnonregplus,ZAF_2_DC29,iLembe DM,44,2012,Y030_034,0.5533567863078716
ZAF,ZAF2012HSRC,nosex12m,ZAF_2_DC29,iLembe DM,44,2012,Y035_039,0.2073490298601518
ZAF,ZAF2012HSRC,sexcohab,ZAF_2_DC29,iLembe DM,44,2012,Y035_039,0.31635681020634737
ZAF,ZAF2012HSRC,sexnonregplus,ZAF_2_DC29,iLembe DM,44,2012,Y035_039,0.4762941599335008
ZAF,ZAF2012HSRC,nosex12m,ZAF_2_DC29,iLembe DM,44,2012,Y040_044,0.20907522949071425
ZAF,ZAF2012HSRC,sexcohab,ZAF_2_DC29,iLembe DM,44,2012,Y040_044,0.4212865757517629
ZAF,ZAF2012HSRC,sexnonregplus,ZAF_2_DC29,iLembe DM,44,2012,Y040_044,0.36963819475752285
ZAF,ZAF2012HSRC,nosex12m,ZAF_2_DC29,iLembe DM,44,2012,Y045_049,0.23896619330526137
ZAF,ZAF2012HSRC,sexcohab,ZAF_2_DC29,iLembe DM,44,2012,Y045_049,0.4557099915426345
ZAF,ZAF2012HSRC,sexnonregplus,ZAF_2_DC29,iLembe DM,44,2012,Y045_049,0.3053238151521042
ZAF,ZAF2012HSRC,nosex12m,ZAF_2_DC43,Harry Gwala DM,45,2012,Y015_019,0.6398778571714894
ZAF,ZAF2012HSRC,sexcohab,ZAF_2_DC43,Harry Gwala DM,45,2012,Y015_019,0.00345392821537801
ZAF,ZAF2012HSRC,sexnonregplus,ZAF_2_DC43,Harry Gwala DM,45,2012,Y015_019,0.3566682146131326
ZAF,ZAF2012HSRC,nosex12m,ZAF_2_DC43,Harry Gwala DM,45,2012,Y020_024,0.24749127641367832
ZAF,ZAF2012HSRC,sexcohab,ZAF_2_DC43,Harry Gwala DM,45,2012,Y020_024,0.03158190585123797
ZAF,ZAF2012HSRC,sexnonregplus,ZAF_2_DC43,Harry Gwala DM,45,2012,Y020_024,0.7209268177350837
ZAF,ZAF2012HSRC,nosex12m,ZAF_2_DC43,Harry Gwala DM,45,2012,Y025_029,0.16697043237139772
ZAF,ZAF2012HSRC,sexcohab,ZAF_2_DC43,Harry Gwala DM,45,2012,Y025_029,0.10363615069909954
ZAF,ZAF2012HSRC,sexnonregplus,ZAF_2_DC43,Harry Gwala DM,45,2012,Y025_029,0.7293934169295028
ZAF,ZAF2012HSRC,nosex12m,ZAF_2_DC43,Harry Gwala DM,45,2012,Y030_034,0.14472006069193985
ZAF,ZAF2012HSRC,sexcohab,ZAF_2_DC43,Harry Gwala DM,45,2012,Y030_034,0.217918931151162
ZAF,ZAF2012HSRC,sexnonregplus,ZAF_2_DC43,Harry Gwala DM,45,2012,Y030_034,0.6373610081568982
ZAF,ZAF2012HSRC,nosex12m,ZAF_2_DC43,Harry Gwala DM,45,2012,Y035_039,0.13777662051005585
ZAF,ZAF2012HSRC,sexcohab,ZAF_2_DC43,Harry Gwala DM,45,2012,Y035_039,0.30780211773828847
ZAF,ZAF2012HSRC,sexnonregplus,ZAF_2_DC43,Harry Gwala DM,45,2012,Y035_039,0.5544212617516556
ZAF,ZAF2012HSRC,nosex12m,ZAF_2_DC43,Harry Gwala DM,45,2012,Y040_044,0.14185581893455618
ZAF,ZAF2012HSRC,sexcohab,ZAF_2_DC43,Harry Gwala DM,45,2012,Y040_044,0.4186485315229402
ZAF,ZAF2012HSRC,sexnonregplus,ZAF_2_DC43,Harry Gwala DM,45,2012,Y040_044,0.4394956495425037
ZAF,ZAF2012HSRC,nosex12m,ZAF_2_DC43,Harry Gwala DM,45,2012,Y045_049,0.1658433922838791
ZAF,ZAF2012HSRC,sexcohab,ZAF_2_DC43,Harry Gwala DM,45,2012,Y045_049,0.46296028199879075
ZAF,ZAF2012HSRC,sexnonregplus,ZAF_2_DC43,Harry Gwala DM,45,2012,Y045_049,0.37119632571733013
ZAF,ZAF2012HSRC,nosex12m,ZAF_2_DC30,G Sibande DM,46,2012,Y015_019,0.7505890757618995
ZAF,ZAF2012HSRC,sexcohab,ZAF_2_DC30,G Sibande DM,46,2012,Y015_019,0.00421121703787145
ZAF,ZAF2012HSRC,sexnonregplus,ZAF_2_DC30,G Sibande DM,46,2012,Y015_019,0.24519970720022904
ZAF,ZAF2012HSRC,nosex12m,ZAF_2_DC30,G Sibande DM,46,2012,Y020_024,0.3511241396913153
ZAF,ZAF2012HSRC,sexcohab,ZAF_2_DC30,G Sibande DM,46,2012,Y020_024,0.04670911690022064
ZAF,ZAF2012HSRC,sexnonregplus,ZAF_2_DC30,G Sibande DM,46,2012,Y020_024,0.6021667434084641
ZAF,ZAF2012HSRC,nosex12m,ZAF_2_DC30,G Sibande DM,46,2012,Y025_029,0.2368444183944934
ZAF,ZAF2012HSRC,sexcohab,ZAF_2_DC30,G Sibande DM,46,2012,Y025_029,0.1535896434012531
ZAF,ZAF2012HSRC,sexnonregplus,ZAF_2_DC30,G Sibande DM,46,2012,Y025_029,0.6095659382042535
ZAF,ZAF2012HSRC,nosex12m,ZAF_2_DC30,G Sibande DM,46,2012,Y030_034,0.1935118476983661
ZAF,ZAF2012HSRC,sexcohab,ZAF_2_DC30,G Sibande DM,46,2012,Y030_034,0.3046813546261172
ZAF,ZAF2012HSRC,sexnonregplus,ZAF_2_DC30,G Sibande DM,46,2012,Y030_034,0.5018067976755167
ZAF,ZAF2012HSRC,nosex12m,ZAF_2_DC30,G Sibande DM,46,2012,Y035_039,0.17517054675328328
ZAF,ZAF2012HSRC,sexcohab,ZAF_2_DC30,G Sibande DM,46,2012,Y035_039,0.40972846770329513
ZAF,ZAF2012HSRC,sexnonregplus,ZAF_2_DC30,G Sibande DM,46,2012,Y035_039,0.4151009855434216
ZAF,ZAF2012HSRC,nosex12m,ZAF_2_DC30,G Sibande DM,46,2012,Y040_044,0.16899048383966267
ZAF,ZAF2012HSRC,sexcohab,ZAF_2_DC30,G Sibande DM,46,2012,Y040_044,0.5229183718663096
ZAF,ZAF2012HSRC,sexnonregplus,ZAF_2_DC30,G Sibande DM,46,2012,Y040_044,0.3080911442940277
ZAF,ZAF2012HSRC,nosex12m,ZAF_2_DC30,G Sibande DM,46,2012,Y045_049,0.19066272404674808
ZAF,ZAF2012HSRC,sexcohab,ZAF_2_DC30,G Sibande DM,46,2012,Y045_049,0.5583487271685744
ZAF,ZAF2012HSRC,sexnonregplus,ZAF_2_DC30,G Sibande DM,46,2012,Y045_049,0.2509885487846776
ZAF,ZAF2012HSRC,nosex12m,ZAF_2_DC31,Nkangala DM,47,2012,Y015_019,0.7068320230621158
ZAF,ZAF2012HSRC,sexcohab,ZAF_2_DC31,Nkangala DM,47,2012,Y015_019,0.00337304324815231
ZAF,ZAF2012HSRC,sexnonregplus,ZAF_2_DC31,Nkangala DM,47,2012,Y015_019,0.28979493368973186
ZAF,ZAF2012HSRC,nosex12m,ZAF_2_DC31,Nkangala DM,47,2012,Y020_024,0.3063475617156019
ZAF,ZAF2012HSRC,sexcohab,ZAF_2_DC31,Nkangala DM,47,2012,Y020_024,0.03462917155414902
ZAF,ZAF2012HSRC,sexnonregplus,ZAF_2_DC31,Nkangala DM,47,2012,Y020_024,0.6590232667302491
ZAF,ZAF2012HSRC,nosex12m,ZAF_2_DC31,Nkangala DM,47,2012,Y025_029,0.20926309094569864
ZAF,ZAF2012HSRC,sexcohab,ZAF_2_DC31,Nkangala DM,47,2012,Y025_029,0.11524210050528752
ZAF,ZAF2012HSRC,sexnonregplus,ZAF_2_DC31,Nkangala DM,47,2012,Y025_029,0.6754948085490139
ZAF,ZAF2012HSRC,nosex12m,ZAF_2_DC31,Nkangala DM,47,2012,Y030_034,0.17893216996378422
ZAF,ZAF2012HSRC,sexcohab,ZAF_2_DC31,Nkangala DM,47,2012,Y030_034,0.23925379620389975
ZAF,ZAF2012HSRC,sexnonregplus,ZAF_2_DC31,Nkangala DM,47,2012,Y030_034,0.581814033832316
ZAF,ZAF2012HSRC,nosex12m,ZAF_2_DC31,Nkangala DM,47,2012,Y035_039,0.1678218513689243
ZAF,ZAF2012HSRC,sexcohab,ZAF_2_DC31,Nkangala DM,47,2012,Y035_039,0.3333955418677832
ZAF,ZAF2012HSRC,sexnonregplus,ZAF_2_DC31,Nkangala DM,47,2012,Y035_039,0.4987826067632925
ZAF,ZAF2012HSRC,nosex12m,ZAF_2_DC31,Nkangala DM,47,2012,Y040_044,0.1690765874867525
ZAF,ZAF2012HSRC,sexcohab,ZAF_2_DC31,Nkangala DM,47,2012,Y040_044,0.444259481779309
ZAF,ZAF2012HSRC,sexnonregplus,ZAF_2_DC31,Nkangala DM,47,2012,Y040_044,0.3866639307339385
ZAF,ZAF2012HSRC,nosex12m,ZAF_2_DC31,Nkangala DM,47,2012,Y045_049,0.1946554981879075
ZAF,ZAF2012HSRC,sexcohab,ZAF_2_DC31,Nkangala DM,47,2012,Y045_049,0.4839079670560338
ZAF,ZAF2012HSRC,sexnonregplus,ZAF_2_DC31,Nkangala DM,47,2012,Y045_049,0.32143653475605877
ZAF,ZAF2012HSRC,nosex12m,ZAF_2_DC32,Ehlanzeni DM,48,2012,Y015_019,0.7485106101597048
ZAF,ZAF2012HSRC,sexcohab,ZAF_2_DC32,Ehlanzeni DM,48,2012,Y015_019,0.0053072019018202
ZAF,ZAF2012HSRC,sexnonregplus,ZAF_2_DC32,Ehlanzeni DM,48,2012,Y015_019,0.246182187938475
ZAF,ZAF2012HSRC,nosex12m,ZAF_2_DC32,Ehlanzeni DM,48,2012,Y020_024,0.3454167795183384
ZAF,ZAF2012HSRC,sexcohab,ZAF_2_DC32,Ehlanzeni DM,48,2012,Y020_024,0.05814628849460977
ZAF,ZAF2012HSRC,sexnonregplus,ZAF_2_DC32,Ehlanzeni DM,48,2012,Y020_024,0.5964369319870518
ZAF,ZAF2012HSRC,nosex12m,ZAF_2_DC32,Ehlanzeni DM,48,2012,Y025_029,0.22667274723158787
ZAF,ZAF2012HSRC,sexcohab,ZAF_2_DC32,Ehlanzeni DM,48,2012,Y025_029,0.18600170043749137
ZAF,ZAF2012HSRC,sexnonregplus,ZAF_2_DC32,Ehlanzeni DM,48,2012,Y025_029,0.5873255523309208
ZAF,ZAF2012HSRC,nosex12m,ZAF_2_DC32,Ehlanzeni DM,48,2012,Y030_034,0.1784358794427885
ZAF,ZAF2012HSRC,sexcohab,ZAF_2_DC32,Ehlanzeni DM,48,2012,Y030_034,0.35566348128379643
ZAF,ZAF2012HSRC,sexnonregplus,ZAF_2_DC32,Ehlanzeni DM,48,2012,Y030_034,0.4659006392734151
ZAF,ZAF2012HSRC,nosex12m,ZAF_2_DC32,Ehlanzeni DM,48,2012,Y035_039,0.15759229963443605
ZAF,ZAF2012HSRC,sexcohab,ZAF_2_DC32,Ehlanzeni DM,48,2012,Y035_039,0.46650498986174394
ZAF,ZAF2012HSRC,sexnonregplus,ZAF_2_DC32,Ehlanzeni DM,48,2012,Y035_039,0.37590271050382
ZAF,ZAF2012HSRC,nosex12m,ZAF_2_DC32,Ehlanzeni DM,48,2012,Y040_044,0.14809020294132164
ZAF,ZAF2012HSRC,sexcohab,ZAF_2_DC32,Ehlanzeni DM,48,2012,Y040_044,0.5800731219234136
ZAF,ZAF2012HSRC,sexnonregplus,ZAF_2_DC32,Ehlanzeni DM,48,2012,Y040_044,0.27183667513526477
ZAF,ZAF2012HSRC,nosex12m,ZAF_2_DC32,Ehlanzeni DM,48,2012,Y045_049,0.16577745077305597
ZAF,ZAF2012HSRC,sexcohab,ZAF_2_DC32,Ehlanzeni DM,48,2012,Y045_049,0.6144709461044339
ZAF,ZAF2012HSRC,sexnonregplus,ZAF_2_DC32,Ehlanzeni DM,48,2012,Y045_049,0.2197516031225102
ZAF,ZAF2012HSRC,nosex12m,ZAF_2_DC33,Mopani DM,49,2012,Y015_019,0.6810887147251474
ZAF,ZAF2012HSRC,sexcohab,ZAF_2_DC33,Mopani DM,49,2012,Y015_019,0.00599502393479062
ZAF,ZAF2012HSRC,sexnonregplus,ZAF_2_DC33,Mopani DM,49,2012,Y015_019,0.312916261340062
ZAF,ZAF2012HSRC,nosex12m,ZAF_2_DC33,Mopani DM,49,2012,Y020_024,0.2770788668535606
ZAF,ZAF2012HSRC,sexcohab,ZAF_2_DC33,Mopani DM,49,2012,Y020_024,0.05755870311802653
ZAF,ZAF2012HSRC,sexnonregplus,ZAF_2_DC33,Mopani DM,49,2012,Y020_024,0.6653624300284129
ZAF,ZAF2012HSRC,nosex12m,ZAF_2_DC33,Mopani DM,49,2012,Y025_029,0.17823476716157868
ZAF,ZAF2012HSRC,sexcohab,ZAF_2_DC33,Mopani DM,49,2012,Y025_029,0.1799836935365096
ZAF,ZAF2012HSRC,sexnonregplus,ZAF_2_DC33,Mopani DM,49,2012,Y025_029,0.6417815393019117
ZAF,ZAF2012HSRC,nosex12m,ZAF_2_DC33,Mopani DM,49,2012,Y030_034,0.14135926824788356
ZAF,ZAF2012HSRC,sexcohab,ZAF_2_DC33,Mopani DM,49,2012,Y030_034,0.3458321644400642
ZAF,ZAF2012HSRC,sexnonregplus,ZAF_2_DC33,Mopani DM,49,2012,Y030_034,0.5128085673120523
ZAF,ZAF2012HSRC,nosex12m,ZAF_2_DC33,Mopani DM,49,2012,Y035_039,0.12584167877966146
ZAF,ZAF2012HSRC,sexcohab,ZAF_2_DC33,Mopani DM,49,2012,Y035_039,0.4567384891168876
ZAF,ZAF2012HSRC,sexnonregplus,ZAF_2_DC33,Mopani DM,49,2012,Y035_039,0.41741983210345096
ZAF,ZAF2012HSRC,nosex12m,ZAF_2_DC33,Mopani DM,49,2012,Y040_044,0.1198168211929853
ZAF,ZAF2012HSRC,sexcohab,ZAF_2_DC33,Mopani DM,49,2012,Y040_044,0.5743253203491995
ZAF,ZAF2012HSRC,sexnonregplus,ZAF_2_DC33,Mopani DM,49,2012,Y040_044,0.30585785845781527
ZAF,ZAF2012HSRC,nosex12m,ZAF_2_DC33,Mopani DM,49,2012,Y045_049,0.1355539386377644
ZAF,ZAF2012HSRC,sexcohab,ZAF_2_DC33,Mopani DM,49,2012,Y045_049,0.6145511477076356
ZAF,ZAF2012HSRC,sexnonregplus,ZAF_2_DC33,Mopani DM,49,2012,Y045_049,0.2498949136546
ZAF,ZAF2012HSRC,nosex12m,ZAF_2_DC34,Vhembe DM,50,2012,Y015_019,0.7038358862850801
ZAF,ZAF2012HSRC,sexcohab,ZAF_2_DC34,Vhembe DM,50,2012,Y015_019,0.00617621613410256
ZAF,ZAF2012HSRC,sexnonregplus,ZAF_2_DC34,Vhembe DM,50,2012,Y015_019,0.2899878975808174
ZAF,ZAF2012HSRC,nosex12m,ZAF_2_DC34,Vhembe DM,50,2012,Y020_024,0.29799338543961135
ZAF,ZAF2012HSRC,sexcohab,ZAF_2_DC34,Vhembe DM,50,2012,Y020_024,0.0617680391713886
ZAF,ZAF2012HSRC,sexnonregplus,ZAF_2_DC34,Vhembe DM,50,2012,Y020_024,0.6402385753890001
ZAF,ZAF2012HSRC,nosex12m,ZAF_2_DC34,Vhembe DM,50,2012,Y025_029,0.1913014933933635
ZAF,ZAF2012HSRC,sexcohab,ZAF_2_DC34,Vhembe DM,50,2012,Y025_029,0.19244361281602815
ZAF,ZAF2012HSRC,sexnonregplus,ZAF_2_DC34,Vhembe DM,50,2012,Y025_029,0.6162548937906084
ZAF,ZAF2012HSRC,nosex12m,ZAF_2_DC34,Vhembe DM,50,2012,Y030_034,0.14964230486619065
ZAF,ZAF2012HSRC,sexcohab,ZAF_2_DC34,Vhembe DM,50,2012,Y030_034,0.3642965594171076
ZAF,ZAF2012HSRC,sexnonregplus,ZAF_2_DC34,Vhembe DM,50,2012,Y030_034,0.4860611357167018
ZAF,ZAF2012HSRC,nosex12m,ZAF_2_DC34,Vhembe DM,50,2012,Y035_039,0.13205371196969432
ZAF,ZAF2012HSRC,sexcohab,ZAF_2_DC34,Vhembe DM,50,2012,Y035_039,0.47615284541315334
ZAF,ZAF2012HSRC,sexnonregplus,ZAF_2_DC34,Vhembe DM,50,2012,Y035_039,0.3917934426171523
ZAF,ZAF2012HSRC,nosex12m,ZAF_2_DC34,Vhembe DM,50,2012,Y040_044,0.1242914549028749
ZAF,ZAF2012HSRC,sexcohab,ZAF_2_DC34,Vhembe DM,50,2012,Y040_044,0.5917125809199623
ZAF,ZAF2012HSRC,sexnonregplus,ZAF_2_DC34,Vhembe DM,50,2012,Y040_044,0.28399596417716283
ZAF,ZAF2012HSRC,nosex12m,ZAF_2_DC34,Vhembe DM,50,2012,Y045_049,0.13982394966531067
ZAF,ZAF2012HSRC,sexcohab,ZAF_2_DC34,Vhembe DM,50,2012,Y045_049,0.6294090410862552
ZAF,ZAF2012HSRC,sexnonregplus,ZAF_2_DC34,Vhembe DM,50,2012,Y045_049,0.23076700924843413
ZAF,ZAF2012HSRC,nosex12m,ZAF_2_DC35,Capricorn DM,51,2012,Y015_019,0.6891254815006941
ZAF,ZAF2012HSRC,sexcohab,ZAF_2_DC35,Capricorn DM,51,2012,Y015_019,0.00418429237166022
ZAF,ZAF2012HSRC,sexnonregplus,ZAF_2_DC35,Capricorn DM,51,2012,Y015_019,0.3066902261276456
ZAF,ZAF2012HSRC,nosex12m,ZAF_2_DC35,Capricorn DM,51,2012,Y020_024,0.2881346721561374
ZAF,ZAF2012HSRC,sexcohab,ZAF_2_DC35,Capricorn DM,51,2012,Y020_024,0.04123218742388293
ZAF,ZAF2012HSRC,sexnonregplus,ZAF_2_DC35,Capricorn DM,51,2012,Y020_024,0.6706331404199797
ZAF,ZAF2012HSRC,nosex12m,ZAF_2_DC35,Capricorn DM,51,2012,Y025_029,0.192758949376097
ZAF,ZAF2012HSRC,sexcohab,ZAF_2_DC35,Capricorn DM,51,2012,Y025_029,0.13433600253237862
ZAF,ZAF2012HSRC,sexnonregplus,ZAF_2_DC35,Capricorn DM,51,2012,Y025_029,0.6729050480915244
ZAF,ZAF2012HSRC,nosex12m,ZAF_2_DC35,Capricorn DM,51,2012,Y030_034,0.1611592189470701
ZAF,ZAF2012HSRC,sexcohab,ZAF_2_DC35,Capricorn DM,51,2012,Y030_034,0.2719526843183368
ZAF,ZAF2012HSRC,sexnonregplus,ZAF_2_DC35,Capricorn DM,51,2012,Y030_034,0.5668880967345931
ZAF,ZAF2012HSRC,nosex12m,ZAF_2_DC35,Capricorn DM,51,2012,Y035_039,0.14877876309616067
ZAF,ZAF2012HSRC,sexcohab,ZAF_2_DC35,Capricorn DM,51,2012,Y035_039,0.3725399047760208
ZAF,ZAF2012HSRC,sexnonregplus,ZAF_2_DC35,Capricorn DM,51,2012,Y035_039,0.4786813321278185
ZAF,ZAF2012HSRC,nosex12m,ZAF_2_DC35,Capricorn DM,51,2012,Y040_044,0.14749503128602787
ZAF,ZAF2012HSRC,sexcohab,ZAF_2_DC35,Capricorn DM,51,2012,Y040_044,0.48736951407341167
ZAF,ZAF2012HSRC,sexnonregplus,ZAF_2_DC35,Capricorn DM,51,2012,Y040_044,0.36513545464056046
ZAF,ZAF2012HSRC,nosex12m,ZAF_2_DC35,Capricorn DM,51,2012,Y045_049,0.1691125544969087
ZAF,ZAF2012HSRC,sexcohab,ZAF_2_DC35,Capricorn DM,51,2012,Y045_049,0.5284601088054534
ZAF,ZAF2012HSRC,sexnonregplus,ZAF_2_DC35,Capricorn DM,51,2012,Y045_049,0.30242733669763794
ZAF,ZAF2012HSRC,nosex12m,ZAF_2_DC36,Waterberg DM,52,2012,Y015_019,0.7221896018090489
ZAF,ZAF2012HSRC,sexcohab,ZAF_2_DC36,Waterberg DM,52,2012,Y015_019,0.00382958334787284
ZAF,ZAF2012HSRC,sexnonregplus,ZAF_2_DC36,Waterberg DM,52,2012,Y015_019,0.2739808148430783
ZAF,ZAF2012HSRC,nosex12m,ZAF_2_DC36,Waterberg DM,52,2012,Y020_024,0.3215022796927995
ZAF,ZAF2012HSRC,sexcohab,ZAF_2_DC36,Waterberg DM,52,2012,Y020_024,0.0403437362901559
ZAF,ZAF2012HSRC,sexnonregplus,ZAF_2_DC36,Waterberg DM,52,2012,Y020_024,0.6381539840170446
ZAF,ZAF2012HSRC,nosex12m,ZAF_2_DC36,Waterberg DM,52,2012,Y025_029,0.2179602990269413
ZAF,ZAF2012HSRC,sexcohab,ZAF_2_DC36,Waterberg DM,52,2012,Y025_029,0.13324274601144911
ZAF,ZAF2012HSRC,sexnonregplus,ZAF_2_DC36,Waterberg DM,52,2012,Y025_029,0.6487969549616095
ZAF,ZAF2012HSRC,nosex12m,ZAF_2_DC36,Waterberg DM,52,2012,Y030_034,0.1823619523002709
ZAF,ZAF2012HSRC,sexcohab,ZAF_2_DC36,Waterberg DM,52,2012,Y030_034,0.2705378743630465
ZAF,ZAF2012HSRC,sexnonregplus,ZAF_2_DC36,Waterberg DM,52,2012,Y030_034,0.5471001733366826
ZAF,ZAF2012HSRC,nosex12m,ZAF_2_DC36,Waterberg DM,52,2012,Y035_039,0.16820971026734838
ZAF,ZAF2012HSRC,sexcohab,ZAF_2_DC36,Waterberg DM,52,2012,Y035_039,0.3705266949117102
ZAF,ZAF2012HSRC,sexnonregplus,ZAF_2_DC36,Waterberg DM,52,2012,Y035_039,0.4612635948209414
ZAF,ZAF2012HSRC,nosex12m,ZAF_2_DC36,Waterberg DM,52,2012,Y040_044,0.16599173762043318
ZAF,ZAF2012HSRC,sexcohab,ZAF_2_DC36,Waterberg DM,52,2012,Y040_044,0.48353233160290454
ZAF,ZAF2012HSRC,sexnonregplus,ZAF_2_DC36,Waterberg DM,52,2012,Y040_044,0.3504759307766623
ZAF,ZAF2012HSRC,nosex12m,ZAF_2_DC36,Waterberg DM,52,2012,Y045_049,0.1893796144959241
ZAF,ZAF2012HSRC,sexcohab,ZAF_2_DC36,Waterberg DM,52,2012,Y045_049,0.521886936988736
ZAF,ZAF2012HSRC,sexnonregplus,ZAF_2_DC36,Waterberg DM,52,2012,Y045_049,0.28873344851533994
ZAF,ZAF2012HSRC,nosex12m,ZAF_2_DC47,Sekhukhune DM,53,2012,Y015_019,0.7310513720600231
ZAF,ZAF2012HSRC,sexcohab,ZAF_2_DC47,Sekhukhune DM,53,2012,Y015_019,0.00389624934887596
ZAF,ZAF2012HSRC,sexnonregplus,ZAF_2_DC47,Sekhukhune DM,53,2012,Y015_019,0.2650523785911009
ZAF,ZAF2012HSRC,nosex12m,ZAF_2_DC47,Sekhukhune DM,53,2012,Y020_024,0.3305117852825776
ZAF,ZAF2012HSRC,sexcohab,ZAF_2_DC47,Sekhukhune DM,53,2012,Y020_024,0.0417285161116114
ZAF,ZAF2012HSRC,sexnonregplus,ZAF_2_DC47,Sekhukhune DM,53,2012,Y020_024,0.627759698605811
ZAF,ZAF2012HSRC,nosex12m,ZAF_2_DC47,Sekhukhune DM,53,2012,Y025_029,0.2240581634155847
ZAF,ZAF2012HSRC,sexcohab,ZAF_2_DC47,Sekhukhune DM,53,2012,Y025_029,0.13771033472110217
ZAF,ZAF2012HSRC,sexnonregplus,ZAF_2_DC47,Sekhukhune DM,53,2012,Y025_029,0.6382315018633131
ZAF,ZAF2012HSRC,nosex12m,ZAF_2_DC47,Sekhukhune DM,53,2012,Y030_034,0.1864885548329924
ZAF,ZAF2012HSRC,sexcohab,ZAF_2_DC47,Sekhukhune DM,53,2012,Y030_034,0.2781014258094866
ZAF,ZAF2012HSRC,sexnonregplus,ZAF_2_DC47,Sekhukhune DM,53,2012,Y030_034,0.535410019357521
ZAF,ZAF2012HSRC,nosex12m,ZAF_2_DC47,Sekhukhune DM,53,2012,Y035_039,0.1713447557147807
ZAF,ZAF2012HSRC,sexcohab,ZAF_2_DC47,Sekhukhune DM,53,2012,Y035_039,0.37911699872789856
ZAF,ZAF2012HSRC,sexnonregplus,ZAF_2_DC47,Sekhukhune DM,53,2012,Y035_039,0.4495382455573207
ZAF,ZAF2012HSRC,nosex12m,ZAF_2_DC47,Sekhukhune DM,53,2012,Y040_044,0.16823680895956428
ZAF,ZAF2012HSRC,sexcohab,ZAF_2_DC47,Sekhukhune DM,53,2012,Y040_044,0.4919283709770549
ZAF,ZAF2012HSRC,sexnonregplus,ZAF_2_DC47,Sekhukhune DM,53,2012,Y040_044,0.33983482006338084
ZAF,ZAF2012HSRC,nosex12m,ZAF_2_DC47,Sekhukhune DM,53,2012,Y045_049,0.19141630256172484
ZAF,ZAF2012HSRC,sexcohab,ZAF_2_DC47,Sekhukhune DM,53,2012,Y045_049,0.5293835444048017
ZAF,ZAF2012HSRC,sexnonregplus,ZAF_2_DC47,Sekhukhune DM,53,2012,Y045_049,0.2792001530334734
ZAF,ZAF2012HSRC,nosex12m,ZAF_2_DC37,Bojanala Platinum DM,54,2012,Y015_019,0.7275866206543148
ZAF,ZAF2012HSRC,sexcohab,ZAF_2_DC37,Bojanala Platinum DM,54,2012,Y015_019,0.00429259412593272
ZAF,ZAF2012HSRC,sexnonregplus,ZAF_2_DC37,Bojanala Platinum DM,54,2012,Y015_019,0.2681207852197525
ZAF,ZAF2012HSRC,nosex12m,ZAF_2_DC37,Bojanala Platinum DM,54,2012,Y020_024,0.3253995103999439
ZAF,ZAF2012HSRC,sexcohab,ZAF_2_DC37,Bojanala Platinum DM,54,2012,Y020_024,0.04549923870929701
ZAF,ZAF2012HSRC,sexnonregplus,ZAF_2_DC37,Bojanala Platinum DM,54,2012,Y020_024,0.6291012508907591
ZAF,ZAF2012HSRC,nosex12m,ZAF_2_DC37,Bojanala Platinum DM,54,2012,Y025_029,0.2182383383445985
ZAF,ZAF2012HSRC,sexcohab,ZAF_2_DC37,Bojanala Platinum DM,54,2012,Y025_029,0.14867564547546602
ZAF,ZAF2012HSRC,sexnonregplus,ZAF_2_DC37,Bojanala Platinum DM,54,2012,Y025_029,0.6330860161799355
ZAF,ZAF2012HSRC,nosex12m,ZAF_2_DC37,Bojanala Platinum DM,54,2012,Y030_034,0.17927435842666067
ZAF,ZAF2012HSRC,sexcohab,ZAF_2_DC37,Bojanala Platinum DM,54,2012,Y030_034,0.2966398348334283
ZAF,ZAF2012HSRC,sexnonregplus,ZAF_2_DC37,Bojanala Platinum DM,54,2012,Y030_034,0.524085806739911
ZAF,ZAF2012HSRC,nosex12m,ZAF_2_DC37,Bojanala Platinum DM,54,2012,Y035_039,0.1631881926525235
ZAF,ZAF2012HSRC,sexcohab,ZAF_2_DC37,Bojanala Platinum DM,54,2012,Y035_039,0.4010278393640748
ZAF,ZAF2012HSRC,sexnonregplus,ZAF_2_DC37,Bojanala Platinum DM,54,2012,Y035_039,0.4357839679834017
ZAF,ZAF2012HSRC,nosex12m,ZAF_2_DC37,Bojanala Platinum DM,54,2012,Y040_044,0.15852393638042686
ZAF,ZAF2012HSRC,sexcohab,ZAF_2_DC37,Bojanala Platinum DM,54,2012,Y040_044,0.5155672749804411
ZAF,ZAF2012HSRC,sexnonregplus,ZAF_2_DC37,Bojanala Platinum DM,54,2012,Y040_044,0.32590878863913203
ZAF,ZAF2012HSRC,nosex12m,ZAF_2_DC37,Bojanala Platinum DM,54,2012,Y045_049,0.17979829156012095
ZAF,ZAF2012HSRC,sexcohab,ZAF_2_DC37,Bojanala Platinum DM,54,2012,Y045_049,0.5533007303352213
ZAF,ZAF2012HSRC,sexnonregplus,ZAF_2_DC37,Bojanala Platinum DM,54,2012,Y045_049,0.2669009781046577
ZAF,ZAF2012HSRC,nosex12m,ZAF_2_DC38,Ngaka Modiri Molema DM,55,2012,Y015_019,0.674069225717694
ZAF,ZAF2012HSRC,sexcohab,ZAF_2_DC38,Ngaka Modiri Molema DM,55,2012,Y015_019,0.00452412552265307
ZAF,ZAF2012HSRC,sexnonregplus,ZAF_2_DC38,Ngaka Modiri Molema DM,55,2012,Y015_019,0.32140664875965286
ZAF,ZAF2012HSRC,nosex12m,ZAF_2_DC38,Ngaka Modiri Molema DM,55,2012,Y020_024,0.2734150408719809
ZAF,ZAF2012HSRC,sexcohab,ZAF_2_DC38,Ngaka Modiri Molema DM,55,2012,Y020_024,0.04349483718089306
ZAF,ZAF2012HSRC,sexnonregplus,ZAF_2_DC38,Ngaka Modiri Molema DM,55,2012,Y020_024,0.683090121947126
ZAF,ZAF2012HSRC,nosex12m,ZAF_2_DC38,Ngaka Modiri Molema DM,55,2012,Y025_029,0.18107289877279684
ZAF,ZAF2012HSRC,sexcohab,ZAF_2_DC38,Ngaka Modiri Molema DM,55,2012,Y025_029,0.1402839120571832
ZAF,ZAF2012HSRC,sexnonregplus,ZAF_2_DC38,Ngaka Modiri Molema DM,55,2012,Y025_029,0.67864318917002
ZAF,ZAF2012HSRC,nosex12m,ZAF_2_DC38,Ngaka Modiri Molema DM,55,2012,Y030_034,0.1501918624415055
ZAF,ZAF2012HSRC,sexcohab,ZAF_2_DC38,Ngaka Modiri Molema DM,55,2012,Y030_034,0.28247219685480895
ZAF,ZAF2012HSRC,sexnonregplus,ZAF_2_DC38,Ngaka Modiri Molema DM,55,2012,Y030_034,0.5673359407036855
ZAF,ZAF2012HSRC,nosex12m,ZAF_2_DC38,Ngaka Modiri Molema DM,55,2012,Y035_039,0.1380587619159715
ZAF,ZAF2012HSRC,sexcohab,ZAF_2_DC38,Ngaka Modiri Molema DM,55,2012,Y035_039,0.3854225918552442
ZAF,ZAF2012HSRC,sexnonregplus,ZAF_2_DC38,Ngaka Modiri Molema DM,55,2012,Y035_039,0.4765186462287843
ZAF,ZAF2012HSRC,nosex12m,ZAF_2_DC38,Ngaka Modiri Molema DM,55,2012,Y040_044,0.1361155332392553
ZAF,ZAF2012HSRC,sexcohab,ZAF_2_DC38,Ngaka Modiri Molema DM,55,2012,Y040_044,0.502354081863841
ZAF,ZAF2012HSRC,sexnonregplus,ZAF_2_DC38,Ngaka Modiri Molema DM,55,2012,Y040_044,0.36153038489690376
ZAF,ZAF2012HSRC,nosex12m,ZAF_2_DC38,Ngaka Modiri Molema DM,55,2012,Y045_049,0.15598551226783317
ZAF,ZAF2012HSRC,sexcohab,ZAF_2_DC38,Ngaka Modiri Molema DM,55,2012,Y045_049,0.5447563648104303
ZAF,ZAF2012HSRC,sexnonregplus,ZAF_2_DC38,Ngaka Modiri Molema DM,55,2012,Y045_049,0.29925812292173654
ZAF,ZAF2012HSRC,nosex12m,ZAF_2_DC39,Ruth Segomotsi Mompati DM,56,2012,Y015_019,0.7321910567223626
ZAF,ZAF2012HSRC,sexcohab,ZAF_2_DC39,Ruth Segomotsi Mompati DM,56,2012,Y015_019,0.00376049644102979
ZAF,ZAF2012HSRC,sexnonregplus,ZAF_2_DC39,Ruth Segomotsi Mompati DM,56,2012,Y015_019,0.26404844683660755
ZAF,ZAF2012HSRC,nosex12m,ZAF_2_DC39,Ruth Segomotsi Mompati DM,56,2012,Y020_024,0.3330821031283861
ZAF,ZAF2012HSRC,sexcohab,ZAF_2_DC39,Ruth Segomotsi Mompati DM,56,2012,Y020_024,0.04034362258351663
ZAF,ZAF2012HSRC,sexnonregplus,ZAF_2_DC39,Ruth Segomotsi Mompati DM,56,2012,Y020_024,0.6265742742880973
ZAF,ZAF2012HSRC,nosex12m,ZAF_2_DC39,Ruth Segomotsi Mompati DM,56,2012,Y025_029,0.22681268179568423
ZAF,ZAF2012HSRC,sexcohab,ZAF_2_DC39,Ruth Segomotsi Mompati DM,56,2012,Y025_029,0.1336160192386192
ZAF,ZAF2012HSRC,sexnonregplus,ZAF_2_DC39,Ruth Segomotsi Mompati DM,56,2012,Y025_029,0.6395712989656965
ZAF,ZAF2012HSRC,nosex12m,ZAF_2_DC39,Ruth Segomotsi Mompati DM,56,2012,Y030_034,0.1897394140595273
ZAF,ZAF2012HSRC,sexcohab,ZAF_2_DC39,Ruth Segomotsi Mompati DM,56,2012,Y030_034,0.27083982069113055
ZAF,ZAF2012HSRC,sexnonregplus,ZAF_2_DC39,Ruth Segomotsi Mompati DM,56,2012,Y030_034,0.5394207652493421
ZAF,ZAF2012HSRC,nosex12m,ZAF_2_DC39,Ruth Segomotsi Mompati DM,56,2012,Y035_039,0.17500605936591476
ZAF,ZAF2012HSRC,sexcohab,ZAF_2_DC39,Ruth Segomotsi Mompati DM,56,2012,Y035_039,0.37028436220664446
ZAF,ZAF2012HSRC,sexnonregplus,ZAF_2_DC39,Ruth Segomotsi Mompati DM,56,2012,Y035_039,0.4547095784274407
ZAF,ZAF2012HSRC,nosex12m,ZAF_2_DC39,Ruth Segomotsi Mompati DM,56,2012,Y040_044,0.17254700607821474
ZAF,ZAF2012HSRC,sexcohab,ZAF_2_DC39,Ruth Segomotsi Mompati DM,56,2012,Y040_044,0.48206330894518457
ZAF,ZAF2012HSRC,sexnonregplus,ZAF_2_DC39,Ruth Segomotsi Mompati DM,56,2012,Y040_044,0.3453896849766007
ZAF,ZAF2012HSRC,nosex12m,ZAF_2_DC39,Ruth Segomotsi Mompati DM,56,2012,Y045_049,0.1965171493811075
ZAF,ZAF2012HSRC,sexcohab,ZAF_2_DC39,Ruth Segomotsi Mompati DM,56,2012,Y045_049,0.5192818082082234
ZAF,ZAF2012HSRC,sexnonregplus,ZAF_2_DC39,Ruth Segomotsi Mompati DM,56,2012,Y045_049,0.28420104241066896
ZAF,ZAF2012HSRC,nosex12m,ZAF_2_DC40,Dr K Kaunda DM,57,2012,Y015_019,0.7091977315439171
ZAF,ZAF2012HSRC,sexcohab,ZAF_2_DC40,Dr K Kaunda DM,57,2012,Y015_019,0.00504459294373862
ZAF,ZAF2012HSRC,sexnonregplus,ZAF_2_DC40,Dr K Kaunda DM,57,2012,Y015_019,0.2857576755123443
ZAF,ZAF2012HSRC,nosex12m,ZAF_2_DC40,Dr K Kaunda DM,57,2012,Y020_024,0.3049120640342187
ZAF,ZAF2012HSRC,sexcohab,ZAF_2_DC40,Dr K Kaunda DM,57,2012,Y020_024,0.05150102778279874
ZAF,ZAF2012HSRC,sexnonregplus,ZAF_2_DC40,Dr K Kaunda DM,57,2012,Y020_024,0.6435869081829825
ZAF,ZAF2012HSRC,nosex12m,ZAF_2_DC40,Dr K Kaunda DM,57,2012,Y025_029,0.20043492227725068
ZAF,ZAF2012HSRC,sexcohab,ZAF_2_DC40,Dr K Kaunda DM,57,2012,Y025_029,0.16491059678980916
ZAF,ZAF2012HSRC,sexnonregplus,ZAF_2_DC40,Dr K Kaunda DM,57,2012,Y025_029,0.6346544809329402
ZAF,ZAF2012HSRC,nosex12m,ZAF_2_DC40,Dr K Kaunda DM,57,2012,Y030_034,0.16163267114151417
ZAF,ZAF2012HSRC,sexcohab,ZAF_2_DC40,Dr K Kaunda DM,57,2012,Y030_034,0.32271695411100815
ZAF,ZAF2012HSRC,sexnonregplus,ZAF_2_DC40,Dr K Kaunda DM,57,2012,Y030_034,0.5156503747474777
ZAF,ZAF2012HSRC,nosex12m,ZAF_2_DC40,Dr K Kaunda DM,57,2012,Y035_039,0.14535876891722285
ZAF,ZAF2012HSRC,sexcohab,ZAF_2_DC40,Dr K Kaunda DM,57,2012,Y035_039,0.43092744385395326
ZAF,ZAF2012HSRC,sexnonregplus,ZAF_2_DC40,Dr K Kaunda DM,57,2012,Y035_039,0.4237137872288239
ZAF,ZAF2012HSRC,nosex12m,ZAF_2_DC40,Dr K Kaunda DM,57,2012,Y040_044,0.13959583768938408
ZAF,ZAF2012HSRC,sexcohab,ZAF_2_DC40,Dr K Kaunda DM,57,2012,Y040_044,0.5472421919568516
ZAF,ZAF2012HSRC,sexnonregplus,ZAF_2_DC40,Dr K Kaunda DM,57,2012,Y040_044,0.3131619703537643
ZAF,ZAF2012HSRC,nosex12m,ZAF_2_DC40,Dr K Kaunda DM,57,2012,Y045_049,0.1579457787428082
ZAF,ZAF2012HSRC,sexcohab,ZAF_2_DC40,Dr K Kaunda DM,57,2012,Y045_049,0.5861194067433038
ZAF,ZAF2012HSRC,sexnonregplus,ZAF_2_DC40,Dr K Kaunda DM,57,2012,Y045_049,0.255934814513888
ZAF,ZAF2012HSRC,nosex12m,ZAF_2_JHB,Johannesburg MM,58,2012,Y015_019,0.682618063684747
ZAF,ZAF2012HSRC,sexcohab,ZAF_2_JHB,Johannesburg MM,58,2012,Y015_019,0.00546691918492003
ZAF,ZAF2012HSRC,sexnonregplus,ZAF_2_JHB,Johannesburg MM,58,2012,Y015_019,0.311915017130333
ZAF,ZAF2012HSRC,nosex12m,ZAF_2_JHB,Johannesburg MM,58,2012,Y020_024,0.2789355426475438
ZAF,ZAF2012HSRC,sexcohab,ZAF_2_JHB,Johannesburg MM,58,2012,Y020_024,0.05290148025814976
ZAF,ZAF2012HSRC,sexnonregplus,ZAF_2_JHB,Johannesburg MM,58,2012,Y020_024,0.6681629770943064
ZAF,ZAF2012HSRC,nosex12m,ZAF_2_JHB,Johannesburg MM,58,2012,Y025_029,0.1812386839735168
ZAF,ZAF2012HSRC,sexcohab,ZAF_2_JHB,Johannesburg MM,58,2012,Y025_029,0.1674020812421508
ZAF,ZAF2012HSRC,sexnonregplus,ZAF_2_JHB,Johannesburg MM,58,2012,Y025_029,0.6513592347843324
ZAF,ZAF2012HSRC,nosex12m,ZAF_2_JHB,Johannesburg MM,58,2012,Y030_034,0.14568276578507253
ZAF,ZAF2012HSRC,sexcohab,ZAF_2_JHB,Johannesburg MM,58,2012,Y030_034,0.326596193970078
ZAF,ZAF2012HSRC,sexnonregplus,ZAF_2_JHB,Johannesburg MM,58,2012,Y030_034,0.5277210402448496
ZAF,ZAF2012HSRC,nosex12m,ZAF_2_JHB,Johannesburg MM,58,2012,Y035_039,0.13097108959427095
ZAF,ZAF2012HSRC,sexcohab,ZAF_2_JHB,Johannesburg MM,58,2012,Y035_039,0.4357404172574623
ZAF,ZAF2012HSRC,sexnonregplus,ZAF_2_JHB,Johannesburg MM,58,2012,Y035_039,0.43328849314826673
ZAF,ZAF2012HSRC,nosex12m,ZAF_2_JHB,Johannesburg MM,58,2012,Y040_044,0.1258673857324085
ZAF,ZAF2012HSRC,sexcohab,ZAF_2_JHB,Johannesburg MM,58,2012,Y040_044,0.5537287962520043
ZAF,ZAF2012HSRC,sexnonregplus,ZAF_2_JHB,Johannesburg MM,58,2012,Y040_044,0.3204038180155872
ZAF,ZAF2012HSRC,nosex12m,ZAF_2_JHB,Johannesburg MM,58,2012,Y045_049,0.14287685372516748
ZAF,ZAF2012HSRC,sexcohab,ZAF_2_JHB,Johannesburg MM,58,2012,Y045_049,0.5945873603482852
ZAF,ZAF2012HSRC,sexnonregplus,ZAF_2_JHB,Johannesburg MM,58,2012,Y045_049,0.26253578592654736
ZAF,ZAF2012HSRC,nosex12m,ZAF_2_TSH,Tshwane MM,59,2012,Y015_019,0.703673443464133
ZAF,ZAF2012HSRC,sexcohab,ZAF_2_TSH,Tshwane MM,59,2012,Y015_019,0.00580745300903454
ZAF,ZAF2012HSRC,sexnonregplus,ZAF_2_TSH,Tshwane MM,59,2012,Y015_019,0.29051910352683247
ZAF,ZAF2012HSRC,nosex12m,ZAF_2_TSH,Tshwane MM,59,2012,Y020_024,0.29789717178995534
ZAF,ZAF2012HSRC,sexcohab,ZAF_2_TSH,Tshwane MM,59,2012,Y020_024,0.05825358371731295
ZAF,ZAF2012HSRC,sexnonregplus,ZAF_2_TSH,Tshwane MM,59,2012,Y020_024,0.6438492444927317
ZAF,ZAF2012HSRC,nosex12m,ZAF_2_TSH,Tshwane MM,59,2012,Y025_029,0.19257213098514311
ZAF,ZAF2012HSRC,sexcohab,ZAF_2_TSH,Tshwane MM,59,2012,Y025_029,0.183239990243293
ZAF,ZAF2012HSRC,sexnonregplus,ZAF_2_TSH,Tshwane MM,59,2012,Y025_029,0.6241878787715639
ZAF,ZAF2012HSRC,nosex12m,ZAF_2_TSH,Tshwane MM,59,2012,Y030_034,0.1520891314159959
ZAF,ZAF2012HSRC,sexcohab,ZAF_2_TSH,Tshwane MM,59,2012,Y030_034,0.351043521083814
ZAF,ZAF2012HSRC,sexnonregplus,ZAF_2_TSH,Tshwane MM,59,2012,Y030_034,0.4968673475001902
ZAF,ZAF2012HSRC,nosex12m,ZAF_2_TSH,Tshwane MM,59,2012,Y035_039,0.13492749364294204
ZAF,ZAF2012HSRC,sexcohab,ZAF_2_TSH,Tshwane MM,59,2012,Y035_039,0.4622723972278438
ZAF,ZAF2012HSRC,sexnonregplus,ZAF_2_TSH,Tshwane MM,59,2012,Y035_039,0.4028001091292142
ZAF,ZAF2012HSRC,nosex12m,ZAF_2_TSH,Tshwane MM,59,2012,Y040_044,0.1277211416840034
ZAF,ZAF2012HSRC,sexcohab,ZAF_2_TSH,Tshwane MM,59,2012,Y040_044,0.5787342868537018
ZAF,ZAF2012HSRC,sexnonregplus,ZAF_2_TSH,Tshwane MM,59,2012,Y040_044,0.2935445714622949
ZAF,ZAF2012HSRC,nosex12m,ZAF_2_TSH,Tshwane MM,59,2012,Y045_049,0.14393457939505228
ZAF,ZAF2012HSRC,sexcohab,ZAF_2_TSH,Tshwane MM,59,2012,Y045_049,0.6171593906585306
ZAF,ZAF2012HSRC,sexnonregplus,ZAF_2_TSH,Tshwane MM,59,2012,Y045_049,0.2389060299464171
ZAF,ZAF2012HSRC,nosex12m,ZAF_2_EKU,Ekurhuleni MM,60,2012,Y015_019,0.651545515417313
ZAF,ZAF2012HSRC,sexcohab,ZAF_2_EKU,Ekurhuleni MM,60,2012,Y015_019,0.00612704530732877
ZAF,ZAF2012HSRC,sexnonregplus,ZAF_2_EKU,Ekurhuleni MM,60,2012,Y015_019,0.3423274392753582
ZAF,ZAF2012HSRC,nosex12m,ZAF_2_EKU,Ekurhuleni MM,60,2012,Y020_024,0.25139954231805045
ZAF,ZAF2012HSRC,sexcohab,ZAF_2_EKU,Ekurhuleni MM,60,2012,Y020_024,0.05596599145258418
ZAF,ZAF2012HSRC,sexnonregplus,ZAF_2_EKU,Ekurhuleni MM,60,2012,Y020_024,0.6926344662293653
ZAF,ZAF2012HSRC,nosex12m,ZAF_2_EKU,Ekurhuleni MM,60,2012,Y025_029,0.16083218558404738
ZAF,ZAF2012HSRC,sexcohab,ZAF_2_EKU,Ekurhuleni MM,60,2012,Y025_029,0.1743109254809889
ZAF,ZAF2012HSRC,sexnonregplus,ZAF_2_EKU,Ekurhuleni MM,60,2012,Y025_029,0.6648568889349638
ZAF,ZAF2012HSRC,nosex12m,ZAF_2_EKU,Ekurhuleni MM,60,2012,Y030_034,0.12825093213333766
ZAF,ZAF2012HSRC,sexcohab,ZAF_2_EKU,Ekurhuleni MM,60,2012,Y030_034,0.3374929380538556
ZAF,ZAF2012HSRC,sexnonregplus,ZAF_2_EKU,Ekurhuleni MM,60,2012,Y030_034,0.5342561298128067
ZAF,ZAF2012HSRC,nosex12m,ZAF_2_EKU,Ekurhuleni MM,60,2012,Y035_039,0.1147755723985916
ZAF,ZAF2012HSRC,sexcohab,ZAF_2_EKU,Ekurhuleni MM,60,2012,Y035_039,0.44845425530840705
ZAF,ZAF2012HSRC,sexnonregplus,ZAF_2_EKU,Ekurhuleni MM,60,2012,Y035_039,0.43677017229300136
ZAF,ZAF2012HSRC,nosex12m,ZAF_2_EKU,Ekurhuleni MM,60,2012,Y040_044,0.10993443096216264
ZAF,ZAF2012HSRC,sexcohab,ZAF_2_EKU,Ekurhuleni MM,60,2012,Y040_044,0.5681503998222994
ZAF,ZAF2012HSRC,sexnonregplus,ZAF_2_EKU,Ekurhuleni MM,60,2012,Y040_044,0.3219151692155379
ZAF,ZAF2012HSRC,nosex12m,ZAF_2_EKU,Ekurhuleni MM,60,2012,Y045_049,0.12492838076571491
ZAF,ZAF2012HSRC,sexcohab,ZAF_2_EKU,Ekurhuleni MM,60,2012,Y045_049,0.6109401457716265
ZAF,ZAF2012HSRC,sexnonregplus,ZAF_2_EKU,Ekurhuleni MM,60,2012,Y045_049,0.26413147346265864
ZAF,ZAF2012HSRC,nosex12m,ZAF_2_DC42,Sedibeng DM,61,2012,Y015_019,0.6787908733399021
ZAF,ZAF2012HSRC,sexcohab,ZAF_2_DC42,Sedibeng DM,61,2012,Y015_019,0.00568808985224129
ZAF,ZAF2012HSRC,sexnonregplus,ZAF_2_DC42,Sedibeng DM,61,2012,Y015_019,0.31552103680785665
ZAF,ZAF2012HSRC,nosex12m,ZAF_2_DC42,Sedibeng DM,61,2012,Y020_024,0.27530281060963946
ZAF,ZAF2012HSRC,sexcohab,ZAF_2_DC42,Sedibeng DM,61,2012,Y020_024,0.05469313375374705
ZAF,ZAF2012HSRC,sexnonregplus,ZAF_2_DC42,Sedibeng DM,61,2012,Y020_024,0.6700040556366135
ZAF,ZAF2012HSRC,nosex12m,ZAF_2_DC42,Sedibeng DM,61,2012,Y025_029,0.17798168416648433
ZAF,ZAF2012HSRC,sexcohab,ZAF_2_DC42,Sedibeng DM,61,2012,Y025_029,0.17219631464865542
ZAF,ZAF2012HSRC,sexnonregplus,ZAF_2_DC42,Sedibeng DM,61,2012,Y025_029,0.6498220011848602
ZAF,ZAF2012HSRC,nosex12m,ZAF_2_DC42,Sedibeng DM,61,2012,Y030_034,0.14225596275042748
ZAF,ZAF2012HSRC,sexcohab,ZAF_2_DC42,Sedibeng DM,61,2012,Y030_034,0.33413309652324846
ZAF,ZAF2012HSRC,sexnonregplus,ZAF_2_DC42,Sedibeng DM,61,2012,Y030_034,0.5236109407263241
ZAF,ZAF2012HSRC,nosex12m,ZAF_2_DC42,Sedibeng DM,61,2012,Y035_039,0.1274137616977314
ZAF,ZAF2012HSRC,sexcohab,ZAF_2_DC42,Sedibeng DM,61,2012,Y035_039,0.4441579111041691
ZAF,ZAF2012HSRC,sexnonregplus,ZAF_2_DC42,Sedibeng DM,61,2012,Y035_039,0.4284283271980995
ZAF,ZAF2012HSRC,nosex12m,ZAF_2_DC42,Sedibeng DM,61,2012,Y040_044,0.12194279494064043
ZAF,ZAF2012HSRC,sexcohab,ZAF_2_DC42,Sedibeng DM,61,2012,Y040_044,0.5623138765146872
ZAF,ZAF2012HSRC,sexnonregplus,ZAF_2_DC42,Sedibeng DM,61,2012,Y040_044,0.31574332854467235
ZAF,ZAF2012HSRC,nosex12m,ZAF_2_DC42,Sedibeng DM,61,2012,Y045_049,0.13828655029108475
ZAF,ZAF2012HSRC,sexcohab,ZAF_2_DC42,Sedibeng DM,61,2012,Y045_049,0.6032336962445907
ZAF,ZAF2012HSRC,sexnonregplus,ZAF_2_DC42,Sedibeng DM,61,2012,Y045_049,0.2584797534643246
ZAF,ZAF2012HSRC,nosex12m,ZAF_2_DC48,West Rand DM,62,2012,Y015_019,0.6665902261099123
ZAF,ZAF2012HSRC,sexcohab,ZAF_2_DC48,West Rand DM,62,2012,Y015_019,0.00521820481650569
ZAF,ZAF2012HSRC,sexnonregplus,ZAF_2_DC48,West Rand DM,62,2012,Y015_019,0.32819156907358205
ZAF,ZAF2012HSRC,nosex12m,ZAF_2_DC48,West Rand DM,62,2012,Y020_024,0.2661785080405835
ZAF,ZAF2012HSRC,sexcohab,ZAF_2_DC48,West Rand DM,62,2012,Y020_024,0.04923989035433646
ZAF,ZAF2012HSRC,sexnonregplus,ZAF_2_DC48,West Rand DM,62,2012,Y020_024,0.68458160160508
ZAF,ZAF2012HSRC,nosex12m,ZAF_2_DC48,West Rand DM,62,2012,Y025_029,0.17367223128447537
ZAF,ZAF2012HSRC,sexcohab,ZAF_2_DC48,West Rand DM,62,2012,Y025_029,0.15649048565292803
ZAF,ZAF2012HSRC,sexnonregplus,ZAF_2_DC48,West Rand DM,62,2012,Y025_029,0.6698372830625966
ZAF,ZAF2012HSRC,nosex12m,ZAF_2_DC48,West Rand DM,62,2012,Y030_034,0.1413764748133691
ZAF,ZAF2012HSRC,sexcohab,ZAF_2_DC48,West Rand DM,62,2012,Y030_034,0.3089745540563617
ZAF,ZAF2012HSRC,sexnonregplus,ZAF_2_DC48,West Rand DM,62,2012,Y030_034,0.5496489711302692
ZAF,ZAF2012HSRC,nosex12m,ZAF_2_DC48,West Rand DM,62,2012,Y035_039,0.12825826075064556
ZAF,ZAF2012HSRC,sexcohab,ZAF_2_DC48,West Rand DM,62,2012,Y035_039,0.4160003555193274
ZAF,ZAF2012HSRC,sexnonregplus,ZAF_2_DC48,West Rand DM,62,2012,Y035_039,0.45574138373002704
ZAF,ZAF2012HSRC,nosex12m,ZAF_2_DC48,West Rand DM,62,2012,Y040_044,0.12466770469003376
ZAF,ZAF2012HSRC,sexcohab,ZAF_2_DC48,West Rand DM,62,2012,Y040_044,0.5343520511865345
ZAF,ZAF2012HSRC,sexnonregplus,ZAF_2_DC48,West Rand DM,62,2012,Y040_044,0.34098024412343175
ZAF,ZAF2012HSRC,nosex12m,ZAF_2_DC48,West Rand DM,62,2012,Y045_049,0.14213132002140927
ZAF,ZAF2012HSRC,sexcohab,ZAF_2_DC48,West Rand DM,62,2012,Y045_049,0.5768558364036975
ZAF,ZAF2012HSRC,sexnonregplus,ZAF_2_DC48,West Rand DM,62,2012,Y045_049,0.28101284357489326
ZAF,ZAF2017HSRC,nosex12m,ZAF_2_CPT,Cape Town MM,11,2017,Y015_019,0.6745548737481584
ZAF,ZAF2017HSRC,sexcohab,ZAF_2_CPT,Cape Town MM,11,2017,Y015_019,0.00539453621181511
ZAF,ZAF2017HSRC,sexnonregplus,ZAF_2_CPT,Cape Town MM,11,2017,Y015_019,0.3200505900400265
ZAF,ZAF2017HSRC,nosex12m,ZAF_2_CPT,Cape Town MM,11,2017,Y020_024,0.27165665592206983
ZAF,ZAF2017HSRC,sexcohab,ZAF_2_CPT,Cape Town MM,11,2017,Y020_024,0.05165903527182371
ZAF,ZAF2017HSRC,sexnonregplus,ZAF_2_CPT,Cape Town MM,11,2017,Y020_024,0.6766843088061064
ZAF,ZAF2017HSRC,nosex12m,ZAF_2_CPT,Cape Town MM,11,2017,Y025_029,0.1765000594817129
ZAF,ZAF2017HSRC,sexcohab,ZAF_2_CPT,Cape Town MM,11,2017,Y025_029,0.16363091568710253
ZAF,ZAF2017HSRC,sexnonregplus,ZAF_2_CPT,Cape Town MM,11,2017,Y025_029,0.6598690248311845
ZAF,ZAF2017HSRC,nosex12m,ZAF_2_CPT,Cape Town MM,11,2017,Y030_034,0.1424747258698167
ZAF,ZAF2017HSRC,sexcohab,ZAF_2_CPT,Cape Town MM,11,2017,Y030_034,0.32084399522495244
ZAF,ZAF2017HSRC,sexnonregplus,ZAF_2_CPT,Cape Town MM,11,2017,Y030_034,0.5366812789052309
ZAF,ZAF2017HSRC,nosex12m,ZAF_2_CPT,Cape Town MM,11,2017,Y035_039,0.12840558265395785
ZAF,ZAF2017HSRC,sexcohab,ZAF_2_CPT,Cape Town MM,11,2017,Y035_039,0.4296365127267968
ZAF,ZAF2017HSRC,sexnonregplus,ZAF_2_CPT,Cape Town MM,11,2017,Y035_039,0.44195790461924533
ZAF,ZAF2017HSRC,nosex12m,ZAF_2_CPT,Cape Town MM,11,2017,Y040_044,0.12381120752761292
ZAF,ZAF2017HSRC,sexcohab,ZAF_2_CPT,Cape Town MM,11,2017,Y040_044,0.5482843811077821
ZAF,ZAF2017HSRC,sexnonregplus,ZAF_2_CPT,Cape Town MM,11,2017,Y040_044,0.32790441136460496
ZAF,ZAF2017HSRC,nosex12m,ZAF_2_CPT,Cape Town MM,11,2017,Y045_049,0.1408099651671834
ZAF,ZAF2017HSRC,sexcohab,ZAF_2_CPT,Cape Town MM,11,2017,Y045_049,0.5900020288722638
ZAF,ZAF2017HSRC,sexnonregplus,ZAF_2_CPT,Cape Town MM,11,2017,Y045_049,0.2691880059605528
ZAF,ZAF2017HSRC,nosex12m,ZAF_2_DC1,West Coast DM,12,2017,Y015_019,0.8027450456817793
ZAF,ZAF2017HSRC,sexcohab,ZAF_2_DC1,West Coast DM,12,2017,Y015_019,0.00453436257878463
ZAF,ZAF2017HSRC,sexnonregplus,ZAF_2_DC1,West Coast DM,12,2017,Y015_019,0.1927205917394361
ZAF,ZAF2017HSRC,nosex12m,ZAF_2_DC1,West Coast DM,12,2017,Y020_024,0.4195447207879908
ZAF,ZAF2017HSRC,sexcohab,ZAF_2_DC1,West Coast DM,12,2017,Y020_024,0.0560502238756663
ZAF,ZAF2017HSRC,sexnonregplus,ZAF_2_DC1,West Coast DM,12,2017,Y020_024,0.524405055336343
ZAF,ZAF2017HSRC,nosex12m,ZAF_2_DC1,West Coast DM,12,2017,Y025_029,0.2840554112199497
ZAF,ZAF2017HSRC,sexcohab,ZAF_2_DC1,West Coast DM,12,2017,Y025_029,0.18421388084163084
ZAF,ZAF2017HSRC,sexnonregplus,ZAF_2_DC1,West Coast DM,12,2017,Y025_029,0.5317307079384194
ZAF,ZAF2017HSRC,nosex12m,ZAF_2_DC1,West Coast DM,12,2017,Y030_034,0.2242755125748259
ZAF,ZAF2017HSRC,sexcohab,ZAF_2_DC1,West Coast DM,12,2017,Y030_034,0.3525302747218101
ZAF,ZAF2017HSRC,sexnonregplus,ZAF_2_DC1,West Coast DM,12,2017,Y030_034,0.4231942127033641
ZAF,ZAF2017HSRC,nosex12m,ZAF_2_DC1,West Coast DM,12,2017,Y035_039,0.1978457458002005
ZAF,ZAF2017HSRC,sexcohab,ZAF_2_DC1,West Coast DM,12,2017,Y035_039,0.4610640987136229
ZAF,ZAF2017HSRC,sexnonregplus,ZAF_2_DC1,West Coast DM,12,2017,Y035_039,0.34109015548617655
ZAF,ZAF2017HSRC,nosex12m,ZAF_2_DC1,West Coast DM,12,2017,Y040_044,0.18487237207658672
ZAF,ZAF2017HSRC,sexcohab,ZAF_2_DC1,West Coast DM,12,2017,Y040_044,0.569615409769493
ZAF,ZAF2017HSRC,sexnonregplus,ZAF_2_DC1,West Coast DM,12,2017,Y040_044,0.24551221815392033
ZAF,ZAF2017HSRC,nosex12m,ZAF_2_DC1,West Coast DM,12,2017,Y045_049,0.2050866137655089
ZAF,ZAF2017HSRC,sexcohab,ZAF_2_DC1,West Coast DM,12,2017,Y045_049,0.5981519513195749
ZAF,ZAF2017HSRC,sexnonregplus,ZAF_2_DC1,West Coast DM,12,2017,Y045_049,0.1967614349149162
ZAF,ZAF2017HSRC,nosex12m,ZAF_2_DC2,Cape Winelands DM,13,2017,Y015_019,0.7964863350305883
ZAF,ZAF2017HSRC,sexcohab,ZAF_2_DC2,Cape Winelands DM,13,2017,Y015_019,0.00534073527566154
ZAF,ZAF2017HSRC,sexnonregplus,ZAF_2_DC2,Cape Winelands DM,13,2017,Y015_019,0.19817292969375017
ZAF,ZAF2017HSRC,nosex12m,ZAF_2_DC2,Cape Winelands DM,13,2017,Y020_024,0.40653138179052783
ZAF,ZAF2017HSRC,sexcohab,ZAF_2_DC2,Cape Winelands DM,13,2017,Y020_024,0.06446448660096449
ZAF,ZAF2017HSRC,sexnonregplus,ZAF_2_DC2,Cape Winelands DM,13,2017,Y020_024,0.5290041316085077
ZAF,ZAF2017HSRC,nosex12m,ZAF_2_DC2,Cape Winelands DM,13,2017,Y025_029,0.2685805848200325
ZAF,ZAF2017HSRC,sexcohab,ZAF_2_DC2,Cape Winelands DM,13,2017,Y025_029,0.2073493571292017
ZAF,ZAF2017HSRC,sexnonregplus,ZAF_2_DC2,Cape Winelands DM,13,2017,Y025_029,0.5240700580507658
ZAF,ZAF2017HSRC,nosex12m,ZAF_2_DC2,Cape Winelands DM,13,2017,Y030_034,0.20657744971890188
ZAF,ZAF2017HSRC,sexcohab,ZAF_2_DC2,Cape Winelands DM,13,2017,Y030_034,0.3869403659510564
ZAF,ZAF2017HSRC,sexnonregplus,ZAF_2_DC2,Cape Winelands DM,13,2017,Y030_034,0.40648218433004174
ZAF,ZAF2017HSRC,nosex12m,ZAF_2_DC2,Cape Winelands DM,13,2017,Y035_039,0.1793104078056049
ZAF,ZAF2017HSRC,sexcohab,ZAF_2_DC2,Cape Winelands DM,13,2017,Y035_039,0.49835522699478113
ZAF,ZAF2017HSRC,sexnonregplus,ZAF_2_DC2,Cape Winelands DM,13,2017,Y035_039,0.322334365199614
ZAF,ZAF2017HSRC,nosex12m,ZAF_2_DC2,Cape Winelands DM,13,2017,Y040_044,0.16502692015802087
ZAF,ZAF2017HSRC,sexcohab,ZAF_2_DC2,Cape Winelands DM,13,2017,Y040_044,0.6066189374840018
ZAF,ZAF2017HSRC,sexnonregplus,ZAF_2_DC2,Cape Winelands DM,13,2017,Y040_044,0.22835414235797735
ZAF,ZAF2017HSRC,nosex12m,ZAF_2_DC2,Cape Winelands DM,13,2017,Y045_049,0.18257140256031443
ZAF,ZAF2017HSRC,sexcohab,ZAF_2_DC2,Cape Winelands DM,13,2017,Y045_049,0.6349939982773396
ZAF,ZAF2017HSRC,sexnonregplus,ZAF_2_DC2,Cape Winelands DM,13,2017,Y045_049,0.18243459916234592
ZAF,ZAF2017HSRC,nosex12m,ZAF_2_DC3,Overberg DM,14,2017,Y015_019,0.7905888485847425
ZAF,ZAF2017HSRC,sexcohab,ZAF_2_DC3,Overberg DM,14,2017,Y015_019,0.00482027817364894
ZAF,ZAF2017HSRC,sexnonregplus,ZAF_2_DC3,Overberg DM,14,2017,Y015_019,0.20459087324160857
ZAF,ZAF2017HSRC,nosex12m,ZAF_2_DC3,Overberg DM,14,2017,Y020_024,0.40302754989615497
ZAF,ZAF2017HSRC,sexcohab,ZAF_2_DC3,Overberg DM,14,2017,Y020_024,0.05772516281903454
ZAF,ZAF2017HSRC,sexnonregplus,ZAF_2_DC3,Overberg DM,14,2017,Y020_024,0.5392472872848105
ZAF,ZAF2017HSRC,nosex12m,ZAF_2_DC3,Overberg DM,14,2017,Y025_029,0.27064268118970036
ZAF,ZAF2017HSRC,sexcohab,ZAF_2_DC3,Overberg DM,14,2017,Y025_029,0.18782008202844627
ZAF,ZAF2017HSRC,sexnonregplus,ZAF_2_DC3,Overberg DM,14,2017,Y025_029,0.5415372367818534
ZAF,ZAF2017HSRC,nosex12m,ZAF_2_DC3,Overberg DM,14,2017,Y030_034,0.21301462976821417
ZAF,ZAF2017HSRC,sexcohab,ZAF_2_DC3,Overberg DM,14,2017,Y030_034,0.35722841325514854
ZAF,ZAF2017HSRC,sexnonregplus,ZAF_2_DC3,Overberg DM,14,2017,Y030_034,0.4297569569766373
ZAF,ZAF2017HSRC,nosex12m,ZAF_2_DC3,Overberg DM,14,2017,Y035_039,0.18771011237307825
ZAF,ZAF2017HSRC,sexcohab,ZAF_2_DC3,Overberg DM,14,2017,Y035_039,0.46602294760045343
ZAF,ZAF2017HSRC,sexnonregplus,ZAF_2_DC3,Overberg DM,14,2017,Y035_039,0.34626694002646835
ZAF,ZAF2017HSRC,nosex12m,ZAF_2_DC3,Overberg DM,14,2017,Y040_044,0.17557925805622174
ZAF,ZAF2017HSRC,sexcohab,ZAF_2_DC3,Overberg DM,14,2017,Y040_044,0.5749879082118631
ZAF,ZAF2017HSRC,sexnonregplus,ZAF_2_DC3,Overberg DM,14,2017,Y040_044,0.24943283373191524
ZAF,ZAF2017HSRC,nosex12m,ZAF_2_DC3,Overberg DM,14,2017,Y045_049,0.1951229046398247
ZAF,ZAF2017HSRC,sexcohab,ZAF_2_DC3,Overberg DM,14,2017,Y045_049,0.6044723673473115
ZAF,ZAF2017HSRC,sexnonregplus,ZAF_2_DC3,Overberg DM,14,2017,Y045_049,0.20040472801286388
ZAF,ZAF2017HSRC,nosex12m,ZAF_2_DC4,Garden Route DM,15,2017,Y015_019,0.8305500683061621
ZAF,ZAF2017HSRC,sexcohab,ZAF_2_DC4,Garden Route DM,15,2017,Y015_019,0.00383047298281626
ZAF,ZAF2017HSRC,sexnonregplus,ZAF_2_DC4,Garden Route DM,15,2017,Y015_019,0.16561945871102168
ZAF,ZAF2017HSRC,nosex12m,ZAF_2_DC4,Garden Route DM,15,2017,Y020_024,0.4651661649509832
ZAF,ZAF2017HSRC,sexcohab,ZAF_2_DC4,Garden Route DM,15,2017,Y020_024,0.05072767244419685
ZAF,ZAF2017HSRC,sexnonregplus,ZAF_2_DC4,Garden Route DM,15,2017,Y020_024,0.48410616260482
ZAF,ZAF2017HSRC,nosex12m,ZAF_2_DC4,Garden Route DM,15,2017,Y025_029,0.32375040926799636
ZAF,ZAF2017HSRC,sexcohab,ZAF_2_DC4,Garden Route DM,15,2017,Y025_029,0.1715229124377108
ZAF,ZAF2017HSRC,sexnonregplus,ZAF_2_DC4,Garden Route DM,15,2017,Y025_029,0.5047266782942929
ZAF,ZAF2017HSRC,nosex12m,ZAF_2_DC4,Garden Route DM,15,2017,Y030_034,0.25943178673137207
ZAF,ZAF2017HSRC,sexcohab,ZAF_2_DC4,Garden Route DM,15,2017,Y030_034,0.3329949730925273
ZAF,ZAF2017HSRC,sexnonregplus,ZAF_2_DC4,Garden Route DM,15,2017,Y030_034,0.40757324017610064
ZAF,ZAF2017HSRC,nosex12m,ZAF_2_DC4,Garden Route DM,15,2017,Y035_039,0.23042378365160915
ZAF,ZAF2017HSRC,sexcohab,ZAF_2_DC4,Garden Route DM,15,2017,Y035_039,0.438634049558663
ZAF,ZAF2017HSRC,sexnonregplus,ZAF_2_DC4,Garden Route DM,15,2017,Y035_039,0.3309421667897279
ZAF,ZAF2017HSRC,nosex12m,ZAF_2_DC4,Garden Route DM,15,2017,Y040_044,0.2164252104542388
ZAF,ZAF2017HSRC,sexcohab,ZAF_2_DC4,Garden Route DM,15,2017,Y040_044,0.544337007616604
ZAF,ZAF2017HSRC,sexnonregplus,ZAF_2_DC4,Garden Route DM,15,2017,Y040_044,0.2392377819291572
ZAF,ZAF2017HSRC,nosex12m,ZAF_2_DC4,Garden Route DM,15,2017,Y045_049,0.2393158114729395
ZAF,ZAF2017HSRC,sexcohab,ZAF_2_DC4,Garden Route DM,15,2017,Y045_049,0.5696216156303074
ZAF,ZAF2017HSRC,sexnonregplus,ZAF_2_DC4,Garden Route DM,15,2017,Y045_049,0.191062572896753
ZAF,ZAF2017HSRC,nosex12m,ZAF_2_DC5,Central Karoo DM,16,2017,Y015_019,0.7838071474183135
ZAF,ZAF2017HSRC,sexcohab,ZAF_2_DC5,Central Karoo DM,16,2017,Y015_019,0.00502792702107899
ZAF,ZAF2017HSRC,sexnonregplus,ZAF_2_DC5,Central Karoo DM,16,2017,Y015_019,0.21116492556060756
ZAF,ZAF2017HSRC,nosex12m,ZAF_2_DC5,Central Karoo DM,16,2017,Y020_024,0.3928003446076747
ZAF,ZAF2017HSRC,sexcohab,ZAF_2_DC5,Central Karoo DM,16,2017,Y020_024,0.05923945875020914
ZAF,ZAF2017HSRC,sexnonregplus,ZAF_2_DC5,Central Karoo DM,16,2017,Y020_024,0.5479601966421161
ZAF,ZAF2017HSRC,nosex12m,ZAF_2_DC5,Central Karoo DM,16,2017,Y025_029,0.2617845099291686
ZAF,ZAF2017HSRC,sexcohab,ZAF_2_DC5,Central Karoo DM,16,2017,Y025_029,0.19157197887417032
ZAF,ZAF2017HSRC,sexnonregplus,ZAF_2_DC5,Central Karoo DM,16,2017,Y025_029,0.5466435111966611
ZAF,ZAF2017HSRC,nosex12m,ZAF_2_DC5,Central Karoo DM,16,2017,Y030_034,0.20504782768956287
ZAF,ZAF2017HSRC,sexcohab,ZAF_2_DC5,Central Karoo DM,16,2017,Y030_034,0.362976319815893
ZAF,ZAF2017HSRC,sexnonregplus,ZAF_2_DC5,Central Karoo DM,16,2017,Y030_034,0.4319758524945441
ZAF,ZAF2017HSRC,nosex12m,ZAF_2_DC5,Central Karoo DM,16,2017,Y035_039,0.1802573487257951
ZAF,ZAF2017HSRC,sexcohab,ZAF_2_DC5,Central Karoo DM,16,2017,Y035_039,0.4725447872719361
ZAF,ZAF2017HSRC,sexnonregplus,ZAF_2_DC5,Central Karoo DM,16,2017,Y035_039,0.3471978640022689
ZAF,ZAF2017HSRC,nosex12m,ZAF_2_DC5,Central Karoo DM,16,2017,Y040_044,0.16822056740641528
ZAF,ZAF2017HSRC,sexcohab,ZAF_2_DC5,Central Karoo DM,16,2017,Y040_044,0.5821112419477728
ZAF,ZAF2017HSRC,sexnonregplus,ZAF_2_DC5,Central Karoo DM,16,2017,Y040_044,0.24966819064581192
ZAF,ZAF2017HSRC,nosex12m,ZAF_2_DC5,Central Karoo DM,16,2017,Y045_049,0.186979735837543
ZAF,ZAF2017HSRC,sexcohab,ZAF_2_DC5,Central Karoo DM,16,2017,Y045_049,0.6123949580520714
ZAF,ZAF2017HSRC,sexnonregplus,ZAF_2_DC5,Central Karoo DM,16,2017,Y045_049,0.2006253061103856
ZAF,ZAF2017HSRC,nosex12m,ZAF_2_DC6,Namakwa DM,17,2017,Y015_019,0.7682280770237125
ZAF,ZAF2017HSRC,sexcohab,ZAF_2_DC6,Namakwa DM,17,2017,Y015_019,0.00436103158160807
ZAF,ZAF2017HSRC,sexnonregplus,ZAF_2_DC6,Namakwa DM,17,2017,Y015_019,0.2274108913946794
ZAF,ZAF2017HSRC,nosex12m,ZAF_2_DC6,Namakwa DM,17,2017,Y020_024,0.3734378805599487
ZAF,ZAF2017HSRC,sexcohab,ZAF_2_DC6,Namakwa DM,17,2017,Y020_024,0.05000181395004208
ZAF,ZAF2017HSRC,sexnonregplus,ZAF_2_DC6,Namakwa DM,17,2017,Y020_024,0.5765603054900091
ZAF,ZAF2017HSRC,nosex12m,ZAF_2_DC6,Namakwa DM,17,2017,Y025_029,0.2522247325281184
ZAF,ZAF2017HSRC,sexcohab,ZAF_2_DC6,Namakwa DM,17,2017,Y025_029,0.16424137469533376
ZAF,ZAF2017HSRC,sexnonregplus,ZAF_2_DC6,Namakwa DM,17,2017,Y025_029,0.5835338927765479
ZAF,ZAF2017HSRC,nosex12m,ZAF_2_DC6,Namakwa DM,17,2017,Y030_034,0.20361571724269636
ZAF,ZAF2017HSRC,sexcohab,ZAF_2_DC6,Namakwa DM,17,2017,Y030_034,0.3214327851603351
ZAF,ZAF2017HSRC,sexnonregplus,ZAF_2_DC6,Namakwa DM,17,2017,Y030_034,0.4749514975969686
ZAF,ZAF2017HSRC,nosex12m,ZAF_2_DC6,Namakwa DM,17,2017,Y035_039,0.18265361633681776
ZAF,ZAF2017HSRC,sexcohab,ZAF_2_DC6,Namakwa DM,17,2017,Y035_039,0.42784079741065856
ZAF,ZAF2017HSRC,sexnonregplus,ZAF_2_DC6,Namakwa DM,17,2017,Y035_039,0.3895055862525236
ZAF,ZAF2017HSRC,nosex12m,ZAF_2_DC6,Namakwa DM,17,2017,Y040_044,0.1742652297478123
ZAF,ZAF2017HSRC,sexcohab,ZAF_2_DC6,Namakwa DM,17,2017,Y040_044,0.5395132658587164
ZAF,ZAF2017HSRC,sexnonregplus,ZAF_2_DC6,Namakwa DM,17,2017,Y040_044,0.2862215043934714
ZAF,ZAF2017HSRC,nosex12m,ZAF_2_DC6,Namakwa DM,17,2017,Y045_049,0.19545207811087076
ZAF,ZAF2017HSRC,sexcohab,ZAF_2_DC6,Namakwa DM,17,2017,Y045_049,0.5726525928452701
ZAF,ZAF2017HSRC,sexnonregplus,ZAF_2_DC6,Namakwa DM,17,2017,Y045_049,0.23189532904385915
ZAF,ZAF2017HSRC,nosex12m,ZAF_2_DC7,Pixley ka Seme DM,18,2017,Y015_019,0.7753894303888638
ZAF,ZAF2017HSRC,sexcohab,ZAF_2_DC7,Pixley ka Seme DM,18,2017,Y015_019,0.00322438464390441
ZAF,ZAF2017HSRC,sexnonregplus,ZAF_2_DC7,Pixley ka Seme DM,18,2017,Y015_019,0.22138618496723184
ZAF,ZAF2017HSRC,nosex12m,ZAF_2_DC7,Pixley ka Seme DM,18,2017,Y020_024,0.3856725881139117
ZAF,ZAF2017HSRC,sexcohab,ZAF_2_DC7,Pixley ka Seme DM,18,2017,Y020_024,0.038027485523185967
ZAF,ZAF2017HSRC,sexnonregplus,ZAF_2_DC7,Pixley ka Seme DM,18,2017,Y020_024,0.5762999263629024
ZAF,ZAF2017HSRC,nosex12m,ZAF_2_DC7,Pixley ka Seme DM,18,2017,Y025_029,0.26873558042445683
ZAF,ZAF2017HSRC,sexcohab,ZAF_2_DC7,Pixley ka Seme DM,18,2017,Y025_029,0.1290574420044046
ZAF,ZAF2017HSRC,sexnonregplus,ZAF_2_DC7,Pixley ka Seme DM,18,2017,Y025_029,0.6022069775711386
ZAF,ZAF2017HSRC,nosex12m,ZAF_2_DC7,Pixley ka Seme DM,18,2017,Y030_034,0.2259731465270291
ZAF,ZAF2017HSRC,sexcohab,ZAF_2_DC7,Pixley ka Seme DM,18,2017,Y030_034,0.2635643549298249
ZAF,ZAF2017HSRC,sexnonregplus,ZAF_2_DC7,Pixley ka Seme DM,18,2017,Y030_034,0.5104624985431461
ZAF,ZAF2017HSRC,nosex12m,ZAF_2_DC7,Pixley ka Seme DM,18,2017,Y035_039,0.20847835724727504
ZAF,ZAF2017HSRC,sexcohab,ZAF_2_DC7,Pixley ka Seme DM,18,2017,Y035_039,0.3610951212463749
ZAF,ZAF2017HSRC,sexnonregplus,ZAF_2_DC7,Pixley ka Seme DM,18,2017,Y035_039,0.4304265215063501
ZAF,ZAF2017HSRC,nosex12m,ZAF_2_DC7,Pixley ka Seme DM,18,2017,Y040_044,0.20486388914292847
ZAF,ZAF2017HSRC,sexcohab,ZAF_2_DC7,Pixley ka Seme DM,18,2017,Y040_044,0.4694849503178808
ZAF,ZAF2017HSRC,sexnonregplus,ZAF_2_DC7,Pixley ka Seme DM,18,2017,Y040_044,0.32565116053919074
ZAF,ZAF2017HSRC,nosex12m,ZAF_2_DC7,Pixley ka Seme DM,18,2017,Y045_049,0.23159828229228288
ZAF,ZAF2017HSRC,sexcohab,ZAF_2_DC7,Pixley ka Seme DM,18,2017,Y045_049,0.5024106220865007
ZAF,ZAF2017HSRC,sexnonregplus,ZAF_2_DC7,Pixley ka Seme DM,18,2017,Y045_049,0.2659910956212165
ZAF,ZAF2017HSRC,nosex12m,ZAF_2_DC8,ZF Mgcawu DM,19,2017,Y015_019,0.767794794989757
ZAF,ZAF2017HSRC,sexcohab,ZAF_2_DC8,ZF Mgcawu DM,19,2017,Y015_019,0.0032249748286445
ZAF,ZAF2017HSRC,sexnonregplus,ZAF_2_DC8,ZF Mgcawu DM,19,2017,Y015_019,0.22898023018159852
ZAF,ZAF2017HSRC,nosex12m,ZAF_2_DC8,ZF Mgcawu DM,19,2017,Y020_024,0.37577639045618905
ZAF,ZAF2017HSRC,sexcohab,ZAF_2_DC8,ZF Mgcawu DM,19,2017,Y020_024,0.03741273743987714
ZAF,ZAF2017HSRC,sexnonregplus,ZAF_2_DC8,ZF Mgcawu DM,19,2017,Y020_024,0.5868108721039338
ZAF,ZAF2017HSRC,nosex12m,ZAF_2_DC8,ZF Mgcawu DM,19,2017,Y025_029,0.2613150014068821
ZAF,ZAF2017HSRC,sexcohab,ZAF_2_DC8,ZF Mgcawu DM,19,2017,Y025_029,0.12670795984191538
ZAF,ZAF2017HSRC,sexnonregplus,ZAF_2_DC8,ZF Mgcawu DM,19,2017,Y025_029,0.6119770387512026
ZAF,ZAF2017HSRC,nosex12m,ZAF_2_DC8,ZF Mgcawu DM,19,2017,Y030_034,0.22038414748406795
ZAF,ZAF2017HSRC,sexcohab,ZAF_2_DC8,ZF Mgcawu DM,19,2017,Y030_034,0.25941877543239783
ZAF,ZAF2017HSRC,sexnonregplus,ZAF_2_DC8,ZF Mgcawu DM,19,2017,Y030_034,0.5201970770835342
ZAF,ZAF2017HSRC,nosex12m,ZAF_2_DC8,ZF Mgcawu DM,19,2017,Y035_039,0.20388641614805003
ZAF,ZAF2017HSRC,sexcohab,ZAF_2_DC8,ZF Mgcawu DM,19,2017,Y035_039,0.35638176512779146
ZAF,ZAF2017HSRC,sexnonregplus,ZAF_2_DC8,ZF Mgcawu DM,19,2017,Y035_039,0.4397318187241585
ZAF,ZAF2017HSRC,nosex12m,ZAF_2_DC8,ZF Mgcawu DM,19,2017,Y040_044,0.20113387027036544
ZAF,ZAF2017HSRC,sexcohab,ZAF_2_DC8,ZF Mgcawu DM,19,2017,Y040_044,0.4649634227704208
ZAF,ZAF2017HSRC,sexnonregplus,ZAF_2_DC8,ZF Mgcawu DM,19,2017,Y040_044,0.3339027069592137
ZAF,ZAF2017HSRC,nosex12m,ZAF_2_DC8,ZF Mgcawu DM,19,2017,Y045_049,0.2279553854050317
ZAF,ZAF2017HSRC,sexcohab,ZAF_2_DC8,ZF Mgcawu DM,19,2017,Y045_049,0.4987333371892312
ZAF,ZAF2017HSRC,sexnonregplus,ZAF_2_DC8,ZF Mgcawu DM,19,2017,Y045_049,0.2733112774057371
ZAF,ZAF2017HSRC,nosex12m,ZAF_2_DC9,Frances Baard DM,20,2017,Y015_019,0.7266024084591496
ZAF,ZAF2017HSRC,sexcohab,ZAF_2_DC9,Frances Baard DM,20,2017,Y015_019,0.00261849996961784
ZAF,ZAF2017HSRC,sexnonregplus,ZAF_2_DC9,Frances Baard DM,20,2017,Y015_019,0.27077909157123264
ZAF,ZAF2017HSRC,nosex12m,ZAF_2_DC9,Frances Baard DM,20,2017,Y020_024,0.32933016458159287
ZAF,ZAF2017HSRC,sexcohab,ZAF_2_DC9,Frances Baard DM,20,2017,Y020_024,0.02809264479750207
ZAF,ZAF2017HSRC,sexnonregplus,ZAF_2_DC9,Frances Baard DM,20,2017,Y020_024,0.642577190620905
ZAF,ZAF2017HSRC,nosex12m,ZAF_2_DC9,Frances Baard DM,20,2017,Y025_029,0.23031374728546608
ZAF,ZAF2017HSRC,sexcohab,ZAF_2_DC9,Frances Baard DM,20,2017,Y025_029,0.09574298579729933
ZAF,ZAF2017HSRC,sexnonregplus,ZAF_2_DC9,Frances Baard DM,20,2017,Y025_029,0.6739432669172346
ZAF,ZAF2017HSRC,nosex12m,ZAF_2_DC9,Frances Baard DM,20,2017,Y030_034,0.2016157161226044
ZAF,ZAF2017HSRC,sexcohab,ZAF_2_DC9,Frances Baard DM,20,2017,Y030_034,0.20364870536691615
ZAF,ZAF2017HSRC,sexnonregplus,ZAF_2_DC9,Frances Baard DM,20,2017,Y030_034,0.5947355785104794
ZAF,ZAF2017HSRC,nosex12m,ZAF_2_DC9,Frances Baard DM,20,2017,Y035_039,0.1924116611537772
ZAF,ZAF2017HSRC,sexcohab,ZAF_2_DC9,Frances Baard DM,20,2017,Y035_039,0.28884852833378755
ZAF,ZAF2017HSRC,sexnonregplus,ZAF_2_DC9,Frances Baard DM,20,2017,Y035_039,0.5187398105124352
ZAF,ZAF2017HSRC,nosex12m,ZAF_2_DC9,Frances Baard DM,20,2017,Y040_044,0.19764712333062895
ZAF,ZAF2017HSRC,sexcohab,ZAF_2_DC9,Frances Baard DM,20,2017,Y040_044,0.3923181059920752
ZAF,ZAF2017HSRC,sexnonregplus,ZAF_2_DC9,Frances Baard DM,20,2017,Y040_044,0.41003477067729577
ZAF,ZAF2017HSRC,nosex12m,ZAF_2_DC9,Frances Baard DM,20,2017,Y045_049,0.22845950542169688
ZAF,ZAF2017HSRC,sexcohab,ZAF_2_DC9,Frances Baard DM,20,2017,Y045_049,0.4291881243379345
ZAF,ZAF2017HSRC,sexnonregplus,ZAF_2_DC9,Frances Baard DM,20,2017,Y045_049,0.3423523702403686
ZAF,ZAF2017HSRC,nosex12m,ZAF_2_DC45,J T Gaetsewe DM,21,2017,Y015_019,0.7297525921094932
ZAF,ZAF2017HSRC,sexcohab,ZAF_2_DC45,J T Gaetsewe DM,21,2017,Y015_019,0.00231071729892538
ZAF,ZAF2017HSRC,sexnonregplus,ZAF_2_DC45,J T Gaetsewe DM,21,2017,Y015_019,0.26793669059158143
ZAF,ZAF2017HSRC,nosex12m,ZAF_2_DC45,J T Gaetsewe DM,21,2017,Y020_024,0.33621348898249503
ZAF,ZAF2017HSRC,sexcohab,ZAF_2_DC45,J T Gaetsewe DM,21,2017,Y020_024,0.02501760009730003
ZAF,ZAF2017HSRC,sexnonregplus,ZAF_2_DC45,J T Gaetsewe DM,21,2017,Y020_024,0.6387689109202049
ZAF,ZAF2017HSRC,nosex12m,ZAF_2_DC45,J T Gaetsewe DM,21,2017,Y025_029,0.23779567869860083
ZAF,ZAF2017HSRC,sexcohab,ZAF_2_DC45,J T Gaetsewe DM,21,2017,Y025_029,0.08602078595321119
ZAF,ZAF2017HSRC,sexnonregplus,ZAF_2_DC45,J T Gaetsewe DM,21,2017,Y025_029,0.676183535348188
ZAF,ZAF2017HSRC,nosex12m,ZAF_2_DC45,J T Gaetsewe DM,21,2017,Y030_034,0.21081800927186248
ZAF,ZAF2017HSRC,sexcohab,ZAF_2_DC45,J T Gaetsewe DM,21,2017,Y030_034,0.18467301218434873
ZAF,ZAF2017HSRC,sexnonregplus,ZAF_2_DC45,J T Gaetsewe DM,21,2017,Y030_034,0.6045089785437888
ZAF,ZAF2017HSRC,nosex12m,ZAF_2_DC45,J T Gaetsewe DM,21,2017,Y035_039,0.20320226546742387
ZAF,ZAF2017HSRC,sexcohab,ZAF_2_DC45,J T Gaetsewe DM,21,2017,Y035_039,0.2639350369600569
ZAF,ZAF2017HSRC,sexnonregplus,ZAF_2_DC45,J T Gaetsewe DM,21,2017,Y035_039,0.5328626975725193
ZAF,ZAF2017HSRC,nosex12m,ZAF_2_DC45,J T Gaetsewe DM,21,2017,Y040_044,0.2110536001135488
ZAF,ZAF2017HSRC,sexcohab,ZAF_2_DC45,J T Gaetsewe DM,21,2017,Y040_044,0.3620610163729064
ZAF,ZAF2017HSRC,sexnonregplus,ZAF_2_DC45,J T Gaetsewe DM,21,2017,Y040_044,0.4268853835135448
ZAF,ZAF2017HSRC,nosex12m,ZAF_2_DC45,J T Gaetsewe DM,21,2017,Y045_049,0.24469762594845124
ZAF,ZAF2017HSRC,sexcohab,ZAF_2_DC45,J T Gaetsewe DM,21,2017,Y045_049,0.3971993636462264
ZAF,ZAF2017HSRC,sexnonregplus,ZAF_2_DC45,J T Gaetsewe DM,21,2017,Y045_049,0.3581030104053224
ZAF,ZAF2017HSRC,nosex12m,ZAF_2_BUF,Buffalo City MM,22,2017,Y015_019,0.6973418131731675
ZAF,ZAF2017HSRC,sexcohab,ZAF_2_BUF,Buffalo City MM,22,2017,Y015_019,0.00266012551660875
ZAF,ZAF2017HSRC,sexnonregplus,ZAF_2_BUF,Buffalo City MM,22,2017,Y015_019,0.2999980613102238
ZAF,ZAF2017HSRC,nosex12m,ZAF_2_BUF,Buffalo City MM,22,2017,Y020_024,0.29972270514471416
ZAF,ZAF2017HSRC,sexcohab,ZAF_2_BUF,Buffalo City MM,22,2017,Y020_024,0.02700967525457235
ZAF,ZAF2017HSRC,sexnonregplus,ZAF_2_BUF,Buffalo City MM,22,2017,Y020_024,0.6732676196007135
ZAF,ZAF2017HSRC,nosex12m,ZAF_2_BUF,Buffalo City MM,22,2017,Y025_029,0.20806884817362672
ZAF,ZAF2017HSRC,sexcohab,ZAF_2_BUF,Buffalo City MM,22,2017,Y025_029,0.09127587756019982
ZAF,ZAF2017HSRC,sexnonregplus,ZAF_2_BUF,Buffalo City MM,22,2017,Y025_029,0.7006552742661735
ZAF,ZAF2017HSRC,nosex12m,ZAF_2_BUF,Buffalo City MM,22,2017,Y030_034,0.18325659359488777
ZAF,ZAF2017HSRC,sexcohab,ZAF_2_BUF,Buffalo City MM,22,2017,Y030_034,0.19492307208047796
ZAF,ZAF2017HSRC,sexnonregplus,ZAF_2_BUF,Buffalo City MM,22,2017,Y030_034,0.6218203343246343
ZAF,ZAF2017HSRC,nosex12m,ZAF_2_BUF,Buffalo City MM,22,2017,Y035_039,0.17601430062545603
ZAF,ZAF2017HSRC,sexcohab,ZAF_2_BUF,Buffalo City MM,22,2017,Y035_039,0.27788454457528206
ZAF,ZAF2017HSRC,sexnonregplus,ZAF_2_BUF,Buffalo City MM,22,2017,Y035_039,0.5461011547992619
ZAF,ZAF2017HSRC,nosex12m,ZAF_2_BUF,Buffalo City MM,22,2017,Y040_044,0.1828034141710484
ZAF,ZAF2017HSRC,sexcohab,ZAF_2_BUF,Buffalo City MM,22,2017,Y040_044,0.38096841106605533
ZAF,ZAF2017HSRC,sexnonregplus,ZAF_2_BUF,Buffalo City MM,22,2017,Y040_044,0.4362281747628962
ZAF,ZAF2017HSRC,nosex12m,ZAF_2_BUF,Buffalo City MM,22,2017,Y045_049,0.21296889040729997
ZAF,ZAF2017HSRC,sexcohab,ZAF_2_BUF,Buffalo City MM,22,2017,Y045_049,0.4198546599924648
ZAF,ZAF2017HSRC,sexnonregplus,ZAF_2_BUF,Buffalo City MM,22,2017,Y045_049,0.36717644960023527
ZAF,ZAF2017HSRC,nosex12m,ZAF_2_NMA,N Mandela Bay MM,23,2017,Y015_019,0.7226386624619441
ZAF,ZAF2017HSRC,sexcohab,ZAF_2_NMA,N Mandela Bay MM,23,2017,Y015_019,0.00401129201201101
ZAF,ZAF2017HSRC,sexnonregplus,ZAF_2_NMA,N Mandela Bay MM,23,2017,Y015_019,0.27335004552604486
ZAF,ZAF2017HSRC,nosex12m,ZAF_2_NMA,N Mandela Bay MM,23,2017,Y020_024,0.3214870545210958
ZAF,ZAF2017HSRC,sexcohab,ZAF_2_NMA,N Mandela Bay MM,23,2017,Y020_024,0.04231652261814814
ZAF,ZAF2017HSRC,sexnonregplus,ZAF_2_NMA,N Mandela Bay MM,23,2017,Y020_024,0.6361964228607561
ZAF,ZAF2017HSRC,nosex12m,ZAF_2_NMA,N Mandela Bay MM,23,2017,Y025_029,0.21704534707107337
ZAF,ZAF2017HSRC,sexcohab,ZAF_2_NMA,N Mandela Bay MM,23,2017,Y025_029,0.1389268086069207
ZAF,ZAF2017HSRC,sexnonregplus,ZAF_2_NMA,N Mandela Bay MM,23,2017,Y025_029,0.6440278443220059
ZAF,ZAF2017HSRC,nosex12m,ZAF_2_NMA,N Mandela Bay MM,23,2017,Y030_034,0.18038002716662055
ZAF,ZAF2017HSRC,sexcohab,ZAF_2_NMA,N Mandela Bay MM,23,2017,Y030_034,0.2801273849156094
ZAF,ZAF2017HSRC,sexnonregplus,ZAF_2_NMA,N Mandela Bay MM,23,2017,Y030_034,0.5394925879177701
ZAF,ZAF2017HSRC,nosex12m,ZAF_2_NMA,N Mandela Bay MM,23,2017,Y035_039,0.16563172265199816
ZAF,ZAF2017HSRC,sexcohab,ZAF_2_NMA,N Mandela Bay MM,23,2017,Y035_039,0.38173333141053006
ZAF,ZAF2017HSRC,sexnonregplus,ZAF_2_NMA,N Mandela Bay MM,23,2017,Y035_039,0.4526349459374718
ZAF,ZAF2017HSRC,nosex12m,ZAF_2_NMA,N Mandela Bay MM,23,2017,Y040_044,0.1626008199678943
ZAF,ZAF2017HSRC,sexcohab,ZAF_2_NMA,N Mandela Bay MM,23,2017,Y040_044,0.4953517622275831
ZAF,ZAF2017HSRC,sexnonregplus,ZAF_2_NMA,N Mandela Bay MM,23,2017,Y040_044,0.3420474178045226
ZAF,ZAF2017HSRC,nosex12m,ZAF_2_NMA,N Mandela Bay MM,23,2017,Y045_049,0.1851302159149271
ZAF,ZAF2017HSRC,sexcohab,ZAF_2_NMA,N Mandela Bay MM,23,2017,Y045_049,0.5336097013548009
ZAF,ZAF2017HSRC,sexnonregplus,ZAF_2_NMA,N Mandela Bay MM,23,2017,Y045_049,0.28126008273027203
ZAF,ZAF2017HSRC,nosex12m,ZAF_2_DC10,Sarah Baartman DM,24,2017,Y015_019,0.7630882044507076
ZAF,ZAF2017HSRC,sexcohab,ZAF_2_DC10,Sarah Baartman DM,24,2017,Y015_019,0.00351147668041047
ZAF,ZAF2017HSRC,sexnonregplus,ZAF_2_DC10,Sarah Baartman DM,24,2017,Y015_019,0.2334003188688819
ZAF,ZAF2017HSRC,nosex12m,ZAF_2_DC10,Sarah Baartman DM,24,2017,Y020_024,0.36932987835341663
ZAF,ZAF2017HSRC,sexcohab,ZAF_2_DC10,Sarah Baartman DM,24,2017,Y020_024,0.04032414900551141
ZAF,ZAF2017HSRC,sexnonregplus,ZAF_2_DC10,Sarah Baartman DM,24,2017,Y020_024,0.590345972641072
ZAF,ZAF2017HSRC,nosex12m,ZAF_2_DC10,Sarah Baartman DM,24,2017,Y025_029,0.2546392326030948
ZAF,ZAF2017HSRC,sexcohab,ZAF_2_DC10,Sarah Baartman DM,24,2017,Y025_029,0.13530982318490678
ZAF,ZAF2017HSRC,sexnonregplus,ZAF_2_DC10,Sarah Baartman DM,24,2017,Y025_029,0.6100509442119985
ZAF,ZAF2017HSRC,nosex12m,ZAF_2_DC10,Sarah Baartman DM,24,2017,Y030_034,0.2125676508070678
ZAF,ZAF2017HSRC,sexcohab,ZAF_2_DC10,Sarah Baartman DM,24,2017,Y030_034,0.27406986977139447
ZAF,ZAF2017HSRC,sexnonregplus,ZAF_2_DC10,Sarah Baartman DM,24,2017,Y030_034,0.5133624794215378
ZAF,ZAF2017HSRC,nosex12m,ZAF_2_DC10,Sarah Baartman DM,24,2017,Y035_039,0.1953237659546379
ZAF,ZAF2017HSRC,sexcohab,ZAF_2_DC10,Sarah Baartman DM,24,2017,Y035_039,0.3737293427609704
ZAF,ZAF2017HSRC,sexnonregplus,ZAF_2_DC10,Sarah Baartman DM,24,2017,Y035_039,0.4309468912843918
ZAF,ZAF2017HSRC,nosex12m,ZAF_2_DC10,Sarah Baartman DM,24,2017,Y040_044,0.19126596655610975
ZAF,ZAF2017HSRC,sexcohab,ZAF_2_DC10,Sarah Baartman DM,24,2017,Y040_044,0.4839095272655027
ZAF,ZAF2017HSRC,sexnonregplus,ZAF_2_DC10,Sarah Baartman DM,24,2017,Y040_044,0.32482450617838754
ZAF,ZAF2017HSRC,nosex12m,ZAF_2_DC10,Sarah Baartman DM,24,2017,Y045_049,0.2163916382375857
ZAF,ZAF2017HSRC,sexcohab,ZAF_2_DC10,Sarah Baartman DM,24,2017,Y045_049,0.5181382588309889
ZAF,ZAF2017HSRC,sexnonregplus,ZAF_2_DC10,Sarah Baartman DM,24,2017,Y045_049,0.2654701029314254
ZAF,ZAF2017HSRC,nosex12m,ZAF_2_DC12,Amathole DM,25,2017,Y015_019,0.7173364788118296
ZAF,ZAF2017HSRC,sexcohab,ZAF_2_DC12,Amathole DM,25,2017,Y015_019,0.00162065972470042
ZAF,ZAF2017HSRC,sexnonregplus,ZAF_2_DC12,Amathole DM,25,2017,Y015_019,0.2810428614634699
ZAF,ZAF2017HSRC,nosex12m,ZAF_2_DC12,Amathole DM,25,2017,Y020_024,0.3224548244578028
ZAF,ZAF2017HSRC,sexcohab,ZAF_2_DC12,Amathole DM,25,2017,Y020_024,0.01721650748325772
ZAF,ZAF2017HSRC,sexnonregplus,ZAF_2_DC12,Amathole DM,25,2017,Y020_024,0.6603286680589394
ZAF,ZAF2017HSRC,nosex12m,ZAF_2_DC12,Amathole DM,25,2017,Y025_029,0.2309733777919149
ZAF,ZAF2017HSRC,sexcohab,ZAF_2_DC12,Amathole DM,25,2017,Y025_029,0.05998780668005146
ZAF,ZAF2017HSRC,sexnonregplus,ZAF_2_DC12,Amathole DM,25,2017,Y025_029,0.7090388155280336
ZAF,ZAF2017HSRC,nosex12m,ZAF_2_DC12,Amathole DM,25,2017,Y030_034,0.21165076989314632
ZAF,ZAF2017HSRC,sexcohab,ZAF_2_DC12,Amathole DM,25,2017,Y030_034,0.1335190928393131
ZAF,ZAF2017HSRC,sexnonregplus,ZAF_2_DC12,Amathole DM,25,2017,Y030_034,0.6548301372675406
ZAF,ZAF2017HSRC,nosex12m,ZAF_2_DC12,Amathole DM,25,2017,Y035_039,0.20989653165013536
ZAF,ZAF2017HSRC,sexcohab,ZAF_2_DC12,Amathole DM,25,2017,Y035_039,0.19657917139050027
ZAF,ZAF2017HSRC,sexnonregplus,ZAF_2_DC12,Amathole DM,25,2017,Y035_039,0.5935242969593644
ZAF,ZAF2017HSRC,nosex12m,ZAF_2_DC12,Amathole DM,25,2017,Y040_044,0.226536714118519
ZAF,ZAF2017HSRC,sexcohab,ZAF_2_DC12,Amathole DM,25,2017,Y040_044,0.2804033983063148
ZAF,ZAF2017HSRC,sexnonregplus,ZAF_2_DC12,Amathole DM,25,2017,Y040_044,0.4930598875751662
ZAF,ZAF2017HSRC,nosex12m,ZAF_2_DC12,Amathole DM,25,2017,Y045_049,0.2671078462693935
ZAF,ZAF2017HSRC,sexcohab,ZAF_2_DC12,Amathole DM,25,2017,Y045_049,0.3128325685057088
ZAF,ZAF2017HSRC,sexnonregplus,ZAF_2_DC12,Amathole DM,25,2017,Y045_049,0.4200595852248977
ZAF,ZAF2017HSRC,nosex12m,ZAF_2_DC13,C Hani DM,26,2017,Y015_019,0.728963435328369
ZAF,ZAF2017HSRC,sexcohab,ZAF_2_DC13,C Hani DM,26,2017,Y015_019,0.00178367521955543
ZAF,ZAF2017HSRC,sexnonregplus,ZAF_2_DC13,C Hani DM,26,2017,Y015_019,0.2692528894520755
ZAF,ZAF2017HSRC,nosex12m,ZAF_2_DC13,C Hani DM,26,2017,Y020_024,0.3342219652078219
ZAF,ZAF2017HSRC,sexcohab,ZAF_2_DC13,C Hani DM,26,2017,Y020_024,0.01937166051543898
ZAF,ZAF2017HSRC,sexnonregplus,ZAF_2_DC13,C Hani DM,26,2017,Y020_024,0.6464063742767392
ZAF,ZAF2017HSRC,nosex12m,ZAF_2_DC13,C Hani DM,26,2017,Y025_029,0.2390591763665852
ZAF,ZAF2017HSRC,sexcohab,ZAF_2_DC13,C Hani DM,26,2017,Y025_029,0.06749407647379797
ZAF,ZAF2017HSRC,sexnonregplus,ZAF_2_DC13,C Hani DM,26,2017,Y025_029,0.6934467471596168
ZAF,ZAF2017HSRC,nosex12m,ZAF_2_DC13,C Hani DM,26,2017,Y030_034,0.2169633203579926
ZAF,ZAF2017HSRC,sexcohab,ZAF_2_DC13,C Hani DM,26,2017,Y030_034,0.1487754872891288
ZAF,ZAF2017HSRC,sexnonregplus,ZAF_2_DC13,C Hani DM,26,2017,Y030_034,0.6342611923528786
ZAF,ZAF2017HSRC,nosex12m,ZAF_2_DC13,C Hani DM,26,2017,Y035_039,0.21321389734447535
ZAF,ZAF2017HSRC,sexcohab,ZAF_2_DC13,C Hani DM,26,2017,Y035_039,0.2171829745736397
ZAF,ZAF2017HSRC,sexnonregplus,ZAF_2_DC13,C Hani DM,26,2017,Y035_039,0.569603128081885
ZAF,ZAF2017HSRC,nosex12m,ZAF_2_DC13,C Hani DM,26,2017,Y040_044,0.22715306486061104
ZAF,ZAF2017HSRC,sexcohab,ZAF_2_DC13,C Hani DM,26,2017,Y040_044,0.305902009684403
ZAF,ZAF2017HSRC,sexnonregplus,ZAF_2_DC13,C Hani DM,26,2017,Y040_044,0.4669449254549859
ZAF,ZAF2017HSRC,nosex12m,ZAF_2_DC13,C Hani DM,26,2017,Y045_049,0.2659600516223194
ZAF,ZAF2017HSRC,sexcohab,ZAF_2_DC13,C Hani DM,26,2017,Y045_049,0.3390324261389451
ZAF,ZAF2017HSRC,sexnonregplus,ZAF_2_DC13,C Hani DM,26,2017,Y045_049,0.39500752223873553
ZAF,ZAF2017HSRC,nosex12m,ZAF_2_DC14,Joe Gqabi DM,27,2017,Y015_019,0.7010161810530179
ZAF,ZAF2017HSRC,sexcohab,ZAF_2_DC14,Joe Gqabi DM,27,2017,Y015_019,0.0019661338431548
ZAF,ZAF2017HSRC,sexnonregplus,ZAF_2_DC14,Joe Gqabi DM,27,2017,Y015_019,0.29701768510382737
ZAF,ZAF2017HSRC,nosex12m,ZAF_2_DC14,Joe Gqabi DM,27,2017,Y020_024,0.30619719370610204
ZAF,ZAF2017HSRC,sexcohab,ZAF_2_DC14,Joe Gqabi DM,27,2017,Y020_024,0.02027180532037087
ZAF,ZAF2017HSRC,sexnonregplus,ZAF_2_DC14,Joe Gqabi DM,27,2017,Y020_024,0.673531000973527
ZAF,ZAF2017HSRC,nosex12m,ZAF_2_DC14,Joe Gqabi DM,27,2017,Y025_029,0.2166011339958832
ZAF,ZAF2017HSRC,sexcohab,ZAF_2_DC14,Joe Gqabi DM,27,2017,Y025_029,0.06980415641349316
ZAF,ZAF2017HSRC,sexnonregplus,ZAF_2_DC14,Joe Gqabi DM,27,2017,Y025_029,0.7135947095906237
ZAF,ZAF2017HSRC,nosex12m,ZAF_2_DC14,Joe Gqabi DM,27,2017,Y030_034,0.19595857117316237
ZAF,ZAF2017HSRC,sexcohab,ZAF_2_DC14,Joe Gqabi DM,27,2017,Y030_034,0.1531836345154074
ZAF,ZAF2017HSRC,sexnonregplus,ZAF_2_DC14,Joe Gqabi DM,27,2017,Y030_034,0.6508577943114302
ZAF,ZAF2017HSRC,nosex12m,ZAF_2_DC14,Joe Gqabi DM,27,2017,Y035_039,0.19242306752298127
ZAF,ZAF2017HSRC,sexcohab,ZAF_2_DC14,Joe Gqabi DM,27,2017,Y035_039,0.22324030058576175
ZAF,ZAF2017HSRC,sexnonregplus,ZAF_2_DC14,Joe Gqabi DM,27,2017,Y035_039,0.584336631891257
ZAF,ZAF2017HSRC,nosex12m,ZAF_2_DC14,Joe Gqabi DM,27,2017,Y040_044,0.20518223536730232
ZAF,ZAF2017HSRC,sexcohab,ZAF_2_DC14,Joe Gqabi DM,27,2017,Y040_044,0.31451582684571705
ZAF,ZAF2017HSRC,sexnonregplus,ZAF_2_DC14,Joe Gqabi DM,27,2017,Y040_044,0.4803019377869806
ZAF,ZAF2017HSRC,nosex12m,ZAF_2_DC14,Joe Gqabi DM,27,2017,Y045_049,0.24139638901306784
ZAF,ZAF2017HSRC,sexcohab,ZAF_2_DC14,Joe Gqabi DM,27,2017,Y045_049,0.35009798895177063
ZAF,ZAF2017HSRC,sexnonregplus,ZAF_2_DC14,Joe Gqabi DM,27,2017,Y045_049,0.4085056220351615
ZAF,ZAF2017HSRC,nosex12m,ZAF_2_DC15,O Tambo DM,28,2017,Y015_019,0.7597415808630764
ZAF,ZAF2017HSRC,sexcohab,ZAF_2_DC15,O Tambo DM,28,2017,Y015_019,0.0014256677002477
ZAF,ZAF2017HSRC,sexnonregplus,ZAF_2_DC15,O Tambo DM,28,2017,Y015_019,0.23883275143667584
ZAF,ZAF2017HSRC,nosex12m,ZAF_2_DC15,O Tambo DM,28,2017,Y020_024,0.3712077526791232
ZAF,ZAF2017HSRC,sexcohab,ZAF_2_DC15,O Tambo DM,28,2017,Y020_024,0.01654774925551125
ZAF,ZAF2017HSRC,sexnonregplus,ZAF_2_DC15,O Tambo DM,28,2017,Y020_024,0.6122444980653655
ZAF,ZAF2017HSRC,nosex12m,ZAF_2_DC15,O Tambo DM,28,2017,Y025_029,0.27090106334806313
ZAF,ZAF2017HSRC,sexcohab,ZAF_2_DC15,O Tambo DM,28,2017,Y025_029,0.05886921989716345
ZAF,ZAF2017HSRC,sexnonregplus,ZAF_2_DC15,O Tambo DM,28,2017,Y025_029,0.6702297167547734
ZAF,ZAF2017HSRC,nosex12m,ZAF_2_DC15,O Tambo DM,28,2017,Y030_034,0.24868266943229211
ZAF,ZAF2017HSRC,sexcohab,ZAF_2_DC15,O Tambo DM,28,2017,Y030_034,0.13127569307156467
ZAF,ZAF2017HSRC,sexnonregplus,ZAF_2_DC15,O Tambo DM,28,2017,Y030_034,0.6200416374961432
ZAF,ZAF2017HSRC,nosex12m,ZAF_2_DC15,O Tambo DM,28,2017,Y035_039,0.2461872659154408
ZAF,ZAF2017HSRC,sexcohab,ZAF_2_DC15,O Tambo DM,28,2017,Y035_039,0.1929910240572799
ZAF,ZAF2017HSRC,sexnonregplus,ZAF_2_DC15,O Tambo DM,28,2017,Y035_039,0.5608217100272793
ZAF,ZAF2017HSRC,nosex12m,ZAF_2_DC15,O Tambo DM,28,2017,Y040_044,0.26383382182931087
ZAF,ZAF2017HSRC,sexcohab,ZAF_2_DC15,O Tambo DM,28,2017,Y040_044,0.2735697821663419
ZAF,ZAF2017HSRC,sexnonregplus,ZAF_2_DC15,O Tambo DM,28,2017,Y040_044,0.4625963960043472
ZAF,ZAF2017HSRC,nosex12m,ZAF_2_DC15,O Tambo DM,28,2017,Y045_049,0.3079259536484707
ZAF,ZAF2017HSRC,sexcohab,ZAF_2_DC15,O Tambo DM,28,2017,Y045_049,0.3021656674642035
ZAF,ZAF2017HSRC,sexnonregplus,ZAF_2_DC15,O Tambo DM,28,2017,Y045_049,0.38990837888732577
ZAF,ZAF2017HSRC,nosex12m,ZAF_2_DC44,A Nzo DM,29,2017,Y015_019,0.7472774945698937
ZAF,ZAF2017HSRC,sexcohab,ZAF_2_DC44,A Nzo DM,29,2017,Y015_019,0.00168510291846903
ZAF,ZAF2017HSRC,sexnonregplus,ZAF_2_DC44,A Nzo DM,29,2017,Y015_019,0.2510374025116373
ZAF,ZAF2017HSRC,nosex12m,ZAF_2_DC44,A Nzo DM,29,2017,Y020_024,0.3559280722308172
ZAF,ZAF2017HSRC,sexcohab,ZAF_2_DC44,A Nzo DM,29,2017,Y020_024,0.01893075196447046
ZAF,ZAF2017HSRC,sexnonregplus,ZAF_2_DC44,A Nzo DM,29,2017,Y020_024,0.6251411758047124
ZAF,ZAF2017HSRC,nosex12m,ZAF_2_DC44,A Nzo DM,29,2017,Y025_029,0.25691200302975303
ZAF,ZAF2017HSRC,sexcohab,ZAF_2_DC44,A Nzo DM,29,2017,Y025_029,0.06655748326445404
ZAF,ZAF2017HSRC,sexnonregplus,ZAF_2_DC44,A Nzo DM,29,2017,Y025_029,0.6765305137057929
ZAF,ZAF2017HSRC,nosex12m,ZAF_2_DC44,A Nzo DM,29,2017,Y030_034,0.23357218090284568
ZAF,ZAF2017HSRC,sexcohab,ZAF_2_DC44,A Nzo DM,29,2017,Y030_034,0.14668631198578513
ZAF,ZAF2017HSRC,sexnonregplus,ZAF_2_DC44,A Nzo DM,29,2017,Y030_034,0.6197415071113692
ZAF,ZAF2017HSRC,nosex12m,ZAF_2_DC44,A Nzo DM,29,2017,Y035_039,0.22949380032239616
ZAF,ZAF2017HSRC,sexcohab,ZAF_2_DC44,A Nzo DM,29,2017,Y035_039,0.21397598071612992
ZAF,ZAF2017HSRC,sexnonregplus,ZAF_2_DC44,A Nzo DM,29,2017,Y035_039,0.5565302189614739
ZAF,ZAF2017HSRC,nosex12m,ZAF_2_DC44,A Nzo DM,29,2017,Y040_044,0.24392764253686552
ZAF,ZAF2017HSRC,sexcohab,ZAF_2_DC44,A Nzo DM,29,2017,Y040_044,0.3005631018996001
ZAF,ZAF2017HSRC,sexnonregplus,ZAF_2_DC44,A Nzo DM,29,2017,Y040_044,0.45550925556353433
ZAF,ZAF2017HSRC,nosex12m,ZAF_2_DC44,A Nzo DM,29,2017,Y045_049,0.28448943782807806
ZAF,ZAF2017HSRC,sexcohab,ZAF_2_DC44,A Nzo DM,29,2017,Y045_049,0.33170641898654746
ZAF,ZAF2017HSRC,sexnonregplus,ZAF_2_DC44,A Nzo DM,29,2017,Y045_049,0.3838041431853744
ZAF,ZAF2017HSRC,nosex12m,ZAF_2_MAN,Mangaung MM,30,2017,Y015_019,0.6883744500455027
ZAF,ZAF2017HSRC,sexcohab,ZAF_2_MAN,Mangaung MM,30,2017,Y015_019,0.00536705036810096
ZAF,ZAF2017HSRC,sexnonregplus,ZAF_2_MAN,Mangaung MM,30,2017,Y015_019,0.30625849958639634
ZAF,ZAF2017HSRC,nosex12m,ZAF_2_MAN,Mangaung MM,30,2017,Y020_024,0.2846914860680492
ZAF,ZAF2017HSRC,sexcohab,ZAF_2_MAN,Mangaung MM,30,2017,Y020_024,0.05254863552806643
ZAF,ZAF2017HSRC,sexnonregplus,ZAF_2_MAN,Mangaung MM,30,2017,Y020_024,0.6627598784038844
ZAF,ZAF2017HSRC,nosex12m,ZAF_2_MAN,Mangaung MM,30,2017,Y025_029,0.1855353300467368
ZAF,ZAF2017HSRC,sexcohab,ZAF_2_MAN,Mangaung MM,30,2017,Y025_029,0.16675546495385615
ZAF,ZAF2017HSRC,sexnonregplus,ZAF_2_MAN,Mangaung MM,30,2017,Y025_029,0.6477092049994071
ZAF,ZAF2017HSRC,nosex12m,ZAF_2_MAN,Mangaung MM,30,2017,Y030_034,0.14925938231696428
ZAF,ZAF2017HSRC,sexcohab,ZAF_2_MAN,Mangaung MM,30,2017,Y030_034,0.32554658015658167
ZAF,ZAF2017HSRC,sexnonregplus,ZAF_2_MAN,Mangaung MM,30,2017,Y030_034,0.5251940375264541
ZAF,ZAF2017HSRC,nosex12m,ZAF_2_MAN,Mangaung MM,30,2017,Y035_039,0.1341839650126946
ZAF,ZAF2017HSRC,sexcohab,ZAF_2_MAN,Mangaung MM,30,2017,Y035_039,0.4343632241342996
ZAF,ZAF2017HSRC,sexnonregplus,ZAF_2_MAN,Mangaung MM,30,2017,Y035_039,0.43145281085300574
ZAF,ZAF2017HSRC,nosex12m,ZAF_2_MAN,Mangaung MM,30,2017,Y040_044,0.12895303896265095
ZAF,ZAF2017HSRC,sexcohab,ZAF_2_MAN,Mangaung MM,30,2017,Y040_044,0.5519069033356875
ZAF,ZAF2017HSRC,sexnonregplus,ZAF_2_MAN,Mangaung MM,30,2017,Y040_044,0.31914005770166154
ZAF,ZAF2017HSRC,nosex12m,ZAF_2_MAN,Mangaung MM,30,2017,Y045_049,0.146321406997536
ZAF,ZAF2017HSRC,sexcohab,ZAF_2_MAN,Mangaung MM,30,2017,Y045_049,0.5922817358676644
ZAF,ZAF2017HSRC,sexnonregplus,ZAF_2_MAN,Mangaung MM,30,2017,Y045_049,0.26139685713479954
ZAF,ZAF2017HSRC,nosex12m,ZAF_2_DC16,Xhariep DM,31,2017,Y015_019,0.7344022538136629
ZAF,ZAF2017HSRC,sexcohab,ZAF_2_DC16,Xhariep DM,31,2017,Y015_019,0.00382640825679369
ZAF,ZAF2017HSRC,sexnonregplus,ZAF_2_DC16,Xhariep DM,31,2017,Y015_019,0.2617713379295434
ZAF,ZAF2017HSRC,nosex12m,ZAF_2_DC16,Xhariep DM,31,2017,Y020_024,0.3366689236781846
ZAF,ZAF2017HSRC,sexcohab,ZAF_2_DC16,Xhariep DM,31,2017,Y020_024,0.04128781244691214
ZAF,ZAF2017HSRC,sexnonregplus,ZAF_2_DC16,Xhariep DM,31,2017,Y020_024,0.6220432638749033
ZAF,ZAF2017HSRC,nosex12m,ZAF_2_DC16,Xhariep DM,31,2017,Y025_029,0.2292309692068279
ZAF,ZAF2017HSRC,sexcohab,ZAF_2_DC16,Xhariep DM,31,2017,Y025_029,0.13667479605546606
ZAF,ZAF2017HSRC,sexnonregplus,ZAF_2_DC16,Xhariep DM,31,2017,Y025_029,0.634094234737706
ZAF,ZAF2017HSRC,nosex12m,ZAF_2_DC16,Xhariep DM,31,2017,Y030_034,0.19104573452787857
ZAF,ZAF2017HSRC,sexcohab,ZAF_2_DC16,Xhariep DM,31,2017,Y030_034,0.2758899640791998
ZAF,ZAF2017HSRC,sexnonregplus,ZAF_2_DC16,Xhariep DM,31,2017,Y030_034,0.5330643013929216
ZAF,ZAF2017HSRC,nosex12m,ZAF_2_DC16,Xhariep DM,31,2017,Y035_039,0.17553564093089963
ZAF,ZAF2017HSRC,sexcohab,ZAF_2_DC16,Xhariep DM,31,2017,Y035_039,0.376187796185982
ZAF,ZAF2017HSRC,sexnonregplus,ZAF_2_DC16,Xhariep DM,31,2017,Y035_039,0.4482765628831184
ZAF,ZAF2017HSRC,nosex12m,ZAF_2_DC16,Xhariep DM,31,2017,Y040_044,0.17245399396289313
ZAF,ZAF2017HSRC,sexcohab,ZAF_2_DC16,Xhariep DM,31,2017,Y040_044,0.4881075664735855
ZAF,ZAF2017HSRC,sexnonregplus,ZAF_2_DC16,Xhariep DM,31,2017,Y040_044,0.3394384395635213
ZAF,ZAF2017HSRC,nosex12m,ZAF_2_DC16,Xhariep DM,31,2017,Y045_049,0.19601409423459332
ZAF,ZAF2017HSRC,sexcohab,ZAF_2_DC16,Xhariep DM,31,2017,Y045_049,0.5249590306640266
ZAF,ZAF2017HSRC,sexnonregplus,ZAF_2_DC16,Xhariep DM,31,2017,Y045_049,0.2790268751013801
ZAF,ZAF2017HSRC,nosex12m,ZAF_2_DC18,Lejweleputswa DM,32,2017,Y015_019,0.7077356208863286
ZAF,ZAF2017HSRC,sexcohab,ZAF_2_DC18,Lejweleputswa DM,32,2017,Y015_019,0.00344774152551412
ZAF,ZAF2017HSRC,sexnonregplus,ZAF_2_DC18,Lejweleputswa DM,32,2017,Y015_019,0.2888166375881573
ZAF,ZAF2017HSRC,nosex12m,ZAF_2_DC18,Lejweleputswa DM,32,2017,Y020_024,0.3073182210131057
ZAF,ZAF2017HSRC,sexcohab,ZAF_2_DC18,Lejweleputswa DM,32,2017,Y020_024,0.03551322975142722
ZAF,ZAF2017HSRC,sexnonregplus,ZAF_2_DC18,Lejweleputswa DM,32,2017,Y020_024,0.6571685492354671
ZAF,ZAF2017HSRC,nosex12m,ZAF_2_DC18,Lejweleputswa DM,32,2017,Y025_029,0.2095732232359787
ZAF,ZAF2017HSRC,sexcohab,ZAF_2_DC18,Lejweleputswa DM,32,2017,Y025_029,0.11802269829565244
ZAF,ZAF2017HSRC,sexnonregplus,ZAF_2_DC18,Lejweleputswa DM,32,2017,Y025_029,0.6724040784683689
ZAF,ZAF2017HSRC,nosex12m,ZAF_2_DC18,Lejweleputswa DM,32,2017,Y030_034,0.17855692311644017
ZAF,ZAF2017HSRC,sexcohab,ZAF_2_DC18,Lejweleputswa DM,32,2017,Y030_034,0.2441794484256627
ZAF,ZAF2017HSRC,sexnonregplus,ZAF_2_DC18,Lejweleputswa DM,32,2017,Y030_034,0.5772636284578971
ZAF,ZAF2017HSRC,nosex12m,ZAF_2_DC18,Lejweleputswa DM,32,2017,Y035_039,0.16704176693559647
ZAF,ZAF2017HSRC,sexcohab,ZAF_2_DC18,Lejweleputswa DM,32,2017,Y035_039,0.3394117488700094
ZAF,ZAF2017HSRC,sexnonregplus,ZAF_2_DC18,Lejweleputswa DM,32,2017,Y035_039,0.4935464841943941
ZAF,ZAF2017HSRC,nosex12m,ZAF_2_DC18,Lejweleputswa DM,32,2017,Y040_044,0.16776291120125558
ZAF,ZAF2017HSRC,sexcohab,ZAF_2_DC18,Lejweleputswa DM,32,2017,Y040_044,0.45080077860191264
ZAF,ZAF2017HSRC,sexnonregplus,ZAF_2_DC18,Lejweleputswa DM,32,2017,Y040_044,0.3814363101968318
ZAF,ZAF2017HSRC,nosex12m,ZAF_2_DC18,Lejweleputswa DM,32,2017,Y045_049,0.19286995619984384
ZAF,ZAF2017HSRC,sexcohab,ZAF_2_DC18,Lejweleputswa DM,32,2017,Y045_049,0.4904205651144271
ZAF,ZAF2017HSRC,sexnonregplus,ZAF_2_DC18,Lejweleputswa DM,32,2017,Y045_049,0.3167094786857291
ZAF,ZAF2017HSRC,nosex12m,ZAF_2_DC19,T Mofutsanyana DM,33,2017,Y015_019,0.7474386488515145
ZAF,ZAF2017HSRC,sexcohab,ZAF_2_DC19,T Mofutsanyana DM,33,2017,Y015_019,0.00278332230476052
ZAF,ZAF2017HSRC,sexnonregplus,ZAF_2_DC19,T Mofutsanyana DM,33,2017,Y015_019,0.24977802884372505
ZAF,ZAF2017HSRC,nosex12m,ZAF_2_DC19,T Mofutsanyana DM,33,2017,Y020_024,0.3521718176601842
ZAF,ZAF2017HSRC,sexcohab,ZAF_2_DC19,T Mofutsanyana DM,33,2017,Y020_024,0.03110088300931478
ZAF,ZAF2017HSRC,sexnonregplus,ZAF_2_DC19,T Mofutsanyana DM,33,2017,Y020_024,0.6167272993305011
ZAF,ZAF2017HSRC,nosex12m,ZAF_2_DC19,T Mofutsanyana DM,33,2017,Y025_029,0.2465062410086173
ZAF,ZAF2017HSRC,sexcohab,ZAF_2_DC19,T Mofutsanyana DM,33,2017,Y025_029,0.10606758183921744
ZAF,ZAF2017HSRC,sexnonregplus,ZAF_2_DC19,T Mofutsanyana DM,33,2017,Y025_029,0.6474261771521653
ZAF,ZAF2017HSRC,nosex12m,ZAF_2_DC19,T Mofutsanyana DM,33,2017,Y030_034,0.21311595290656665
ZAF,ZAF2017HSRC,sexcohab,ZAF_2_DC19,T Mofutsanyana DM,33,2017,Y030_034,0.22275236150561015
ZAF,ZAF2017HSRC,sexnonregplus,ZAF_2_DC19,T Mofutsanyana DM,33,2017,Y030_034,0.5641316855878232
ZAF,ZAF2017HSRC,nosex12m,ZAF_2_DC19,T Mofutsanyana DM,33,2017,Y035_039,0.20114586084010713
ZAF,ZAF2017HSRC,sexcohab,ZAF_2_DC19,T Mofutsanyana DM,33,2017,Y035_039,0.3123154989654491
ZAF,ZAF2017HSRC,sexnonregplus,ZAF_2_DC19,T Mofutsanyana DM,33,2017,Y035_039,0.4865386401944438
ZAF,ZAF2017HSRC,nosex12m,ZAF_2_DC19,T Mofutsanyana DM,33,2017,Y040_044,0.20341877066156433
ZAF,ZAF2017HSRC,sexcohab,ZAF_2_DC19,T Mofutsanyana DM,33,2017,Y040_044,0.4178699264349394
ZAF,ZAF2017HSRC,sexnonregplus,ZAF_2_DC19,T Mofutsanyana DM,33,2017,Y040_044,0.37871130290349625
ZAF,ZAF2017HSRC,nosex12m,ZAF_2_DC19,T Mofutsanyana DM,33,2017,Y045_049,0.23317421839834224
ZAF,ZAF2017HSRC,sexcohab,ZAF_2_DC19,T Mofutsanyana DM,33,2017,Y045_049,0.4533144917144193
ZAF,ZAF2017HSRC,sexnonregplus,ZAF_2_DC19,T Mofutsanyana DM,33,2017,Y045_049,0.3135112898872384
ZAF,ZAF2017HSRC,nosex12m,ZAF_2_DC20,Fezile Dabi DM,34,2017,Y015_019,0.7219632644297469
ZAF,ZAF2017HSRC,sexcohab,ZAF_2_DC20,Fezile Dabi DM,34,2017,Y015_019,0.00337499823099883
ZAF,ZAF2017HSRC,sexnonregplus,ZAF_2_DC20,Fezile Dabi DM,34,2017,Y015_019,0.2746617373392543
ZAF,ZAF2017HSRC,nosex12m,ZAF_2_DC20,Fezile Dabi DM,34,2017,Y020_024,0.3234207194304011
ZAF,ZAF2017HSRC,sexcohab,ZAF_2_DC20,Fezile Dabi DM,34,2017,Y020_024,0.03566955964611313
ZAF,ZAF2017HSRC,sexnonregplus,ZAF_2_DC20,Fezile Dabi DM,34,2017,Y020_024,0.6409097209234857
ZAF,ZAF2017HSRC,nosex12m,ZAF_2_DC20,Fezile Dabi DM,34,2017,Y025_029,0.22188363048649531
ZAF,ZAF2017HSRC,sexcohab,ZAF_2_DC20,Fezile Dabi DM,34,2017,Y025_029,0.11905479198280812
ZAF,ZAF2017HSRC,sexnonregplus,ZAF_2_DC20,Fezile Dabi DM,34,2017,Y025_029,0.6590615775306966
ZAF,ZAF2017HSRC,nosex12m,ZAF_2_DC20,Fezile Dabi DM,34,2017,Y030_034,0.18879551873599557
ZAF,ZAF2017HSRC,sexcohab,ZAF_2_DC20,Fezile Dabi DM,34,2017,Y030_034,0.24576319636398308
ZAF,ZAF2017HSRC,sexnonregplus,ZAF_2_DC20,Fezile Dabi DM,34,2017,Y030_034,0.5654412849000213
ZAF,ZAF2017HSRC,nosex12m,ZAF_2_DC20,Fezile Dabi DM,34,2017,Y035_039,0.17639129413542362
ZAF,ZAF2017HSRC,sexcohab,ZAF_2_DC20,Fezile Dabi DM,34,2017,Y035_039,0.3407397245544442
ZAF,ZAF2017HSRC,sexnonregplus,ZAF_2_DC20,Fezile Dabi DM,34,2017,Y035_039,0.4828689813101322
ZAF,ZAF2017HSRC,nosex12m,ZAF_2_DC20,Fezile Dabi DM,34,2017,Y040_044,0.17655528534215334
ZAF,ZAF2017HSRC,sexcohab,ZAF_2_DC20,Fezile Dabi DM,34,2017,Y040_044,0.450969503492755
ZAF,ZAF2017HSRC,sexnonregplus,ZAF_2_DC20,Fezile Dabi DM,34,2017,Y040_044,0.3724752111650917
ZAF,ZAF2017HSRC,nosex12m,ZAF_2_DC20,Fezile Dabi DM,34,2017,Y045_049,0.20233039649103995
ZAF,ZAF2017HSRC,sexcohab,ZAF_2_DC20,Fezile Dabi DM,34,2017,Y045_049,0.48917845968114543
ZAF,ZAF2017HSRC,sexnonregplus,ZAF_2_DC20,Fezile Dabi DM,34,2017,Y045_049,0.3084911438278146
ZAF,ZAF2017HSRC,nosex12m,ZAF_2_ETH,eThekwini MM,35,2017,Y015_019,0.721173683081602
ZAF,ZAF2017HSRC,sexcohab,ZAF_2_ETH,eThekwini MM,35,2017,Y015_019,0.00267662585524747
ZAF,ZAF2017HSRC,sexnonregplus,ZAF_2_ETH,eThekwini MM,35,2017,Y015_019,0.2761496910631505
ZAF,ZAF2017HSRC,nosex12m,ZAF_2_ETH,eThekwini MM,35,2017,Y020_024,0.3225937002669026
ZAF,ZAF2017HSRC,sexcohab,ZAF_2_ETH,eThekwini MM,35,2017,Y020_024,0.02842879471605345
ZAF,ZAF2017HSRC,sexnonregplus,ZAF_2_ETH,eThekwini MM,35,2017,Y020_024,0.6489775050170439
ZAF,ZAF2017HSRC,nosex12m,ZAF_2_ETH,eThekwini MM,35,2017,Y025_029,0.2247646745391086
ZAF,ZAF2017HSRC,sexcohab,ZAF_2_ETH,eThekwini MM,35,2017,Y025_029,0.0965478284207428
ZAF,ZAF2017HSRC,sexnonregplus,ZAF_2_ETH,eThekwini MM,35,2017,Y025_029,0.6786874970401486
ZAF,ZAF2017HSRC,nosex12m,ZAF_2_ETH,eThekwini MM,35,2017,Y030_034,0.19657835781353497
ZAF,ZAF2017HSRC,sexcohab,ZAF_2_ETH,eThekwini MM,35,2017,Y030_034,0.2052820574598101
ZAF,ZAF2017HSRC,sexnonregplus,ZAF_2_ETH,eThekwini MM,35,2017,Y030_034,0.598139584726655
ZAF,ZAF2017HSRC,nosex12m,ZAF_2_ETH,eThekwini MM,35,2017,Y035_039,0.18758853733413133
ZAF,ZAF2017HSRC,sexcohab,ZAF_2_ETH,eThekwini MM,35,2017,Y035_039,0.2910271431109956
ZAF,ZAF2017HSRC,sexnonregplus,ZAF_2_ETH,eThekwini MM,35,2017,Y035_039,0.5213843195548731
ZAF,ZAF2017HSRC,nosex12m,ZAF_2_ETH,eThekwini MM,35,2017,Y040_044,0.19260142269215624
ZAF,ZAF2017HSRC,sexcohab,ZAF_2_ETH,eThekwini MM,35,2017,Y040_044,0.3955249631654268
ZAF,ZAF2017HSRC,sexnonregplus,ZAF_2_ETH,eThekwini MM,35,2017,Y040_044,0.411873614142417
ZAF,ZAF2017HSRC,nosex12m,ZAF_2_ETH,eThekwini MM,35,2017,Y045_049,0.2228310834026151
ZAF,ZAF2017HSRC,sexcohab,ZAF_2_ETH,eThekwini MM,35,2017,Y045_049,0.4331239459102365
ZAF,ZAF2017HSRC,sexnonregplus,ZAF_2_ETH,eThekwini MM,35,2017,Y045_049,0.34404497068714845
ZAF,ZAF2017HSRC,nosex12m,ZAF_2_DC21,Ugu DM,36,2017,Y015_019,0.7758502919049419
ZAF,ZAF2017HSRC,sexcohab,ZAF_2_DC21,Ugu DM,36,2017,Y015_019,0.00176671985295622
ZAF,ZAF2017HSRC,sexnonregplus,ZAF_2_DC21,Ugu DM,36,2017,Y015_019,0.22238298824210184
ZAF,ZAF2017HSRC,nosex12m,ZAF_2_DC21,Ugu DM,36,2017,Y020_024,0.3912139725594315
ZAF,ZAF2017HSRC,sexcohab,ZAF_2_DC21,Ugu DM,36,2017,Y020_024,0.02111910844615445
ZAF,ZAF2017HSRC,sexnonregplus,ZAF_2_DC21,Ugu DM,36,2017,Y020_024,0.587666918994414
ZAF,ZAF2017HSRC,nosex12m,ZAF_2_DC21,Ugu DM,36,2017,Y025_029,0.2844385020245147
ZAF,ZAF2017HSRC,sexcohab,ZAF_2_DC21,Ugu DM,36,2017,Y025_029,0.07477204745684138
ZAF,ZAF2017HSRC,sexnonregplus,ZAF_2_DC21,Ugu DM,36,2017,Y025_029,0.6407894505186439
ZAF,ZAF2017HSRC,nosex12m,ZAF_2_DC21,Ugu DM,36,2017,Y030_034,0.25581546729106497
ZAF,ZAF2017HSRC,sexcohab,ZAF_2_DC21,Ugu DM,36,2017,Y030_034,0.16338654738690622
ZAF,ZAF2017HSRC,sexnonregplus,ZAF_2_DC21,Ugu DM,36,2017,Y030_034,0.5807979853220289
ZAF,ZAF2017HSRC,nosex12m,ZAF_2_DC21,Ugu DM,36,2017,Y035_039,0.24853522907597209
ZAF,ZAF2017HSRC,sexcohab,ZAF_2_DC21,Ugu DM,36,2017,Y035_039,0.23578997205725832
ZAF,ZAF2017HSRC,sexnonregplus,ZAF_2_DC21,Ugu DM,36,2017,Y035_039,0.5156747988667696
ZAF,ZAF2017HSRC,nosex12m,ZAF_2_DC21,Ugu DM,36,2017,Y040_044,0.2596125075283346
ZAF,ZAF2017HSRC,sexcohab,ZAF_2_DC21,Ugu DM,36,2017,Y040_044,0.32578060855793484
ZAF,ZAF2017HSRC,sexnonregplus,ZAF_2_DC21,Ugu DM,36,2017,Y040_044,0.4146068839137306
ZAF,ZAF2017HSRC,nosex12m,ZAF_2_DC21,Ugu DM,36,2017,Y045_049,0.2993019207082619
ZAF,ZAF2017HSRC,sexcohab,ZAF_2_DC21,Ugu DM,36,2017,Y045_049,0.355462756187066
ZAF,ZAF2017HSRC,sexnonregplus,ZAF_2_DC21,Ugu DM,36,2017,Y045_049,0.34523532310467203
ZAF,ZAF2017HSRC,nosex12m,ZAF_2_DC22,uMgungundlovu DM,37,2017,Y015_019,0.7892826053985653
ZAF,ZAF2017HSRC,sexcohab,ZAF_2_DC22,uMgungundlovu DM,37,2017,Y015_019,0.00149215310456712
ZAF,ZAF2017HSRC,sexnonregplus,ZAF_2_DC22,uMgungundlovu DM,37,2017,Y015_019,0.2092252414968676
ZAF,ZAF2017HSRC,nosex12m,ZAF_2_DC22,uMgungundlovu DM,37,2017,Y020_024,0.41044668231900194
ZAF,ZAF2017HSRC,sexcohab,ZAF_2_DC22,uMgungundlovu DM,37,2017,Y020_024,0.01839687270490074
ZAF,ZAF2017HSRC,sexnonregplus,ZAF_2_DC22,uMgungundlovu DM,37,2017,Y020_024,0.5711564449760973
ZAF,ZAF2017HSRC,nosex12m,ZAF_2_DC22,uMgungundlovu DM,37,2017,Y025_029,0.30246725039845995
ZAF,ZAF2017HSRC,sexcohab,ZAF_2_DC22,uMgungundlovu DM,37,2017,Y025_029,0.06607040391684788
ZAF,ZAF2017HSRC,sexnonregplus,ZAF_2_DC22,uMgungundlovu DM,37,2017,Y025_029,0.6314623456846922
ZAF,ZAF2017HSRC,nosex12m,ZAF_2_DC22,uMgungundlovu DM,37,2017,Y030_034,0.2751095984647039
ZAF,ZAF2017HSRC,sexcohab,ZAF_2_DC22,uMgungundlovu DM,37,2017,Y030_034,0.14607345418529286
ZAF,ZAF2017HSRC,sexnonregplus,ZAF_2_DC22,uMgungundlovu DM,37,2017,Y030_034,0.5788169473500032
ZAF,ZAF2017HSRC,nosex12m,ZAF_2_DC22,uMgungundlovu DM,37,2017,Y035_039,0.2694616679967428
ZAF,ZAF2017HSRC,sexcohab,ZAF_2_DC22,uMgungundlovu DM,37,2017,Y035_039,0.2125556853328495
ZAF,ZAF2017HSRC,sexnonregplus,ZAF_2_DC22,uMgungundlovu DM,37,2017,Y035_039,0.5179826466704077
ZAF,ZAF2017HSRC,nosex12m,ZAF_2_DC22,uMgungundlovu DM,37,2017,Y040_044,0.28381978725687707
ZAF,ZAF2017HSRC,sexcohab,ZAF_2_DC22,uMgungundlovu DM,37,2017,Y040_044,0.296299547648958
ZAF,ZAF2017HSRC,sexnonregplus,ZAF_2_DC22,uMgungundlovu DM,37,2017,Y040_044,0.41988066509416494
ZAF,ZAF2017HSRC,nosex12m,ZAF_2_DC22,uMgungundlovu DM,37,2017,Y045_049,0.3271677869601289
ZAF,ZAF2017HSRC,sexcohab,ZAF_2_DC22,uMgungundlovu DM,37,2017,Y045_049,0.32333113646044165
ZAF,ZAF2017HSRC,sexnonregplus,ZAF_2_DC22,uMgungundlovu DM,37,2017,Y045_049,0.3495010765794294
ZAF,ZAF2017HSRC,nosex12m,ZAF_2_DC23,Uthukela DM,38,2017,Y015_019,0.7784264420517155
ZAF,ZAF2017HSRC,sexcohab,ZAF_2_DC23,Uthukela DM,38,2017,Y015_019,0.0016783585644056301
ZAF,ZAF2017HSRC,sexnonregplus,ZAF_2_DC23,Uthukela DM,38,2017,Y015_019,0.2198951993838788
ZAF,ZAF2017HSRC,nosex12m,ZAF_2_DC23,Uthukela DM,38,2017,Y020_024,0.3949824170077474
ZAF,ZAF2017HSRC,sexcohab,ZAF_2_DC23,Uthukela DM,38,2017,Y020_024,0.02019407089513492
ZAF,ZAF2017HSRC,sexnonregplus,ZAF_2_DC23,Uthukela DM,38,2017,Y020_024,0.5848235120971177
ZAF,ZAF2017HSRC,nosex12m,ZAF_2_DC23,Uthukela DM,38,2017,Y025_029,0.2881905188190454
ZAF,ZAF2017HSRC,sexcohab,ZAF_2_DC23,Uthukela DM,38,2017,Y025_029,0.07179217618170658
ZAF,ZAF2017HSRC,sexnonregplus,ZAF_2_DC23,Uthukela DM,38,2017,Y025_029,0.640017304999248
ZAF,ZAF2017HSRC,nosex12m,ZAF_2_DC23,Uthukela DM,38,2017,Y030_034,0.260228492683435
ZAF,ZAF2017HSRC,sexcohab,ZAF_2_DC23,Uthukela DM,38,2017,Y030_034,0.1573922763426893
ZAF,ZAF2017HSRC,sexnonregplus,ZAF_2_DC23,Uthukela DM,38,2017,Y030_034,0.5823792309738757
ZAF,ZAF2017HSRC,nosex12m,ZAF_2_DC23,Uthukela DM,38,2017,Y035_039,0.25361502544491893
ZAF,ZAF2017HSRC,sexcohab,ZAF_2_DC23,Uthukela DM,38,2017,Y035_039,0.2277572084347137
ZAF,ZAF2017HSRC,sexnonregplus,ZAF_2_DC23,Uthukela DM,38,2017,Y035_039,0.5186277661203673
ZAF,ZAF2017HSRC,nosex12m,ZAF_2_DC23,Uthukela DM,38,2017,Y040_044,0.2658057803771247
ZAF,ZAF2017HSRC,sexcohab,ZAF_2_DC23,Uthukela DM,38,2017,Y040_044,0.31578548899181874
ZAF,ZAF2017HSRC,sexnonregplus,ZAF_2_DC23,Uthukela DM,38,2017,Y040_044,0.41840873063105655
ZAF,ZAF2017HSRC,nosex12m,ZAF_2_DC23,Uthukela DM,38,2017,Y045_049,0.30668371106988296
ZAF,ZAF2017HSRC,sexcohab,ZAF_2_DC23,Uthukela DM,38,2017,Y045_049,0.3447215280015747
ZAF,ZAF2017HSRC,sexnonregplus,ZAF_2_DC23,Uthukela DM,38,2017,Y045_049,0.34859476092854236
ZAF,ZAF2017HSRC,nosex12m,ZAF_2_DC24,Umzinyathi DM,39,2017,Y015_019,0.7990721086589763
ZAF,ZAF2017HSRC,sexcohab,ZAF_2_DC24,Umzinyathi DM,39,2017,Y015_019,0.00133611670896636
ZAF,ZAF2017HSRC,sexnonregplus,ZAF_2_DC24,Umzinyathi DM,39,2017,Y015_019,0.1995917746320574
ZAF,ZAF2017HSRC,nosex12m,ZAF_2_DC24,Umzinyathi DM,39,2017,Y020_024,0.42569190781928096
ZAF,ZAF2017HSRC,sexcohab,ZAF_2_DC24,Umzinyathi DM,39,2017,Y020_024,0.01692153392490004
ZAF,ZAF2017HSRC,sexnonregplus,ZAF_2_DC24,Umzinyathi DM,39,2017,Y020_024,0.557386558255819
ZAF,ZAF2017HSRC,nosex12m,ZAF_2_DC24,Umzinyathi DM,39,2017,Y025_029,0.3167173818409452
ZAF,ZAF2017HSRC,sexcohab,ZAF_2_DC24,Umzinyathi DM,39,2017,Y025_029,0.06133513810092664
ZAF,ZAF2017HSRC,sexnonregplus,ZAF_2_DC24,Umzinyathi DM,39,2017,Y025_029,0.6219474800581282
ZAF,ZAF2017HSRC,nosex12m,ZAF_2_DC24,Umzinyathi DM,39,2017,Y030_034,0.28987589554484905
ZAF,ZAF2017HSRC,sexcohab,ZAF_2_DC24,Umzinyathi DM,39,2017,Y030_034,0.13638320459332817
ZAF,ZAF2017HSRC,sexnonregplus,ZAF_2_DC24,Umzinyathi DM,39,2017,Y030_034,0.5737408998618228
ZAF,ZAF2017HSRC,nosex12m,ZAF_2_DC24,Umzinyathi DM,39,2017,Y035_039,0.28510693589360564
ZAF,ZAF2017HSRC,sexcohab,ZAF_2_DC24,Umzinyathi DM,39,2017,Y035_039,0.19925791327584663
ZAF,ZAF2017HSRC,sexnonregplus,ZAF_2_DC24,Umzinyathi DM,39,2017,Y035_039,0.5156351508305478
ZAF,ZAF2017HSRC,nosex12m,ZAF_2_DC24,Umzinyathi DM,39,2017,Y040_044,0.3015114920772513
ZAF,ZAF2017HSRC,sexcohab,ZAF_2_DC24,Umzinyathi DM,39,2017,Y040_044,0.27867670684218965
ZAF,ZAF2017HSRC,sexnonregplus,ZAF_2_DC24,Umzinyathi DM,39,2017,Y040_044,0.41981180108055904
ZAF,ZAF2017HSRC,nosex12m,ZAF_2_DC24,Umzinyathi DM,39,2017,Y045_049,0.34716922125156063
ZAF,ZAF2017HSRC,sexcohab,ZAF_2_DC24,Umzinyathi DM,39,2017,Y045_049,0.3037072692355221
ZAF,ZAF2017HSRC,sexnonregplus,ZAF_2_DC24,Umzinyathi DM,39,2017,Y045_049,0.34912350951291726
ZAF,ZAF2017HSRC,nosex12m,ZAF_2_DC25,Amajuba DM,40,2017,Y015_019,0.7799247672581504
ZAF,ZAF2017HSRC,sexcohab,ZAF_2_DC25,Amajuba DM,40,2017,Y015_019,0.00160886296202436
ZAF,ZAF2017HSRC,sexnonregplus,ZAF_2_DC25,Amajuba DM,40,2017,Y015_019,0.21846636977982525
ZAF,ZAF2017HSRC,nosex12m,ZAF_2_DC25,Amajuba DM,40,2017,Y020_024,0.3985997450098171
ZAF,ZAF2017HSRC,sexcohab,ZAF_2_DC25,Amajuba DM,40,2017,Y020_024,0.0194253583473389
ZAF,ZAF2017HSRC,sexnonregplus,ZAF_2_DC25,Amajuba DM,40,2017,Y020_024,0.5819748966428441
ZAF,ZAF2017HSRC,nosex12m,ZAF_2_DC25,Amajuba DM,40,2017,Y025_029,0.2920320804102757
ZAF,ZAF2017HSRC,sexcohab,ZAF_2_DC25,Amajuba DM,40,2017,Y025_029,0.069315416774345745
ZAF,ZAF2017HSRC,sexnonregplus,ZAF_2_DC25,Amajuba DM,40,2017,Y025_029,0.6386525028153786
ZAF,ZAF2017HSRC,nosex12m,ZAF_2_DC25,Amajuba DM,40,2017,Y030_034,0.26450519031748226
ZAF,ZAF2017HSRC,sexcohab,ZAF_2_DC25,Amajuba DM,40,2017,Y030_034,0.1523644971277891
ZAF,ZAF2017HSRC,sexnonregplus,ZAF_2_DC25,Amajuba DM,40,2017,Y030_034,0.5831303125547287
ZAF,ZAF2017HSRC,nosex12m,ZAF_2_DC25,Amajuba DM,40,2017,Y035_039,0.2584099206630696
ZAF,ZAF2017HSRC,sexcohab,ZAF_2_DC25,Amajuba DM,40,2017,Y035_039,0.22089639037282605
ZAF,ZAF2017HSRC,sexnonregplus,ZAF_2_DC25,Amajuba DM,40,2017,Y035_039,0.5206936889641044
ZAF,ZAF2017HSRC,nosex12m,ZAF_2_DC25,Amajuba DM,40,2017,Y040_044,0.27155808417270655
ZAF,ZAF2017HSRC,sexcohab,ZAF_2_DC25,Amajuba DM,40,2017,Y040_044,0.3069523501820303
ZAF,ZAF2017HSRC,sexnonregplus,ZAF_2_DC25,Amajuba DM,40,2017,Y040_044,0.42148956564526313
ZAF,ZAF2017HSRC,nosex12m,ZAF_2_DC25,Amajuba DM,40,2017,Y045_049,0.31323859841947427
ZAF,ZAF2017HSRC,sexcohab,ZAF_2_DC25,Amajuba DM,40,2017,Y045_049,0.335195716255847
ZAF,ZAF2017HSRC,sexnonregplus,ZAF_2_DC25,Amajuba DM,40,2017,Y045_049,0.35156568532467874
ZAF,ZAF2017HSRC,nosex12m,ZAF_2_DC26,Zululand DM,41,2017,Y015_019,0.7430751337804536
ZAF,ZAF2017HSRC,sexcohab,ZAF_2_DC26,Zululand DM,41,2017,Y015_019,0.00134998447851779
ZAF,ZAF2017HSRC,sexnonregplus,ZAF_2_DC26,Zululand DM,41,2017,Y015_019,0.25557488174102855
ZAF,ZAF2017HSRC,nosex12m,ZAF_2_DC26,Zululand DM,41,2017,Y020_024,0.3516064843916043
ZAF,ZAF2017HSRC,sexcohab,ZAF_2_DC26,Zululand DM,41,2017,Y020_024,0.01514582287231831
ZAF,ZAF2017HSRC,sexnonregplus,ZAF_2_DC26,Zululand DM,41,2017,Y020_024,0.6332476927360774
ZAF,ZAF2017HSRC,nosex12m,ZAF_2_DC26,Zululand DM,41,2017,Y025_029,0.25567294500856136
ZAF,ZAF2017HSRC,sexcohab,ZAF_2_DC26,Zululand DM,41,2017,Y025_029,0.05368492367909847
ZAF,ZAF2017HSRC,sexnonregplus,ZAF_2_DC26,Zululand DM,41,2017,Y025_029,0.6906421313123402
ZAF,ZAF2017HSRC,nosex12m,ZAF_2_DC26,Zululand DM,41,2017,Y030_034,0.23630654612487645
ZAF,ZAF2017HSRC,sexcohab,ZAF_2_DC26,Zululand DM,41,2017,Y030_034,0.12050545936114042
ZAF,ZAF2017HSRC,sexnonregplus,ZAF_2_DC26,Zululand DM,41,2017,Y030_034,0.6431879945139831
ZAF,ZAF2017HSRC,nosex12m,ZAF_2_DC26,Zululand DM,41,2017,Y035_039,0.23553366855406688
ZAF,ZAF2017HSRC,sexcohab,ZAF_2_DC26,Zululand DM,41,2017,Y035_039,0.1784795120411121
ZAF,ZAF2017HSRC,sexnonregplus,ZAF_2_DC26,Zululand DM,41,2017,Y035_039,0.5859868194048211
ZAF,ZAF2017HSRC,nosex12m,ZAF_2_DC26,Zululand DM,41,2017,Y040_044,0.2553065430797628
ZAF,ZAF2017HSRC,sexcohab,ZAF_2_DC26,Zululand DM,41,2017,Y040_044,0.25572678236743734
ZAF,ZAF2017HSRC,sexnonregplus,ZAF_2_DC26,Zululand DM,41,2017,Y040_044,0.48896667455279985
ZAF,ZAF2017HSRC,nosex12m,ZAF_2_DC26,Zululand DM,41,2017,Y045_049,0.3000738234330098
ZAF,ZAF2017HSRC,sexcohab,ZAF_2_DC26,Zululand DM,41,2017,Y045_049,0.2846002625456806
ZAF,ZAF2017HSRC,sexnonregplus,ZAF_2_DC26,Zululand DM,41,2017,Y045_049,0.4153259140213096
ZAF,ZAF2017HSRC,nosex12m,ZAF_2_DC27,Umkhanyakude DM,42,2017,Y015_019,0.7407804192071401
ZAF,ZAF2017HSRC,sexcohab,ZAF_2_DC27,Umkhanyakude DM,42,2017,Y015_019,0.00203773389882058
ZAF,ZAF2017HSRC,sexnonregplus,ZAF_2_DC27,Umkhanyakude DM,42,2017,Y015_019,0.2571818468940393
ZAF,ZAF2017HSRC,nosex12m,ZAF_2_DC27,Umkhanyakude DM,42,2017,Y020_024,0.34741539509736796
ZAF,ZAF2017HSRC,sexcohab,ZAF_2_DC27,Umkhanyakude DM,42,2017,Y020_024,0.02255929754846196
ZAF,ZAF2017HSRC,sexnonregplus,ZAF_2_DC27,Umkhanyakude DM,42,2017,Y020_024,0.6300253073541701
ZAF,ZAF2017HSRC,nosex12m,ZAF_2_DC27,Umkhanyakude DM,42,2017,Y025_029,0.24787801838296825
ZAF,ZAF2017HSRC,sexcohab,ZAF_2_DC27,Umkhanyakude DM,42,2017,Y025_029,0.07838162004741697
ZAF,ZAF2017HSRC,sexnonregplus,ZAF_2_DC27,Umkhanyakude DM,42,2017,Y025_029,0.6737403615696148
ZAF,ZAF2017HSRC,nosex12m,ZAF_2_DC27,Umkhanyakude DM,42,2017,Y030_034,0.2219538923248636
ZAF,ZAF2017HSRC,sexcohab,ZAF_2_DC27,Umkhanyakude DM,42,2017,Y030_034,0.17007908948000805
ZAF,ZAF2017HSRC,sexnonregplus,ZAF_2_DC27,Umkhanyakude DM,42,2017,Y030_034,0.6079670181951283
ZAF,ZAF2017HSRC,nosex12m,ZAF_2_DC27,Umkhanyakude DM,42,2017,Y035_039,0.21553807588789775
ZAF,ZAF2017HSRC,sexcohab,ZAF_2_DC27,Umkhanyakude DM,42,2017,Y035_039,0.2449792451216204
ZAF,ZAF2017HSRC,sexnonregplus,ZAF_2_DC27,Umkhanyakude DM,42,2017,Y035_039,0.5394826789904817
ZAF,ZAF2017HSRC,nosex12m,ZAF_2_DC27,Umkhanyakude DM,42,2017,Y040_044,0.22578944057502792
ZAF,ZAF2017HSRC,sexcohab,ZAF_2_DC27,Umkhanyakude DM,42,2017,Y040_044,0.33897527901273206
ZAF,ZAF2017HSRC,sexnonregplus,ZAF_2_DC27,Umkhanyakude DM,42,2017,Y040_044,0.43523528041224
ZAF,ZAF2017HSRC,nosex12m,ZAF_2_DC27,Umkhanyakude DM,42,2017,Y045_049,0.2623040278515695
ZAF,ZAF2017HSRC,sexcohab,ZAF_2_DC27,Umkhanyakude DM,42,2017,Y045_049,0.3724405126366904
ZAF,ZAF2017HSRC,sexnonregplus,ZAF_2_DC27,Umkhanyakude DM,42,2017,Y045_049,0.3652554595117401
ZAF,ZAF2017HSRC,nosex12m,ZAF_2_DC28,King Cetshwayo DM,43,2017,Y015_019,0.7509335020098232
ZAF,ZAF2017HSRC,sexcohab,ZAF_2_DC28,King Cetshwayo DM,43,2017,Y015_019,0.00134163162988869
ZAF,ZAF2017HSRC,sexnonregplus,ZAF_2_DC28,King Cetshwayo DM,43,2017,Y015_019,0.2477248663602881
ZAF,ZAF2017HSRC,nosex12m,ZAF_2_DC28,King Cetshwayo DM,43,2017,Y020_024,0.3604945445009068
ZAF,ZAF2017HSRC,sexcohab,ZAF_2_DC28,King Cetshwayo DM,43,2017,Y020_024,0.01528782839365623
ZAF,ZAF2017HSRC,sexnonregplus,ZAF_2_DC28,King Cetshwayo DM,43,2017,Y020_024,0.6242176271054369
ZAF,ZAF2017HSRC,nosex12m,ZAF_2_DC28,King Cetshwayo DM,43,2017,Y025_029,0.2628452068983877
ZAF,ZAF2017HSRC,sexcohab,ZAF_2_DC28,King Cetshwayo DM,43,2017,Y025_029,0.05431705686560147
ZAF,ZAF2017HSRC,sexnonregplus,ZAF_2_DC28,King Cetshwayo DM,43,2017,Y025_029,0.6828377362360109
ZAF,ZAF2017HSRC,nosex12m,ZAF_2_DC28,King Cetshwayo DM,43,2017,Y030_034,0.2427292175934089
ZAF,ZAF2017HSRC,sexcohab,ZAF_2_DC28,King Cetshwayo DM,43,2017,Y030_034,0.12184666659730348
ZAF,ZAF2017HSRC,sexnonregplus,ZAF_2_DC28,King Cetshwayo DM,43,2017,Y030_034,0.6354241158092876
ZAF,ZAF2017HSRC,nosex12m,ZAF_2_DC28,King Cetshwayo DM,43,2017,Y035_039,0.24166432145986425
ZAF,ZAF2017HSRC,sexcohab,ZAF_2_DC28,King Cetshwayo DM,43,2017,Y035_039,0.18032327626162992
ZAF,ZAF2017HSRC,sexnonregplus,ZAF_2_DC28,King Cetshwayo DM,43,2017,Y035_039,0.5780124022785058
ZAF,ZAF2017HSRC,nosex12m,ZAF_2_DC28,King Cetshwayo DM,43,2017,Y040_044,0.2612508232536251
ZAF,ZAF2017HSRC,sexcohab,ZAF_2_DC28,King Cetshwayo DM,43,2017,Y040_044,0.25779937889287224
ZAF,ZAF2017HSRC,sexnonregplus,ZAF_2_DC28,King Cetshwayo DM,43,2017,Y040_044,0.4809497978535026
ZAF,ZAF2017HSRC,nosex12m,ZAF_2_DC28,King Cetshwayo DM,43,2017,Y045_049,0.30643177800245675
ZAF,ZAF2017HSRC,sexcohab,ZAF_2_DC28,King Cetshwayo DM,43,2017,Y045_049,0.2862108290474876
ZAF,ZAF2017HSRC,sexnonregplus,ZAF_2_DC28,King Cetshwayo DM,43,2017,Y045_049,0.4073573929500556
ZAF,ZAF2017HSRC,nosex12m,ZAF_2_DC29,iLembe DM,44,2017,Y015_019,0.7590002499737204
ZAF,ZAF2017HSRC,sexcohab,ZAF_2_DC29,iLembe DM,44,2017,Y015_019,0.00164904658213169
ZAF,ZAF2017HSRC,sexnonregplus,ZAF_2_DC29,iLembe DM,44,2017,Y015_019,0.2393507034441479
ZAF,ZAF2017HSRC,nosex12m,ZAF_2_DC29,iLembe DM,44,2017,Y020_024,0.3702949862155228
ZAF,ZAF2017HSRC,sexcohab,ZAF_2_DC29,iLembe DM,44,2017,Y020_024,0.01900987184748919
ZAF,ZAF2017HSRC,sexnonregplus,ZAF_2_DC29,iLembe DM,44,2017,Y020_024,0.6106951419369879
ZAF,ZAF2017HSRC,nosex12m,ZAF_2_DC29,iLembe DM,44,2017,Y025_029,0.2686335103304783
ZAF,ZAF2017HSRC,sexcohab,ZAF_2_DC29,iLembe DM,44,2017,Y025_029,0.06714403477961628
ZAF,ZAF2017HSRC,sexnonregplus,ZAF_2_DC29,iLembe DM,44,2017,Y025_029,0.6642224548899055
ZAF,ZAF2017HSRC,nosex12m,ZAF_2_DC29,iLembe DM,44,2017,Y030_034,0.24402380034165003
ZAF,ZAF2017HSRC,sexcohab,ZAF_2_DC29,iLembe DM,44,2017,Y030_034,0.14802604274975362
ZAF,ZAF2017HSRC,sexnonregplus,ZAF_2_DC29,iLembe DM,44,2017,Y030_034,0.6079501569085963
ZAF,ZAF2017HSRC,nosex12m,ZAF_2_DC29,iLembe DM,44,2017,Y035_039,0.2392690416712865
ZAF,ZAF2017HSRC,sexcohab,ZAF_2_DC29,iLembe DM,44,2017,Y035_039,0.21567419607069627
ZAF,ZAF2017HSRC,sexnonregplus,ZAF_2_DC29,iLembe DM,44,2017,Y035_039,0.5450567622580172
ZAF,ZAF2017HSRC,nosex12m,ZAF_2_DC29,iLembe DM,44,2017,Y040_044,0.2535004022043934
ZAF,ZAF2017HSRC,sexcohab,ZAF_2_DC29,iLembe DM,44,2017,Y040_044,0.3019817616254651
ZAF,ZAF2017HSRC,sexnonregplus,ZAF_2_DC29,iLembe DM,44,2017,Y040_044,0.4445178361701415
ZAF,ZAF2017HSRC,nosex12m,ZAF_2_DC29,iLembe DM,44,2017,Y045_049,0.29454961209741665
ZAF,ZAF2017HSRC,sexcohab,ZAF_2_DC29,iLembe DM,44,2017,Y045_049,0.3321881890621173
ZAF,ZAF2017HSRC,sexnonregplus,ZAF_2_DC29,iLembe DM,44,2017,Y045_049,0.3732621988404661
ZAF,ZAF2017HSRC,nosex12m,ZAF_2_DC43,Harry Gwala DM,45,2017,Y015_019,0.6427753218140374
ZAF,ZAF2017HSRC,sexcohab,ZAF_2_DC43,Harry Gwala DM,45,2017,Y015_019,0.00204362557223146
ZAF,ZAF2017HSRC,sexnonregplus,ZAF_2_DC43,Harry Gwala DM,45,2017,Y015_019,0.35518105261373106
ZAF,ZAF2017HSRC,nosex12m,ZAF_2_DC43,Harry Gwala DM,45,2017,Y020_024,0.2522970278523765
ZAF,ZAF2017HSRC,sexcohab,ZAF_2_DC43,Harry Gwala DM,45,2017,Y020_024,0.01897482538343554
ZAF,ZAF2017HSRC,sexnonregplus,ZAF_2_DC43,Harry Gwala DM,45,2017,Y020_024,0.728728146764188
ZAF,ZAF2017HSRC,nosex12m,ZAF_2_DC43,Harry Gwala DM,45,2017,Y025_029,0.17551950551172713
ZAF,ZAF2017HSRC,sexcohab,ZAF_2_DC43,Harry Gwala DM,45,2017,Y025_029,0.0642457804272819
ZAF,ZAF2017HSRC,sexnonregplus,ZAF_2_DC43,Harry Gwala DM,45,2017,Y025_029,0.760234714060991
ZAF,ZAF2017HSRC,nosex12m,ZAF_2_DC43,Harry Gwala DM,45,2017,Y030_034,0.15987513081734833
ZAF,ZAF2017HSRC,sexcohab,ZAF_2_DC43,Harry Gwala DM,45,2017,Y030_034,0.14210558310756674
ZAF,ZAF2017HSRC,sexnonregplus,ZAF_2_DC43,Harry Gwala DM,45,2017,Y030_034,0.6980192860750849
ZAF,ZAF2017HSRC,nosex12m,ZAF_2_DC43,Harry Gwala DM,45,2017,Y035_039,0.15851029342490697
ZAF,ZAF2017HSRC,sexcohab,ZAF_2_DC43,Harry Gwala DM,45,2017,Y035_039,0.20917969049954235
ZAF,ZAF2017HSRC,sexnonregplus,ZAF_2_DC43,Harry Gwala DM,45,2017,Y035_039,0.6323100160755507
ZAF,ZAF2017HSRC,nosex12m,ZAF_2_DC43,Harry Gwala DM,45,2017,Y040_044,0.17194816112289898
ZAF,ZAF2017HSRC,sexcohab,ZAF_2_DC43,Harry Gwala DM,45,2017,Y040_044,0.29995477666987524
ZAF,ZAF2017HSRC,sexnonregplus,ZAF_2_DC43,Harry Gwala DM,45,2017,Y040_044,0.5280970622072257
ZAF,ZAF2017HSRC,nosex12m,ZAF_2_DC43,Harry Gwala DM,45,2017,Y045_049,0.2053670574951403
ZAF,ZAF2017HSRC,sexcohab,ZAF_2_DC43,Harry Gwala DM,45,2017,Y045_049,0.3389488211428729
ZAF,ZAF2017HSRC,sexnonregplus,ZAF_2_DC43,Harry Gwala DM,45,2017,Y045_049,0.4556841213619868
ZAF,ZAF2017HSRC,nosex12m,ZAF_2_DC30,G Sibande DM,46,2017,Y015_019,0.7535196718405767
ZAF,ZAF2017HSRC,sexcohab,ZAF_2_DC30,G Sibande DM,46,2017,Y015_019,0.00248936118118304
ZAF,ZAF2017HSRC,sexnonregplus,ZAF_2_DC30,G Sibande DM,46,2017,Y015_019,0.24399096697824024
ZAF,ZAF2017HSRC,nosex12m,ZAF_2_DC30,G Sibande DM,46,2017,Y020_024,0.3598677807447974
ZAF,ZAF2017HSRC,sexcohab,ZAF_2_DC30,G Sibande DM,46,2017,Y020_024,0.02820666618122356
ZAF,ZAF2017HSRC,sexnonregplus,ZAF_2_DC30,G Sibande DM,46,2017,Y020_024,0.611925553073979
ZAF,ZAF2017HSRC,nosex12m,ZAF_2_DC30,G Sibande DM,46,2017,Y025_029,0.2541775427006373
ZAF,ZAF2017HSRC,sexcohab,ZAF_2_DC30,G Sibande DM,46,2017,Y025_029,0.0971586975878068
ZAF,ZAF2017HSRC,sexnonregplus,ZAF_2_DC30,G Sibande DM,46,2017,Y025_029,0.6486637597115559
ZAF,ZAF2017HSRC,nosex12m,ZAF_2_DC30,G Sibande DM,46,2017,Y030_034,0.222227430139827
ZAF,ZAF2017HSRC,sexcohab,ZAF_2_DC30,G Sibande DM,46,2017,Y030_034,0.20634891462589203
ZAF,ZAF2017HSRC,sexnonregplus,ZAF_2_DC30,G Sibande DM,46,2017,Y030_034,0.571423655234281
ZAF,ZAF2017HSRC,nosex12m,ZAF_2_DC30,G Sibande DM,46,2017,Y035_039,0.21144907957631973
ZAF,ZAF2017HSRC,sexcohab,ZAF_2_DC30,G Sibande DM,46,2017,Y035_039,0.2917504373125335
ZAF,ZAF2017HSRC,sexnonregplus,ZAF_2_DC30,G Sibande DM,46,2017,Y035_039,0.4968004831111468
ZAF,ZAF2017HSRC,nosex12m,ZAF_2_DC30,G Sibande DM,46,2017,Y040_044,0.21579874489329537
ZAF,ZAF2017HSRC,sexcohab,ZAF_2_DC30,G Sibande DM,46,2017,Y040_044,0.3940750638416447
ZAF,ZAF2017HSRC,sexnonregplus,ZAF_2_DC30,G Sibande DM,46,2017,Y040_044,0.39012619126505993
ZAF,ZAF2017HSRC,nosex12m,ZAF_2_DC30,G Sibande DM,46,2017,Y045_049,0.2479255868958927
ZAF,ZAF2017HSRC,sexcohab,ZAF_2_DC30,G Sibande DM,46,2017,Y045_049,0.4284634037271647
ZAF,ZAF2017HSRC,sexnonregplus,ZAF_2_DC30,G Sibande DM,46,2017,Y045_049,0.3236110093769426
ZAF,ZAF2017HSRC,nosex12m,ZAF_2_DC31,Nkangala DM,47,2017,Y015_019,0.7095833633660474
ZAF,ZAF2017HSRC,sexcohab,ZAF_2_DC31,Nkangala DM,47,2017,Y015_019,0.00199434589014994
ZAF,ZAF2017HSRC,sexnonregplus,ZAF_2_DC31,Nkangala DM,47,2017,Y015_019,0.28842229074380266
ZAF,ZAF2017HSRC,nosex12m,ZAF_2_DC31,Nkangala DM,47,2017,Y020_024,0.3125710269143837
ZAF,ZAF2017HSRC,sexcohab,ZAF_2_DC31,Nkangala DM,47,2017,Y020_024,0.02081254585851571
ZAF,ZAF2017HSRC,sexnonregplus,ZAF_2_DC31,Nkangala DM,47,2017,Y020_024,0.6666164272271006
ZAF,ZAF2017HSRC,nosex12m,ZAF_2_DC31,Nkangala DM,47,2017,Y025_029,0.22101175489651648
ZAF,ZAF2017HSRC,sexcohab,ZAF_2_DC31,Nkangala DM,47,2017,Y025_029,0.07171466815550147
ZAF,ZAF2017HSRC,sexnonregplus,ZAF_2_DC31,Nkangala DM,47,2017,Y025_029,0.7072735769479821
ZAF,ZAF2017HSRC,nosex12m,ZAF_2_DC31,Nkangala DM,47,2017,Y030_034,0.19952755433008568
ZAF,ZAF2017HSRC,sexcohab,ZAF_2_DC31,Nkangala DM,47,2017,Y030_034,0.15730164106361214
ZAF,ZAF2017HSRC,sexnonregplus,ZAF_2_DC31,Nkangala DM,47,2017,Y030_034,0.6431708046063022
ZAF,ZAF2017HSRC,nosex12m,ZAF_2_DC31,Nkangala DM,47,2017,Y035_039,0.1953999464823644
ZAF,ZAF2017HSRC,sexcohab,ZAF_2_DC31,Nkangala DM,47,2017,Y035_039,0.2289499313821143
ZAF,ZAF2017HSRC,sexnonregplus,ZAF_2_DC31,Nkangala DM,47,2017,Y035_039,0.5756501221355212
ZAF,ZAF2017HSRC,nosex12m,ZAF_2_DC31,Nkangala DM,47,2017,Y040_044,0.2075686375527224
ZAF,ZAF2017HSRC,sexcohab,ZAF_2_DC31,Nkangala DM,47,2017,Y040_044,0.32186628806236933
ZAF,ZAF2017HSRC,sexnonregplus,ZAF_2_DC31,Nkangala DM,47,2017,Y040_044,0.4705650743849083
ZAF,ZAF2017HSRC,nosex12m,ZAF_2_DC31,Nkangala DM,47,2017,Y045_049,0.2436539262789432
ZAF,ZAF2017HSRC,sexcohab,ZAF_2_DC31,Nkangala DM,47,2017,Y045_049,0.3575034395150294
ZAF,ZAF2017HSRC,sexnonregplus,ZAF_2_DC31,Nkangala DM,47,2017,Y045_049,0.3988426342060274
ZAF,ZAF2017HSRC,nosex12m,ZAF_2_DC32,Ehlanzeni DM,48,2017,Y015_019,0.7517933293857784
ZAF,ZAF2017HSRC,sexcohab,ZAF_2_DC32,Ehlanzeni DM,48,2017,Y015_019,0.00313797109619787
ZAF,ZAF2017HSRC,sexnonregplus,ZAF_2_DC32,Ehlanzeni DM,48,2017,Y015_019,0.24506869951802376
ZAF,ZAF2017HSRC,nosex12m,ZAF_2_DC32,Ehlanzeni DM,48,2017,Y020_024,0.3557118301583357
ZAF,ZAF2017HSRC,sexcohab,ZAF_2_DC32,Ehlanzeni DM,48,2017,Y020_024,0.03527797315478935
ZAF,ZAF2017HSRC,sexnonregplus,ZAF_2_DC32,Ehlanzeni DM,48,2017,Y020_024,0.609010196686875
ZAF,ZAF2017HSRC,nosex12m,ZAF_2_DC32,Ehlanzeni DM,48,2017,Y025_029,0.24673182310796157
ZAF,ZAF2017HSRC,sexcohab,ZAF_2_DC32,Ehlanzeni DM,48,2017,Y025_029,0.1193364959188316
ZAF,ZAF2017HSRC,sexnonregplus,ZAF_2_DC32,Ehlanzeni DM,48,2017,Y025_029,0.6339316809732068
ZAF,ZAF2017HSRC,nosex12m,ZAF_2_DC32,Ehlanzeni DM,48,2017,Y030_034,0.20987983718981343
ZAF,ZAF2017HSRC,sexcohab,ZAF_2_DC32,Ehlanzeni DM,48,2017,Y030_034,0.24674112605830775
ZAF,ZAF2017HSRC,sexnonregplus,ZAF_2_DC32,Ehlanzeni DM,48,2017,Y030_034,0.5433790367518788
ZAF,ZAF2017HSRC,nosex12m,ZAF_2_DC32,Ehlanzeni DM,48,2017,Y035_039,0.1956304437130335
ZAF,ZAF2017HSRC,sexcohab,ZAF_2_DC32,Ehlanzeni DM,48,2017,Y035_039,0.3416699375668411
ZAF,ZAF2017HSRC,sexnonregplus,ZAF_2_DC32,Ehlanzeni DM,48,2017,Y035_039,0.4626996187201254
ZAF,ZAF2017HSRC,nosex12m,ZAF_2_DC32,Ehlanzeni DM,48,2017,Y040_044,0.1948614654792301
ZAF,ZAF2017HSRC,sexcohab,ZAF_2_DC32,Ehlanzeni DM,48,2017,Y040_044,0.45045303345830673
ZAF,ZAF2017HSRC,sexnonregplus,ZAF_2_DC32,Ehlanzeni DM,48,2017,Y040_044,0.35468550106246316
ZAF,ZAF2017HSRC,nosex12m,ZAF_2_DC32,Ehlanzeni DM,48,2017,Y045_049,0.22213491235482705
ZAF,ZAF2017HSRC,sexcohab,ZAF_2_DC32,Ehlanzeni DM,48,2017,Y045_049,0.4859212650311485
ZAF,ZAF2017HSRC,sexnonregplus,ZAF_2_DC32,Ehlanzeni DM,48,2017,Y045_049,0.2919438226140244
ZAF,ZAF2017HSRC,nosex12m,ZAF_2_DC33,Mopani DM,49,2017,Y015_019,0.6846468273010878
ZAF,ZAF2017HSRC,sexcohab,ZAF_2_DC33,Mopani DM,49,2017,Y015_019,0.0035506597241092
ZAF,ZAF2017HSRC,sexnonregplus,ZAF_2_DC33,Mopani DM,49,2017,Y015_019,0.311802512974803
ZAF,ZAF2017HSRC,nosex12m,ZAF_2_DC33,Mopani DM,49,2017,Y020_024,0.28541744732094093
ZAF,ZAF2017HSRC,sexcohab,ZAF_2_DC33,Mopani DM,49,2017,Y020_024,0.0349598881776683
ZAF,ZAF2017HSRC,sexnonregplus,ZAF_2_DC33,Mopani DM,49,2017,Y020_024,0.6796226645013907
ZAF,ZAF2017HSRC,nosex12m,ZAF_2_DC33,Mopani DM,49,2017,Y025_029,0.19357232932108845
ZAF,ZAF2017HSRC,sexcohab,ZAF_2_DC33,Mopani DM,49,2017,Y025_029,0.11535841096789144
ZAF,ZAF2017HSRC,sexnonregplus,ZAF_2_DC33,Mopani DM,49,2017,Y025_029,0.6910692597110201
ZAF,ZAF2017HSRC,nosex12m,ZAF_2_DC33,Mopani DM,49,2017,Y030_034,0.1655073698779729
ZAF,ZAF2017HSRC,sexcohab,ZAF_2_DC33,Mopani DM,49,2017,Y030_034,0.23924150061966443
ZAF,ZAF2017HSRC,sexnonregplus,ZAF_2_DC33,Mopani DM,49,2017,Y030_034,0.5952511295023626
ZAF,ZAF2017HSRC,nosex12m,ZAF_2_DC33,Mopani DM,49,2017,Y035_039,0.15544804210908514
ZAF,ZAF2017HSRC,sexcohab,ZAF_2_DC33,Mopani DM,49,2017,Y035_039,0.3334626816713095
ZAF,ZAF2017HSRC,sexnonregplus,ZAF_2_DC33,Mopani DM,49,2017,Y035_039,0.5110892762196054
ZAF,ZAF2017HSRC,nosex12m,ZAF_2_DC33,Mopani DM,49,2017,Y040_044,0.1571282557498749
ZAF,ZAF2017HSRC,sexcohab,ZAF_2_DC33,Mopani DM,49,2017,Y040_044,0.4452718460596385
ZAF,ZAF2017HSRC,sexnonregplus,ZAF_2_DC33,Mopani DM,49,2017,Y040_044,0.3975998981904866
ZAF,ZAF2017HSRC,nosex12m,ZAF_2_DC33,Mopani DM,49,2017,Y045_049,0.18155209237467712
ZAF,ZAF2017HSRC,sexcohab,ZAF_2_DC33,Mopani DM,49,2017,Y045_049,0.4866616752142533
ZAF,ZAF2017HSRC,sexnonregplus,ZAF_2_DC33,Mopani DM,49,2017,Y045_049,0.33178623241106964
ZAF,ZAF2017HSRC,nosex12m,ZAF_2_DC34,Vhembe DM,50,2017,Y015_019,0.7073933697866901
ZAF,ZAF2017HSRC,sexcohab,ZAF_2_DC34,Vhembe DM,50,2017,Y015_019,0.00365591611162787
ZAF,ZAF2017HSRC,sexnonregplus,ZAF_2_DC34,Vhembe DM,50,2017,Y015_019,0.28895071410168205
ZAF,ZAF2017HSRC,nosex12m,ZAF_2_DC34,Vhembe DM,50,2017,Y020_024,0.3074712829960804
ZAF,ZAF2017HSRC,sexcohab,ZAF_2_DC34,Vhembe DM,50,2017,Y020_024,0.03757702473186642
ZAF,ZAF2017HSRC,sexnonregplus,ZAF_2_DC34,Vhembe DM,50,2017,Y020_024,0.6549516922720532
ZAF,ZAF2017HSRC,nosex12m,ZAF_2_DC34,Vhembe DM,50,2017,Y025_029,0.20889475252491044
ZAF,ZAF2017HSRC,sexcohab,ZAF_2_DC34,Vhembe DM,50,2017,Y025_029,0.12405663492352942
ZAF,ZAF2017HSRC,sexnonregplus,ZAF_2_DC34,Vhembe DM,50,2017,Y025_029,0.6670486125515601
ZAF,ZAF2017HSRC,nosex12m,ZAF_2_DC34,Vhembe DM,50,2017,Y030_034,0.17672882289208727
ZAF,ZAF2017HSRC,sexcohab,ZAF_2_DC34,Vhembe DM,50,2017,Y030_034,0.25433837733077075
ZAF,ZAF2017HSRC,sexnonregplus,ZAF_2_DC34,Vhembe DM,50,2017,Y030_034,0.568932799777142
ZAF,ZAF2017HSRC,nosex12m,ZAF_2_DC34,Vhembe DM,50,2017,Y035_039,0.1646371780733342
ZAF,ZAF2017HSRC,sexcohab,ZAF_2_DC34,Vhembe DM,50,2017,Y035_039,0.3511763362287597
ZAF,ZAF2017HSRC,sexnonregplus,ZAF_2_DC34,Vhembe DM,50,2017,Y035_039,0.48418648569790607
ZAF,ZAF2017HSRC,nosex12m,ZAF_2_DC34,Vhembe DM,50,2017,Y040_044,0.1644355482868273
ZAF,ZAF2017HSRC,sexcohab,ZAF_2_DC34,Vhembe DM,50,2017,Y040_044,0.46313043627904654
ZAF,ZAF2017HSRC,sexnonregplus,ZAF_2_DC34,Vhembe DM,50,2017,Y040_044,0.3724340154341262
ZAF,ZAF2017HSRC,nosex12m,ZAF_2_DC34,Vhembe DM,50,2017,Y045_049,0.18869590535668057
ZAF,ZAF2017HSRC,sexcohab,ZAF_2_DC34,Vhembe DM,50,2017,Y045_049,0.5025702727950148
ZAF,ZAF2017HSRC,sexnonregplus,ZAF_2_DC34,Vhembe DM,50,2017,Y045_049,0.30873382184830467
ZAF,ZAF2017HSRC,nosex12m,ZAF_2_DC35,Capricorn DM,51,2017,Y015_019,0.6921958877702767
ZAF,ZAF2017HSRC,sexcohab,ZAF_2_DC35,Capricorn DM,51,2017,Y015_019,0.00247411330925088
ZAF,ZAF2017HSRC,sexnonregplus,ZAF_2_DC35,Capricorn DM,51,2017,Y015_019,0.30532999892047236
ZAF,ZAF2017HSRC,nosex12m,ZAF_2_DC35,Capricorn DM,51,2017,Y020_024,0.2947771689561922
ZAF,ZAF2017HSRC,sexcohab,ZAF_2_DC35,Capricorn DM,51,2017,Y020_024,0.02485835373578457
ZAF,ZAF2017HSRC,sexnonregplus,ZAF_2_DC35,Capricorn DM,51,2017,Y020_024,0.6803644773080232
ZAF,ZAF2017HSRC,nosex12m,ZAF_2_DC35,Capricorn DM,51,2017,Y025_029,0.20521646909394117
ZAF,ZAF2017HSRC,sexcohab,ZAF_2_DC35,Capricorn DM,51,2017,Y025_029,0.08437192232300647
ZAF,ZAF2017HSRC,sexnonregplus,ZAF_2_DC35,Capricorn DM,51,2017,Y025_029,0.7104116085830524
ZAF,ZAF2017HSRC,nosex12m,ZAF_2_DC35,Capricorn DM,51,2017,Y030_034,0.1823280076599141
ZAF,ZAF2017HSRC,sexcohab,ZAF_2_DC35,Capricorn DM,51,2017,Y030_034,0.18173982260833504
ZAF,ZAF2017HSRC,sexnonregplus,ZAF_2_DC35,Capricorn DM,51,2017,Y030_034,0.6359321697317509
ZAF,ZAF2017HSRC,nosex12m,ZAF_2_DC35,Capricorn DM,51,2017,Y035_039,0.17638764337533536
ZAF,ZAF2017HSRC,sexcohab,ZAF_2_DC35,Capricorn DM,51,2017,Y035_039,0.2610534246309781
ZAF,ZAF2017HSRC,sexnonregplus,ZAF_2_DC35,Capricorn DM,51,2017,Y035_039,0.5625589319936866
ZAF,ZAF2017HSRC,nosex12m,ZAF_2_DC35,Capricorn DM,51,2017,Y040_044,0.18488802433534568
ZAF,ZAF2017HSRC,sexcohab,ZAF_2_DC35,Capricorn DM,51,2017,Y040_044,0.3613267518559317
ZAF,ZAF2017HSRC,sexnonregplus,ZAF_2_DC35,Capricorn DM,51,2017,Y040_044,0.4537852238087226
ZAF,ZAF2017HSRC,nosex12m,ZAF_2_DC35,Capricorn DM,51,2017,Y045_049,0.21636938271235537
ZAF,ZAF2017HSRC,sexcohab,ZAF_2_DC35,Capricorn DM,51,2017,Y045_049,0.40000641151546623
ZAF,ZAF2017HSRC,sexnonregplus,ZAF_2_DC35,Capricorn DM,51,2017,Y045_049,0.3836242057721784
ZAF,ZAF2017HSRC,nosex12m,ZAF_2_DC36,Waterberg DM,52,2017,Y015_019,0.725074642973937
ZAF,ZAF2017HSRC,sexcohab,ZAF_2_DC36,Waterberg DM,52,2017,Y015_019,0.00226455219132755
ZAF,ZAF2017HSRC,sexnonregplus,ZAF_2_DC36,Waterberg DM,52,2017,Y015_019,0.2726608048347355
ZAF,ZAF2017HSRC,nosex12m,ZAF_2_DC36,Waterberg DM,52,2017,Y020_024,0.3287231512487961
ZAF,ZAF2017HSRC,sexcohab,ZAF_2_DC36,Waterberg DM,52,2017,Y020_024,0.02430811026424286
ZAF,ZAF2017HSRC,sexnonregplus,ZAF_2_DC36,Waterberg DM,52,2017,Y020_024,0.646968738486961
ZAF,ZAF2017HSRC,nosex12m,ZAF_2_DC36,Waterberg DM,52,2017,Y025_029,0.23191216591383468
ZAF,ZAF2017HSRC,sexcohab,ZAF_2_DC36,Waterberg DM,52,2017,Y025_029,0.08359467389223264
ZAF,ZAF2017HSRC,sexnonregplus,ZAF_2_DC36,Waterberg DM,52,2017,Y025_029,0.6844931601939327
ZAF,ZAF2017HSRC,nosex12m,ZAF_2_DC36,Waterberg DM,52,2017,Y030_034,0.2061913109735961
ZAF,ZAF2017HSRC,sexcohab,ZAF_2_DC36,Waterberg DM,52,2017,Y030_034,0.18049988038440995
ZAF,ZAF2017HSRC,sexnonregplus,ZAF_2_DC36,Waterberg DM,52,2017,Y030_034,0.613308808641994
ZAF,ZAF2017HSRC,nosex12m,ZAF_2_DC36,Waterberg DM,52,2017,Y035_039,0.1992454380668595
ZAF,ZAF2017HSRC,sexcohab,ZAF_2_DC36,Waterberg DM,52,2017,Y035_039,0.2590848820699206
ZAF,ZAF2017HSRC,sexnonregplus,ZAF_2_DC36,Waterberg DM,52,2017,Y035_039,0.5416696798632199
ZAF,ZAF2017HSRC,nosex12m,ZAF_2_DC36,Waterberg DM,52,2017,Y040_044,0.2077407552959088
ZAF,ZAF2017HSRC,sexcohab,ZAF_2_DC36,Waterberg DM,52,2017,Y040_044,0.3573972851088492
ZAF,ZAF2017HSRC,sexnonregplus,ZAF_2_DC36,Waterberg DM,52,2017,Y040_044,0.43486195959524193
ZAF,ZAF2017HSRC,nosex12m,ZAF_2_DC36,Waterberg DM,52,2017,Y045_049,0.24157390165763537
ZAF,ZAF2017HSRC,sexcohab,ZAF_2_DC36,Waterberg DM,52,2017,Y045_049,0.3932330180591459
ZAF,ZAF2017HSRC,sexnonregplus,ZAF_2_DC36,Waterberg DM,52,2017,Y045_049,0.36519308028321873
ZAF,ZAF2017HSRC,nosex12m,ZAF_2_DC47,Sekhukhune DM,53,2017,Y015_019,0.7339336773397012
ZAF,ZAF2017HSRC,sexcohab,ZAF_2_DC47,Sekhukhune DM,53,2017,Y015_019,0.00230136148829386
ZAF,ZAF2017HSRC,sexnonregplus,ZAF_2_DC47,Sekhukhune DM,53,2017,Y015_019,0.263764961172005
ZAF,ZAF2017HSRC,nosex12m,ZAF_2_DC47,Sekhukhune DM,53,2017,Y020_024,0.3381023093781133
ZAF,ZAF2017HSRC,sexcohab,ZAF_2_DC47,Sekhukhune DM,53,2017,Y020_024,0.02514211093228327
ZAF,ZAF2017HSRC,sexnonregplus,ZAF_2_DC47,Sekhukhune DM,53,2017,Y020_024,0.6367555796896034
ZAF,ZAF2017HSRC,nosex12m,ZAF_2_DC47,Sekhukhune DM,53,2017,Y025_029,0.2388404784790077
ZAF,ZAF2017HSRC,sexcohab,ZAF_2_DC47,Sekhukhune DM,53,2017,Y025_029,0.0865406389053945
ZAF,ZAF2017HSRC,sexnonregplus,ZAF_2_DC47,Sekhukhune DM,53,2017,Y025_029,0.6746188826155979
ZAF,ZAF2017HSRC,nosex12m,ZAF_2_DC47,Sekhukhune DM,53,2017,Y030_034,0.2115370779779377
ZAF,ZAF2017HSRC,sexcohab,ZAF_2_DC47,Sekhukhune DM,53,2017,Y030_034,0.1862058844653116
ZAF,ZAF2017HSRC,sexnonregplus,ZAF_2_DC47,Sekhukhune DM,53,2017,Y030_034,0.6022570375567508
ZAF,ZAF2017HSRC,nosex12m,ZAF_2_DC47,Sekhukhune DM,53,2017,Y035_039,0.20372238270734908
ZAF,ZAF2017HSRC,sexcohab,ZAF_2_DC47,Sekhukhune DM,53,2017,Y035_039,0.2662415674001305
ZAF,ZAF2017HSRC,sexnonregplus,ZAF_2_DC47,Sekhukhune DM,53,2017,Y035_039,0.5300360498925204
ZAF,ZAF2017HSRC,nosex12m,ZAF_2_DC47,Sekhukhune DM,53,2017,Y040_044,0.21136050357704753
ZAF,ZAF2017HSRC,sexcohab,ZAF_2_DC47,Sekhukhune DM,53,2017,Y040_044,0.36524768749939984
ZAF,ZAF2017HSRC,sexnonregplus,ZAF_2_DC47,Sekhukhune DM,53,2017,Y040_044,0.4233918089235526
ZAF,ZAF2017HSRC,nosex12m,ZAF_2_DC47,Sekhukhune DM,53,2017,Y045_049,0.245000300588514
ZAF,ZAF2017HSRC,sexcohab,ZAF_2_DC47,Sekhukhune DM,53,2017,Y045_049,0.4005884705854191
ZAF,ZAF2017HSRC,sexnonregplus,ZAF_2_DC47,Sekhukhune DM,53,2017,Y045_049,0.3544112288260669
ZAF,ZAF2017HSRC,nosex12m,ZAF_2_DC37,Bojanala Platinum DM,54,2017,Y015_019,0.7306242162437425
ZAF,ZAF2017HSRC,sexcohab,ZAF_2_DC37,Bojanala Platinum DM,54,2017,Y015_019,0.00253761890982337
ZAF,ZAF2017HSRC,sexnonregplus,ZAF_2_DC37,Bojanala Platinum DM,54,2017,Y015_019,0.266838164846434
ZAF,ZAF2017HSRC,nosex12m,ZAF_2_DC37,Bojanala Platinum DM,54,2017,Y020_024,0.33338982331083555
ZAF,ZAF2017HSRC,sexcohab,ZAF_2_DC37,Bojanala Platinum DM,54,2017,Y020_024,0.02746429990567903
ZAF,ZAF2017HSRC,sexnonregplus,ZAF_2_DC37,Bojanala Platinum DM,54,2017,Y020_024,0.6391458767834854
ZAF,ZAF2017HSRC,nosex12m,ZAF_2_DC37,Bojanala Platinum DM,54,2017,Y025_029,0.23373284490693969
ZAF,ZAF2017HSRC,sexcohab,ZAF_2_DC37,Bojanala Platinum DM,54,2017,Y025_029,0.09385414422378262
ZAF,ZAF2017HSRC,sexnonregplus,ZAF_2_DC37,Bojanala Platinum DM,54,2017,Y025_029,0.6724130108692777
ZAF,ZAF2017HSRC,nosex12m,ZAF_2_DC37,Bojanala Platinum DM,54,2017,Y030_034,0.20513013914450745
ZAF,ZAF2017HSRC,sexcohab,ZAF_2_DC37,Bojanala Platinum DM,54,2017,Y030_034,0.2001817047351629
ZAF,ZAF2017HSRC,sexnonregplus,ZAF_2_DC37,Bojanala Platinum DM,54,2017,Y030_034,0.5946881561203298
ZAF,ZAF2017HSRC,nosex12m,ZAF_2_DC37,Bojanala Platinum DM,54,2017,Y035_039,0.19614721329255325
ZAF,ZAF2017HSRC,sexcohab,ZAF_2_DC37,Bojanala Platinum DM,54,2017,Y035_039,0.2844048331537654
ZAF,ZAF2017HSRC,sexnonregplus,ZAF_2_DC37,Bojanala Platinum DM,54,2017,Y035_039,0.5194479535536813
ZAF,ZAF2017HSRC,nosex12m,ZAF_2_DC37,Bojanala Platinum DM,54,2017,Y040_044,0.20169204209793304
ZAF,ZAF2017HSRC,sexcohab,ZAF_2_DC37,Bojanala Platinum DM,54,2017,Y040_044,0.38712125050289314
ZAF,ZAF2017HSRC,sexnonregplus,ZAF_2_DC37,Bojanala Platinum DM,54,2017,Y040_044,0.4111867073991738
ZAF,ZAF2017HSRC,nosex12m,ZAF_2_DC37,Bojanala Platinum DM,54,2017,Y045_049,0.23319512254884048
ZAF,ZAF2017HSRC,sexcohab,ZAF_2_DC37,Bojanala Platinum DM,54,2017,Y045_049,0.423563510322311
ZAF,ZAF2017HSRC,sexnonregplus,ZAF_2_DC37,Bojanala Platinum DM,54,2017,Y045_049,0.34324136712884856
ZAF,ZAF2017HSRC,nosex12m,ZAF_2_DC38,Ngaka Modiri Molema DM,55,2017,Y015_019,0.6772317867873141
ZAF,ZAF2017HSRC,sexcohab,ZAF_2_DC38,Ngaka Modiri Molema DM,55,2017,Y015_019,0.00267612929110009
ZAF,ZAF2017HSRC,sexnonregplus,ZAF_2_DC38,Ngaka Modiri Molema DM,55,2017,Y015_019,0.32009208392158583
ZAF,ZAF2017HSRC,nosex12m,ZAF_2_DC38,Ngaka Modiri Molema DM,55,2017,Y020_024,0.2800317548988308
ZAF,ZAF2017HSRC,sexcohab,ZAF_2_DC38,Ngaka Modiri Molema DM,55,2017,Y020_024,0.02624221181609603
ZAF,ZAF2017HSRC,sexnonregplus,ZAF_2_DC38,Ngaka Modiri Molema DM,55,2017,Y020_024,0.6937260332850731
ZAF,ZAF2017HSRC,nosex12m,ZAF_2_DC38,Ngaka Modiri Molema DM,55,2017,Y025_029,0.193306402853175
ZAF,ZAF2017HSRC,sexcohab,ZAF_2_DC38,Ngaka Modiri Molema DM,55,2017,Y025_029,0.08827652950224647
ZAF,ZAF2017HSRC,sexnonregplus,ZAF_2_DC38,Ngaka Modiri Molema DM,55,2017,Y025_029,0.7184170676445785
ZAF,ZAF2017HSRC,nosex12m,ZAF_2_DC38,Ngaka Modiri Molema DM,55,2017,Y030_034,0.17079234455205436
ZAF,ZAF2017HSRC,sexcohab,ZAF_2_DC38,Ngaka Modiri Molema DM,55,2017,Y030_034,0.18951040990719917
ZAF,ZAF2017HSRC,sexnonregplus,ZAF_2_DC38,Ngaka Modiri Molema DM,55,2017,Y030_034,0.6396972455407465
ZAF,ZAF2017HSRC,nosex12m,ZAF_2_DC38,Ngaka Modiri Molema DM,55,2017,Y035_039,0.16474623560849835
ZAF,ZAF2017HSRC,sexcohab,ZAF_2_DC38,Ngaka Modiri Molema DM,55,2017,Y035_039,0.27145300346594864
ZAF,ZAF2017HSRC,sexnonregplus,ZAF_2_DC38,Ngaka Modiri Molema DM,55,2017,Y035_039,0.563800760925553
ZAF,ZAF2017HSRC,nosex12m,ZAF_2_DC38,Ngaka Modiri Molema DM,55,2017,Y040_044,0.17201602817965905
ZAF,ZAF2017HSRC,sexcohab,ZAF_2_DC38,Ngaka Modiri Molema DM,55,2017,Y040_044,0.3749596292311651
ZAF,ZAF2017HSRC,sexnonregplus,ZAF_2_DC38,Ngaka Modiri Molema DM,55,2017,Y040_044,0.4530243425891758
ZAF,ZAF2017HSRC,nosex12m,ZAF_2_DC38,Ngaka Modiri Molema DM,55,2017,Y045_049,0.2014228686542659
ZAF,ZAF2017HSRC,sexcohab,ZAF_2_DC38,Ngaka Modiri Molema DM,55,2017,Y045_049,0.4154416101988608
ZAF,ZAF2017HSRC,sexnonregplus,ZAF_2_DC38,Ngaka Modiri Molema DM,55,2017,Y045_049,0.3831355211468733
ZAF,ZAF2017HSRC,nosex12m,ZAF_2_DC39,Ruth Segomotsi Mompati DM,56,2017,Y015_019,0.7349026133341632
ZAF,ZAF2017HSRC,sexcohab,ZAF_2_DC39,Ruth Segomotsi Mompati DM,56,2017,Y015_019,0.00222287515617393
ZAF,ZAF2017HSRC,sexnonregplus,ZAF_2_DC39,Ruth Segomotsi Mompati DM,56,2017,Y015_019,0.2628745115096629
ZAF,ZAF2017HSRC,nosex12m,ZAF_2_DC39,Ruth Segomotsi Mompati DM,56,2017,Y020_024,0.34062074892355765
ZAF,ZAF2017HSRC,sexcohab,ZAF_2_DC39,Ruth Segomotsi Mompati DM,56,2017,Y020_024,0.02430485740344725
ZAF,ZAF2017HSRC,sexnonregplus,ZAF_2_DC39,Ruth Segomotsi Mompati DM,56,2017,Y020_024,0.6350743936729951
ZAF,ZAF2017HSRC,nosex12m,ZAF_2_DC39,Ruth Segomotsi Mompati DM,56,2017,Y025_029,0.24145060000189528
ZAF,ZAF2017HSRC,sexcohab,ZAF_2_DC39,Ruth Segomotsi Mompati DM,56,2017,Y025_029,0.0838707128175546
ZAF,ZAF2017HSRC,sexnonregplus,ZAF_2_DC39,Ruth Segomotsi Mompati DM,56,2017,Y025_029,0.6746786871805501
ZAF,ZAF2017HSRC,nosex12m,ZAF_2_DC39,Ruth Segomotsi Mompati DM,56,2017,Y030_034,0.214605360371346
ZAF,ZAF2017HSRC,sexcohab,ZAF_2_DC39,Ruth Segomotsi Mompati DM,56,2017,Y030_034,0.18088660647402255
ZAF,ZAF2017HSRC,sexnonregplus,ZAF_2_DC39,Ruth Segomotsi Mompati DM,56,2017,Y030_034,0.6045080331546314
ZAF,ZAF2017HSRC,nosex12m,ZAF_2_DC39,Ruth Segomotsi Mompati DM,56,2017,Y035_039,0.2072455655093866
ZAF,ZAF2017HSRC,sexcohab,ZAF_2_DC39,Ruth Segomotsi Mompati DM,56,2017,Y035_039,0.2591727258509166
ZAF,ZAF2017HSRC,sexnonregplus,ZAF_2_DC39,Ruth Segomotsi Mompati DM,56,2017,Y035_039,0.5335817086396968
ZAF,ZAF2017HSRC,nosex12m,ZAF_2_DC39,Ruth Segomotsi Mompati DM,56,2017,Y040_044,0.2157079804389788
ZAF,ZAF2017HSRC,sexcohab,ZAF_2_DC39,Ruth Segomotsi Mompati DM,56,2017,Y040_044,0.35633991687326066
ZAF,ZAF2017HSRC,sexnonregplus,ZAF_2_DC39,Ruth Segomotsi Mompati DM,56,2017,Y040_044,0.4279521026877605
ZAF,ZAF2017HSRC,nosex12m,ZAF_2_DC39,Ruth Segomotsi Mompati DM,56,2017,Y045_049,0.2501842407027108
ZAF,ZAF2017HSRC,sexcohab,ZAF_2_DC39,Ruth Segomotsi Mompati DM,56,2017,Y045_049,0.391112717808364
ZAF,ZAF2017HSRC,sexnonregplus,ZAF_2_DC39,Ruth Segomotsi Mompati DM,56,2017,Y045_049,0.3587030414889252
ZAF,ZAF2017HSRC,nosex12m,ZAF_2_DC40,Dr K Kaunda DM,57,2017,Y015_019,0.7124334250506964
ZAF,ZAF2017HSRC,sexcohab,ZAF_2_DC40,Dr K Kaunda DM,57,2017,Y015_019,0.00298405999697355
ZAF,ZAF2017HSRC,sexnonregplus,ZAF_2_DC40,Dr K Kaunda DM,57,2017,Y015_019,0.28458251495233006
ZAF,ZAF2017HSRC,nosex12m,ZAF_2_DC40,Dr K Kaunda DM,57,2017,Y020_024,0.3132550609312328
ZAF,ZAF2017HSRC,sexcohab,ZAF_2_DC40,Dr K Kaunda DM,57,2017,Y020_024,0.03117948299726922
ZAF,ZAF2017HSRC,sexnonregplus,ZAF_2_DC40,Dr K Kaunda DM,57,2017,Y020_024,0.655565456071498
ZAF,ZAF2017HSRC,nosex12m,ZAF_2_DC40,Dr K Kaunda DM,57,2017,Y025_029,0.21622943042693157
ZAF,ZAF2017HSRC,sexcohab,ZAF_2_DC40,Dr K Kaunda DM,57,2017,Y025_029,0.10490241215453044
ZAF,ZAF2017HSRC,sexnonregplus,ZAF_2_DC40,Dr K Kaunda DM,57,2017,Y025_029,0.678868157418538
ZAF,ZAF2017HSRC,nosex12m,ZAF_2_DC40,Dr K Kaunda DM,57,2017,Y030_034,0.18720804874002855
ZAF,ZAF2017HSRC,sexcohab,ZAF_2_DC40,Dr K Kaunda DM,57,2017,Y030_034,0.22055753836449
ZAF,ZAF2017HSRC,sexnonregplus,ZAF_2_DC40,Dr K Kaunda DM,57,2017,Y030_034,0.5922344128954814
ZAF,ZAF2017HSRC,nosex12m,ZAF_2_DC40,Dr K Kaunda DM,57,2017,Y035_039,0.17728800630361652
ZAF,ZAF2017HSRC,sexcohab,ZAF_2_DC40,Dr K Kaunda DM,57,2017,Y035_039,0.31025341085465846
ZAF,ZAF2017HSRC,sexnonregplus,ZAF_2_DC40,Dr K Kaunda DM,57,2017,Y035_039,0.512458582841725
ZAF,ZAF2017HSRC,nosex12m,ZAF_2_DC40,Dr K Kaunda DM,57,2017,Y040_044,0.18052059837987197
ZAF,ZAF2017HSRC,sexcohab,ZAF_2_DC40,Dr K Kaunda DM,57,2017,Y040_044,0.4178727965144962
ZAF,ZAF2017HSRC,sexnonregplus,ZAF_2_DC40,Dr K Kaunda DM,57,2017,Y040_044,0.4016066051056318
ZAF,ZAF2017HSRC,nosex12m,ZAF_2_DC40,Dr K Kaunda DM,57,2017,Y045_049,0.2084184461529819
ZAF,ZAF2017HSRC,sexcohab,ZAF_2_DC40,Dr K Kaunda DM,57,2017,Y045_049,0.4566634205526714
ZAF,ZAF2017HSRC,sexnonregplus,ZAF_2_DC40,Dr K Kaunda DM,57,2017,Y045_049,0.33491813329434666
ZAF,ZAF2017HSRC,nosex12m,ZAF_2_JHB,Johannesburg MM,58,2017,Y015_019,0.6859795221096239
ZAF,ZAF2017HSRC,sexcohab,ZAF_2_JHB,Johannesburg MM,58,2017,Y015_019,0.00323639040686303
ZAF,ZAF2017HSRC,sexnonregplus,ZAF_2_JHB,Johannesburg MM,58,2017,Y015_019,0.3107840874835131
ZAF,ZAF2017HSRC,nosex12m,ZAF_2_JHB,Johannesburg MM,58,2017,Y020_024,0.2868274970660345
ZAF,ZAF2017HSRC,sexcohab,ZAF_2_JHB,Johannesburg MM,58,2017,Y020_024,0.03205677118287403
ZAF,ZAF2017HSRC,sexnonregplus,ZAF_2_JHB,Johannesburg MM,58,2017,Y020_024,0.6811157317510915
ZAF,ZAF2017HSRC,nosex12m,ZAF_2_JHB,Johannesburg MM,58,2017,Y025_029,0.1957996536156971
ZAF,ZAF2017HSRC,sexcohab,ZAF_2_JHB,Johannesburg MM,58,2017,Y025_029,0.1066337672768188
ZAF,ZAF2017HSRC,sexnonregplus,ZAF_2_JHB,Johannesburg MM,58,2017,Y025_029,0.6975665791074841
ZAF,ZAF2017HSRC,nosex12m,ZAF_2_JHB,Johannesburg MM,58,2017,Y030_034,0.16910549916993536
ZAF,ZAF2017HSRC,sexcohab,ZAF_2_JHB,Johannesburg MM,58,2017,Y030_034,0.2236595197940615
ZAF,ZAF2017HSRC,sexnonregplus,ZAF_2_JHB,Johannesburg MM,58,2017,Y030_034,0.6072349810360032
ZAF,ZAF2017HSRC,nosex12m,ZAF_2_JHB,Johannesburg MM,58,2017,Y035_039,0.16017789218417475
ZAF,ZAF2017HSRC,sexcohab,ZAF_2_JHB,Johannesburg MM,58,2017,Y035_039,0.3145020871744407
ZAF,ZAF2017HSRC,sexnonregplus,ZAF_2_JHB,Johannesburg MM,58,2017,Y035_039,0.5253200206413845
ZAF,ZAF2017HSRC,nosex12m,ZAF_2_JHB,Johannesburg MM,58,2017,Y040_044,0.1633749147486625
ZAF,ZAF2017HSRC,sexcohab,ZAF_2_JHB,Johannesburg MM,58,2017,Y040_044,0.42428905561038344
ZAF,ZAF2017HSRC,sexnonregplus,ZAF_2_JHB,Johannesburg MM,58,2017,Y040_044,0.41233602964095406
ZAF,ZAF2017HSRC,nosex12m,ZAF_2_JHB,Johannesburg MM,58,2017,Y045_049,0.18943314853513177
ZAF,ZAF2017HSRC,sexcohab,ZAF_2_JHB,Johannesburg MM,58,2017,Y045_049,0.4654267284099865
ZAF,ZAF2017HSRC,sexnonregplus,ZAF_2_JHB,Johannesburg MM,58,2017,Y045_049,0.34514012305488173
ZAF,ZAF2017HSRC,nosex12m,ZAF_2_TSH,Tshwane MM,59,2017,Y015_019,0.7071092917675736
ZAF,ZAF2017HSRC,sexcohab,ZAF_2_TSH,Tshwane MM,59,2017,Y015_019,0.00343771904177864
ZAF,ZAF2017HSRC,sexnonregplus,ZAF_2_TSH,Tshwane MM,59,2017,Y015_019,0.2894529891906477
ZAF,ZAF2017HSRC,nosex12m,ZAF_2_TSH,Tshwane MM,59,2017,Y020_024,0.3069502568774181
ZAF,ZAF2017HSRC,sexcohab,ZAF_2_TSH,Tshwane MM,59,2017,Y020_024,0.03537265607293091
ZAF,ZAF2017HSRC,sexnonregplus,ZAF_2_TSH,Tshwane MM,59,2017,Y020_024,0.657677087049651
ZAF,ZAF2017HSRC,nosex12m,ZAF_2_TSH,Tshwane MM,59,2017,Y025_029,0.20945704310973023
ZAF,ZAF2017HSRC,sexcohab,ZAF_2_TSH,Tshwane MM,59,2017,Y025_029,0.11753709506314956
ZAF,ZAF2017HSRC,sexnonregplus,ZAF_2_TSH,Tshwane MM,59,2017,Y025_029,0.6730058618271202
ZAF,ZAF2017HSRC,nosex12m,ZAF_2_TSH,Tshwane MM,59,2017,Y030_034,0.1785416628521063
ZAF,ZAF2017HSRC,sexcohab,ZAF_2_TSH,Tshwane MM,59,2017,Y030_034,0.24319963262394825
ZAF,ZAF2017HSRC,sexnonregplus,ZAF_2_TSH,Tshwane MM,59,2017,Y030_034,0.5782587045239455
ZAF,ZAF2017HSRC,nosex12m,ZAF_2_TSH,Tshwane MM,59,2017,Y035_039,0.16717414116716678
ZAF,ZAF2017HSRC,sexcohab,ZAF_2_TSH,Tshwane MM,59,2017,Y035_039,0.3381007732269129
ZAF,ZAF2017HSRC,sexnonregplus,ZAF_2_TSH,Tshwane MM,59,2017,Y035_039,0.4947250856059203
ZAF,ZAF2017HSRC,nosex12m,ZAF_2_TSH,Tshwane MM,59,2017,Y040_044,0.16794166797154572
ZAF,ZAF2017HSRC,sexcohab,ZAF_2_TSH,Tshwane MM,59,2017,Y040_044,0.4493750920594232
ZAF,ZAF2017HSRC,sexnonregplus,ZAF_2_TSH,Tshwane MM,59,2017,Y040_044,0.38268323996903103
ZAF,ZAF2017HSRC,nosex12m,ZAF_2_TSH,Tshwane MM,59,2017,Y045_049,0.19314925225468663
ZAF,ZAF2017HSRC,sexcohab,ZAF_2_TSH,Tshwane MM,59,2017,Y045_049,0.4889894091549715
ZAF,ZAF2017HSRC,sexnonregplus,ZAF_2_TSH,Tshwane MM,59,2017,Y045_049,0.3178613385903418
ZAF,ZAF2017HSRC,nosex12m,ZAF_2_EKU,Ekurhuleni MM,60,2017,Y015_019,0.6551477087131897
ZAF,ZAF2017HSRC,sexcohab,ZAF_2_EKU,Ekurhuleni MM,60,2017,Y015_019,0.00362866443851409
ZAF,ZAF2017HSRC,sexnonregplus,ZAF_2_EKU,Ekurhuleni MM,60,2017,Y015_019,0.3412236268482962
ZAF,ZAF2017HSRC,nosex12m,ZAF_2_EKU,Ekurhuleni MM,60,2017,Y020_024,0.25886126895004036
ZAF,ZAF2017HSRC,sexcohab,ZAF_2_EKU,Ekurhuleni MM,60,2017,Y020_024,0.03396062775520726
ZAF,ZAF2017HSRC,sexnonregplus,ZAF_2_EKU,Ekurhuleni MM,60,2017,Y020_024,0.7071781032947524
ZAF,ZAF2017HSRC,nosex12m,ZAF_2_EKU,Ekurhuleni MM,60,2017,Y025_029,0.17427093709836045
ZAF,ZAF2017HSRC,sexcohab,ZAF_2_EKU,Ekurhuleni MM,60,2017,Y025_029,0.11135916729145154
ZAF,ZAF2017HSRC,sexnonregplus,ZAF_2_EKU,Ekurhuleni MM,60,2017,Y025_029,0.714369895610188
ZAF,ZAF2017HSRC,nosex12m,ZAF_2_EKU,Ekurhuleni MM,60,2017,Y030_034,0.14962910486774472
ZAF,ZAF2017HSRC,sexcohab,ZAF_2_EKU,Ekurhuleni MM,60,2017,Y030_034,0.23228680382085584
ZAF,ZAF2017HSRC,sexnonregplus,ZAF_2_EKU,Ekurhuleni MM,60,2017,Y030_034,0.6180840913113994
ZAF,ZAF2017HSRC,nosex12m,ZAF_2_EKU,Ekurhuleni MM,60,2017,Y035_039,0.14126515430990977
ZAF,ZAF2017HSRC,sexcohab,ZAF_2_EKU,Ekurhuleni MM,60,2017,Y035_039,0.32571598044824135
ZAF,ZAF2017HSRC,sexnonregplus,ZAF_2_EKU,Ekurhuleni MM,60,2017,Y035_039,0.5330188652418488
ZAF,ZAF2017HSRC,nosex12m,ZAF_2_EKU,Ekurhuleni MM,60,2017,Y040_044,0.143794716929924
ZAF,ZAF2017HSRC,sexcohab,ZAF_2_EKU,Ekurhuleni MM,60,2017,Y040_044,0.4386753799298227
ZAF,ZAF2017HSRC,sexnonregplus,ZAF_2_EKU,Ekurhuleni MM,60,2017,Y040_044,0.4175299031402533
ZAF,ZAF2017HSRC,nosex12m,ZAF_2_EKU,Ekurhuleni MM,60,2017,Y045_049,0.16714149259922623
ZAF,ZAF2017HSRC,sexcohab,ZAF_2_EKU,Ekurhuleni MM,60,2017,Y045_049,0.4824649070571665
ZAF,ZAF2017HSRC,sexnonregplus,ZAF_2_EKU,Ekurhuleni MM,60,2017,Y045_049,0.35039360034360734
ZAF,ZAF2017HSRC,nosex12m,ZAF_2_DC42,Sedibeng DM,61,2017,Y015_019,0.682252478906189
ZAF,ZAF2017HSRC,sexcohab,ZAF_2_DC42,Sedibeng DM,61,2017,Y015_019,0.00336751126033595
ZAF,ZAF2017HSRC,sexnonregplus,ZAF_2_DC42,Sedibeng DM,61,2017,Y015_019,0.314380009833475
ZAF,ZAF2017HSRC,nosex12m,ZAF_2_DC42,Sedibeng DM,61,2017,Y020_024,0.2832825820826234
ZAF,ZAF2017HSRC,sexcohab,ZAF_2_DC42,Sedibeng DM,61,2017,Y020_024,0.03316458694437881
ZAF,ZAF2017HSRC,sexnonregplus,ZAF_2_DC42,Sedibeng DM,61,2017,Y020_024,0.6835528309729978
ZAF,ZAF2017HSRC,nosex12m,ZAF_2_DC42,Sedibeng DM,61,2017,Y025_029,0.19267027845308307
ZAF,ZAF2017HSRC,sexcohab,ZAF_2_DC42,Sedibeng DM,61,2017,Y025_029,0.10991111779496128
ZAF,ZAF2017HSRC,sexnonregplus,ZAF_2_DC42,Sedibeng DM,61,2017,Y025_029,0.6974186037519556
ZAF,ZAF2017HSRC,nosex12m,ZAF_2_DC42,Sedibeng DM,61,2017,Y030_034,0.16569792862217184
ZAF,ZAF2017HSRC,sexcohab,ZAF_2_DC42,Sedibeng DM,61,2017,Y030_034,0.22964673327591015
ZAF,ZAF2017HSRC,sexnonregplus,ZAF_2_DC42,Sedibeng DM,61,2017,Y030_034,0.604655338101918
ZAF,ZAF2017HSRC,nosex12m,ZAF_2_DC42,Sedibeng DM,61,2017,Y035_039,0.15647335453778904
ZAF,ZAF2017HSRC,sexcohab,ZAF_2_DC42,Sedibeng DM,61,2017,Y035_039,0.3219420300701407
ZAF,ZAF2017HSRC,sexnonregplus,ZAF_2_DC42,Sedibeng DM,61,2017,Y035_039,0.5215846153920702
ZAF,ZAF2017HSRC,nosex12m,ZAF_2_DC42,Sedibeng DM,61,2017,Y040_044,0.15899592658482842
ZAF,ZAF2017HSRC,sexcohab,ZAF_2_DC42,Sedibeng DM,61,2017,Y040_044,0.43289629085927206
ZAF,ZAF2017HSRC,sexnonregplus,ZAF_2_DC42,Sedibeng DM,61,2017,Y040_044,0.4081077825558995
ZAF,ZAF2017HSRC,nosex12m,ZAF_2_DC42,Sedibeng DM,61,2017,Y045_049,0.1841996183233313
ZAF,ZAF2017HSRC,sexcohab,ZAF_2_DC42,Sedibeng DM,61,2017,Y045_049,0.4744529044635822
ZAF,ZAF2017HSRC,sexnonregplus,ZAF_2_DC42,Sedibeng DM,61,2017,Y045_049,0.34134747721308656
ZAF,ZAF2017HSRC,nosex12m,ZAF_2_DC48,West Rand DM,62,2017,Y015_019,0.6699414561478043
ZAF,ZAF2017HSRC,sexcohab,ZAF_2_DC48,West Rand DM,62,2017,Y015_019,0.00308789356539449
ZAF,ZAF2017HSRC,sexnonregplus,ZAF_2_DC48,West Rand DM,62,2017,Y015_019,0.32697065028680117
ZAF,ZAF2017HSRC,nosex12m,ZAF_2_DC48,West Rand DM,62,2017,Y020_024,0.273292070172341
ZAF,ZAF2017HSRC,sexcohab,ZAF_2_DC48,West Rand DM,62,2017,Y020_024,0.02978852508639696
ZAF,ZAF2017HSRC,sexnonregplus,ZAF_2_DC48,West Rand DM,62,2017,Y020_024,0.696919404741262
ZAF,ZAF2017HSRC,nosex12m,ZAF_2_DC48,West Rand DM,62,2017,Y025_029,0.18673842906392563
ZAF,ZAF2017HSRC,sexcohab,ZAF_2_DC48,West Rand DM,62,2017,Y025_029,0.0992141694913511
ZAF,ZAF2017HSRC,sexnonregplus,ZAF_2_DC48,West Rand DM,62,2017,Y025_029,0.7140474014447232
ZAF,ZAF2017HSRC,nosex12m,ZAF_2_DC48,West Rand DM,62,2017,Y030_034,0.1627655359940947
ZAF,ZAF2017HSRC,sexcohab,ZAF_2_DC48,West Rand DM,62,2017,Y030_034,0.20992700311418044
ZAF,ZAF2017HSRC,sexnonregplus,ZAF_2_DC48,West Rand DM,62,2017,Y030_034,0.6273074608917248
ZAF,ZAF2017HSRC,nosex12m,ZAF_2_DC48,West Rand DM,62,2017,Y035_039,0.1553459746686346
ZAF,ZAF2017HSRC,sexcohab,ZAF_2_DC48,West Rand DM,62,2017,Y035_039,0.29749450421114493
ZAF,ZAF2017HSRC,sexnonregplus,ZAF_2_DC48,West Rand DM,62,2017,Y035_039,0.5471595211202205
ZAF,ZAF2017HSRC,nosex12m,ZAF_2_DC48,West Rand DM,62,2017,Y040_044,0.16016444223483775
ZAF,ZAF2017HSRC,sexcohab,ZAF_2_DC48,West Rand DM,62,2017,Y040_044,0.4055822697561817
ZAF,ZAF2017HSRC,sexnonregplus,ZAF_2_DC48,West Rand DM,62,2017,Y040_044,0.43425328800898055
ZAF,ZAF2017HSRC,nosex12m,ZAF_2_DC48,West Rand DM,62,2017,Y045_049,0.186664938426872
ZAF,ZAF2017HSRC,sexcohab,ZAF_2_DC48,West Rand DM,62,2017,Y045_049,0.4474996401533834
ZAF,ZAF2017HSRC,sexnonregplus,ZAF_2_DC48,West Rand DM,62,2017,Y045_049,0.3658354214197446
ZAF,ZAF2022HSRC,nosex12m,ZAF_2_CPT,Cape Town MM,11,2022,Y015_019,0.6598556350962239
ZAF,ZAF2022HSRC,sexcohab,ZAF_2_CPT,Cape Town MM,11,2022,Y015_019,0.00562560544977162
ZAF,ZAF2022HSRC,sexnonregplus,ZAF_2_CPT,Cape Town MM,11,2022,Y015_019,0.33451875945400444
ZAF,ZAF2022HSRC,nosex12m,ZAF_2_CPT,Cape Town MM,11,2022,Y020_024,0.25875751481049664
ZAF,ZAF2022HSRC,sexcohab,ZAF_2_CPT,Cape Town MM,11,2022,Y020_024,0.05252626706266021
ZAF,ZAF2022HSRC,sexnonregplus,ZAF_2_CPT,Cape Town MM,11,2022,Y020_024,0.6887162181268431
ZAF,ZAF2022HSRC,nosex12m,ZAF_2_CPT,Cape Town MM,11,2022,Y025_029,0.16710367800711148
ZAF,ZAF2022HSRC,sexcohab,ZAF_2_CPT,Cape Town MM,11,2022,Y025_029,0.16536417064771208
ZAF,ZAF2022HSRC,sexnonregplus,ZAF_2_CPT,Cape Town MM,11,2022,Y025_029,0.6675321513451764
ZAF,ZAF2022HSRC,nosex12m,ZAF_2_CPT,Cape Town MM,11,2022,Y030_034,0.1345940110660022
ZAF,ZAF2022HSRC,sexcohab,ZAF_2_CPT,Cape Town MM,11,2022,Y030_034,0.3236178639476114
ZAF,ZAF2022HSRC,sexnonregplus,ZAF_2_CPT,Cape Town MM,11,2022,Y030_034,0.5417881249863864
ZAF,ZAF2022HSRC,nosex12m,ZAF_2_CPT,Cape Town MM,11,2022,Y035_039,0.12120127100450792
ZAF,ZAF2022HSRC,sexcohab,ZAF_2_CPT,Cape Town MM,11,2022,Y035_039,0.4329945983993365
ZAF,ZAF2022HSRC,sexnonregplus,ZAF_2_CPT,Cape Town MM,11,2022,Y035_039,0.44580413059615553
ZAF,ZAF2022HSRC,nosex12m,ZAF_2_CPT,Cape Town MM,11,2022,Y040_044,0.11684082899080424
ZAF,ZAF2022HSRC,sexcohab,ZAF_2_CPT,Cape Town MM,11,2022,Y040_044,0.5524845527390309
ZAF,ZAF2022HSRC,sexnonregplus,ZAF_2_CPT,Cape Town MM,11,2022,Y040_044,0.33067461827016487
ZAF,ZAF2022HSRC,nosex12m,ZAF_2_CPT,Cape Town MM,11,2022,Y045_049,0.13302196377816927
ZAF,ZAF2022HSRC,sexcohab,ZAF_2_CPT,Cape Town MM,11,2022,Y045_049,0.5951949632259635
ZAF,ZAF2022HSRC,sexnonregplus,ZAF_2_CPT,Cape Town MM,11,2022,Y045_049,0.2717830729958672
ZAF,ZAF2022HSRC,nosex12m,ZAF_2_DC1,West Coast DM,12,2022,Y015_019,0.7920958290295523
ZAF,ZAF2022HSRC,sexcohab,ZAF_2_DC1,West Coast DM,12,2022,Y015_019,0.00477606749693543
ZAF,ZAF2022HSRC,sexnonregplus,ZAF_2_DC1,West Coast DM,12,2022,Y015_019,0.20312810347351223
ZAF,ZAF2022HSRC,nosex12m,ZAF_2_DC1,West Coast DM,12,2022,Y020_024,0.4035873247372701
ZAF,ZAF2022HSRC,sexcohab,ZAF_2_DC1,West Coast DM,12,2022,Y020_024,0.05761005252776456
ZAF,ZAF2022HSRC,sexnonregplus,ZAF_2_DC1,West Coast DM,12,2022,Y020_024,0.5388026227349654
ZAF,ZAF2022HSRC,nosex12m,ZAF_2_DC1,West Coast DM,12,2022,Y025_029,0.2708641814986004
ZAF,ZAF2022HSRC,sexcohab,ZAF_2_DC1,West Coast DM,12,2022,Y025_029,0.18759382418263107
ZAF,ZAF2022HSRC,sexnonregplus,ZAF_2_DC1,West Coast DM,12,2022,Y025_029,0.5415419943187685
ZAF,ZAF2022HSRC,nosex12m,ZAF_2_DC1,West Coast DM,12,2022,Y030_034,0.2130578237050627
ZAF,ZAF2022HSRC,sexcohab,ZAF_2_DC1,West Coast DM,12,2022,Y030_034,0.35755039031453517
ZAF,ZAF2022HSRC,sexnonregplus,ZAF_2_DC1,West Coast DM,12,2022,Y030_034,0.4293917859804021
ZAF,ZAF2022HSRC,nosex12m,ZAF_2_DC1,West Coast DM,12,2022,Y035_039,0.18766476315362313
ZAF,ZAF2022HSRC,sexcohab,ZAF_2_DC1,West Coast DM,12,2022,Y035_039,0.4667826046204059
ZAF,ZAF2022HSRC,sexnonregplus,ZAF_2_DC1,West Coast DM,12,2022,Y035_039,0.34555263222597093
ZAF,ZAF2022HSRC,nosex12m,ZAF_2_DC1,West Coast DM,12,2022,Y040_044,0.17525403674953918
ZAF,ZAF2022HSRC,sexcohab,ZAF_2_DC1,West Coast DM,12,2022,Y040_044,0.5761916182883021
ZAF,ZAF2022HSRC,sexnonregplus,ZAF_2_DC1,West Coast DM,12,2022,Y040_044,0.24855434496215872
ZAF,ZAF2022HSRC,nosex12m,ZAF_2_DC1,West Coast DM,12,2022,Y045_049,0.1946736861032035
ZAF,ZAF2022HSRC,sexcohab,ZAF_2_DC1,West Coast DM,12,2022,Y045_049,0.6058410266609044
ZAF,ZAF2022HSRC,sexnonregplus,ZAF_2_DC1,West Coast DM,12,2022,Y045_049,0.19948528723589204
ZAF,ZAF2022HSRC,nosex12m,ZAF_2_DC2,Cape Winelands DM,13,2022,Y015_019,0.7855640073208671
ZAF,ZAF2022HSRC,sexcohab,ZAF_2_DC2,Cape Winelands DM,13,2022,Y015_019,0.00561483582096615
ZAF,ZAF2022HSRC,sexnonregplus,ZAF_2_DC2,Cape Winelands DM,13,2022,Y015_019,0.2088211568581668
ZAF,ZAF2022HSRC,nosex12m,ZAF_2_DC2,Cape Winelands DM,13,2022,Y020_024,0.39071899404731064
ZAF,ZAF2022HSRC,sexcohab,ZAF_2_DC2,Cape Winelands DM,13,2022,Y020_024,0.0661292186793966
ZAF,ZAF2022HSRC,sexnonregplus,ZAF_2_DC2,Cape Winelands DM,13,2022,Y020_024,0.5431517872732927
ZAF,ZAF2022HSRC,nosex12m,ZAF_2_DC2,Cape Winelands DM,13,2022,Y025_029,0.2558577597471974
ZAF,ZAF2022HSRC,sexcohab,ZAF_2_DC2,Cape Winelands DM,13,2022,Y025_029,0.21081660740975935
ZAF,ZAF2022HSRC,sexnonregplus,ZAF_2_DC2,Cape Winelands DM,13,2022,Y025_029,0.5333256328430432
ZAF,ZAF2022HSRC,nosex12m,ZAF_2_DC2,Cape Winelands DM,13,2022,Y030_034,0.19601680832051105
ZAF,ZAF2022HSRC,sexcohab,ZAF_2_DC2,Cape Winelands DM,13,2022,Y030_034,0.3919334042892503
ZAF,ZAF2022HSRC,sexnonregplus,ZAF_2_DC2,Cape Winelands DM,13,2022,Y030_034,0.4120497873902387
ZAF,ZAF2022HSRC,nosex12m,ZAF_2_DC2,Cape Winelands DM,13,2022,Y035_039,0.1698571318637904
ZAF,ZAF2022HSRC,sexcohab,ZAF_2_DC2,Cape Winelands DM,13,2022,Y035_039,0.5039389038140081
ZAF,ZAF2022HSRC,sexnonregplus,ZAF_2_DC2,Cape Winelands DM,13,2022,Y035_039,0.3262039643222015
ZAF,ZAF2022HSRC,nosex12m,ZAF_2_DC2,Cape Winelands DM,13,2022,Y040_044,0.15619430188152478
ZAF,ZAF2022HSRC,sexcohab,ZAF_2_DC2,Cape Winelands DM,13,2022,Y040_044,0.6129197027162835
ZAF,ZAF2022HSRC,sexnonregplus,ZAF_2_DC2,Cape Winelands DM,13,2022,Y040_044,0.2308859954021917
ZAF,ZAF2022HSRC,nosex12m,ZAF_2_DC2,Cape Winelands DM,13,2022,Y045_049,0.17299385145050172
ZAF,ZAF2022HSRC,sexcohab,ZAF_2_DC2,Cape Winelands DM,13,2022,Y045_049,0.6423229426369323
ZAF,ZAF2022HSRC,sexnonregplus,ZAF_2_DC2,Cape Winelands DM,13,2022,Y045_049,0.1846832059125659
ZAF,ZAF2022HSRC,nosex12m,ZAF_2_DC3,Overberg DM,14,2022,Y015_019,0.7794825798336175
ZAF,ZAF2022HSRC,sexcohab,ZAF_2_DC3,Overberg DM,14,2022,Y015_019,0.00506499027668731
ZAF,ZAF2022HSRC,sexnonregplus,ZAF_2_DC3,Overberg DM,14,2022,Y015_019,0.2154524298896952
ZAF,ZAF2022HSRC,nosex12m,ZAF_2_DC3,Overberg DM,14,2022,Y020_024,0.3873587538781737
ZAF,ZAF2022HSRC,sexcohab,ZAF_2_DC3,Overberg DM,14,2022,Y020_024,0.05920365924466004
ZAF,ZAF2022HSRC,sexnonregplus,ZAF_2_DC3,Overberg DM,14,2022,Y020_024,0.5534375868771663
ZAF,ZAF2022HSRC,nosex12m,ZAF_2_DC3,Overberg DM,14,2022,Y025_029,0.25788340811041555
ZAF,ZAF2022HSRC,sexcohab,ZAF_2_DC3,Overberg DM,14,2022,Y025_029,0.1909863683110938
ZAF,ZAF2022HSRC,sexnonregplus,ZAF_2_DC3,Overberg DM,14,2022,Y025_029,0.5511302235784906
ZAF,ZAF2022HSRC,nosex12m,ZAF_2_DC3,Overberg DM,14,2022,Y030_034,0.20220019727420863
ZAF,ZAF2022HSRC,sexcohab,ZAF_2_DC3,Overberg DM,14,2022,Y030_034,0.3619606150831593
ZAF,ZAF2022HSRC,sexnonregplus,ZAF_2_DC3,Overberg DM,14,2022,Y030_034,0.435839187642632
ZAF,ZAF2022HSRC,nosex12m,ZAF_2_DC3,Overberg DM,14,2022,Y035_039,0.17789454316356312
ZAF,ZAF2022HSRC,sexcohab,ZAF_2_DC3,Overberg DM,14,2022,Y035_039,0.471449808885467
ZAF,ZAF2022HSRC,sexnonregplus,ZAF_2_DC3,Overberg DM,14,2022,Y035_039,0.3506556479509698
ZAF,ZAF2022HSRC,nosex12m,ZAF_2_DC3,Overberg DM,14,2022,Y040_044,0.1662846865413494
ZAF,ZAF2022HSRC,sexcohab,ZAF_2_DC3,Overberg DM,14,2022,Y040_044,0.5812778345952023
ZAF,ZAF2022HSRC,sexnonregplus,ZAF_2_DC3,Overberg DM,14,2022,Y040_044,0.25243747886344825
ZAF,ZAF2022HSRC,nosex12m,ZAF_2_DC3,Overberg DM,14,2022,Y045_049,0.18503131502212772
ZAF,ZAF2022HSRC,sexcohab,ZAF_2_DC3,Overberg DM,14,2022,Y045_049,0.6118666566927766
ZAF,ZAF2022HSRC,sexnonregplus,ZAF_2_DC3,Overberg DM,14,2022,Y045_049,0.2031020282850957
ZAF,ZAF2022HSRC,nosex12m,ZAF_2_DC4,Garden Route DM,15,2022,Y015_019,0.8210676033581448
ZAF,ZAF2022HSRC,sexcohab,ZAF_2_DC4,Garden Route DM,15,2022,Y015_019,0.00403451344962499
ZAF,ZAF2022HSRC,sexnonregplus,ZAF_2_DC4,Garden Route DM,15,2022,Y015_019,0.17489788319223024
ZAF,ZAF2022HSRC,nosex12m,ZAF_2_DC4,Garden Route DM,15,2022,Y020_024,0.44881033246112895
ZAF,ZAF2022HSRC,sexcohab,ZAF_2_DC4,Garden Route DM,15,2022,Y020_024,0.05223752517348418
ZAF,ZAF2022HSRC,sexnonregplus,ZAF_2_DC4,Garden Route DM,15,2022,Y020_024,0.4989521423653869
ZAF,ZAF2022HSRC,nosex12m,ZAF_2_DC4,Garden Route DM,15,2022,Y025_029,0.30949352544131375
ZAF,ZAF2022HSRC,sexcohab,ZAF_2_DC4,Garden Route DM,15,2022,Y025_029,0.17501760293920116
ZAF,ZAF2022HSRC,sexnonregplus,ZAF_2_DC4,Garden Route DM,15,2022,Y025_029,0.5154888716194851
ZAF,ZAF2022HSRC,nosex12m,ZAF_2_DC4,Garden Route DM,15,2022,Y030_034,0.24696584426151075
ZAF,ZAF2022HSRC,sexcohab,ZAF_2_DC4,Garden Route DM,15,2022,Y030_034,0.33843761363345215
ZAF,ZAF2022HSRC,sexnonregplus,ZAF_2_DC4,Garden Route DM,15,2022,Y030_034,0.4145965421050371
ZAF,ZAF2022HSRC,nosex12m,ZAF_2_DC4,Garden Route DM,15,2022,Y035_039,0.21894596201225375
ZAF,ZAF2022HSRC,sexcohab,ZAF_2_DC4,Garden Route DM,15,2022,Y035_039,0.44499061301882414
ZAF,ZAF2022HSRC,sexnonregplus,ZAF_2_DC4,Garden Route DM,15,2022,Y035_039,0.3360634249689221
ZAF,ZAF2022HSRC,nosex12m,ZAF_2_DC4,Garden Route DM,15,2022,Y040_044,0.205473105505052
ZAF,ZAF2022HSRC,sexcohab,ZAF_2_DC4,Garden Route DM,15,2022,Y040_044,0.5517825566363065
ZAF,ZAF2022HSRC,sexnonregplus,ZAF_2_DC4,Garden Route DM,15,2022,Y040_044,0.2427443378586415
ZAF,ZAF2022HSRC,nosex12m,ZAF_2_DC4,Garden Route DM,15,2022,Y045_049,0.22754531763852817
ZAF,ZAF2022HSRC,sexcohab,ZAF_2_DC4,Garden Route DM,15,2022,Y045_049,0.5782811173819263
ZAF,ZAF2022HSRC,sexnonregplus,ZAF_2_DC4,Garden Route DM,15,2022,Y045_049,0.19417356497954555
ZAF,ZAF2022HSRC,nosex12m,ZAF_2_DC5,Central Karoo DM,16,2022,Y015_019,0.7724526224945341
ZAF,ZAF2022HSRC,sexcohab,ZAF_2_DC5,Central Karoo DM,16,2022,Y015_019,0.00528108103130816
ZAF,ZAF2022HSRC,sexnonregplus,ZAF_2_DC5,Central Karoo DM,16,2022,Y015_019,0.2222662964741578
ZAF,ZAF2022HSRC,nosex12m,ZAF_2_DC5,Central Karoo DM,16,2022,Y020_024,0.3772687335554242
ZAF,ZAF2022HSRC,sexcohab,ZAF_2_DC5,Central Karoo DM,16,2022,Y020_024,0.06072348155009757
ZAF,ZAF2022HSRC,sexnonregplus,ZAF_2_DC5,Central Karoo DM,16,2022,Y020_024,0.5620077848944782
ZAF,ZAF2022HSRC,nosex12m,ZAF_2_DC5,Central Karoo DM,16,2022,Y025_029,0.24929889091710833
ZAF,ZAF2022HSRC,sexcohab,ZAF_2_DC5,Central Karoo DM,16,2022,Y025_029,0.1947039001642432
ZAF,ZAF2022HSRC,sexnonregplus,ZAF_2_DC5,Central Karoo DM,16,2022,Y025_029,0.5559972089186485
ZAF,ZAF2022HSRC,nosex12m,ZAF_2_DC5,Central Karoo DM,16,2022,Y030_034,0.19454280855555617
ZAF,ZAF2022HSRC,sexcohab,ZAF_2_DC5,Central Karoo DM,16,2022,Y030_034,0.36761090334205027
ZAF,ZAF2022HSRC,sexnonregplus,ZAF_2_DC5,Central Karoo DM,16,2022,Y030_034,0.4378462881023936
ZAF,ZAF2022HSRC,nosex12m,ZAF_2_DC5,Central Karoo DM,16,2022,Y035_039,0.17075479431166402
ZAF,ZAF2022HSRC,sexcohab,ZAF_2_DC5,Central Karoo DM,16,2022,Y035_039,0.4778392595964444
ZAF,ZAF2022HSRC,sexnonregplus,ZAF_2_DC5,Central Karoo DM,16,2022,Y035_039,0.3514059460918916
ZAF,ZAF2022HSRC,nosex12m,ZAF_2_DC5,Central Karoo DM,16,2022,Y040_044,0.15924325793017657
ZAF,ZAF2022HSRC,sexcohab,ZAF_2_DC5,Central Karoo DM,16,2022,Y040_044,0.588231431884618
ZAF,ZAF2022HSRC,sexnonregplus,ZAF_2_DC5,Central Karoo DM,16,2022,Y040_044,0.25252531018520546
ZAF,ZAF2022HSRC,nosex12m,ZAF_2_DC5,Central Karoo DM,16,2022,Y045_049,0.17721513140131365
ZAF,ZAF2022HSRC,sexcohab,ZAF_2_DC5,Central Karoo DM,16,2022,Y045_049,0.6195917477681173
ZAF,ZAF2022HSRC,sexnonregplus,ZAF_2_DC5,Central Karoo DM,16,2022,Y045_049,0.2031931208305691
ZAF,ZAF2022HSRC,nosex12m,ZAF_2_DC6,Namakwa DM,17,2022,Y015_019,0.7562803935247612
ZAF,ZAF2022HSRC,sexcohab,ZAF_2_DC6,Namakwa DM,17,2022,Y015_019,0.00457595999464567
ZAF,ZAF2022HSRC,sexnonregplus,ZAF_2_DC6,Namakwa DM,17,2022,Y015_019,0.2391436464805932
ZAF,ZAF2022HSRC,nosex12m,ZAF_2_DC6,Namakwa DM,17,2022,Y020_024,0.35813913586189
ZAF,ZAF2022HSRC,sexcohab,ZAF_2_DC6,Namakwa DM,17,2022,Y020_024,0.05117897033076291
ZAF,ZAF2022HSRC,sexnonregplus,ZAF_2_DC6,Namakwa DM,17,2022,Y020_024,0.5906818938073471
ZAF,ZAF2022HSRC,nosex12m,ZAF_2_DC6,Namakwa DM,17,2022,Y025_029,0.240014014960949
ZAF,ZAF2022HSRC,sexcohab,ZAF_2_DC6,Namakwa DM,17,2022,Y025_029,0.16679367185666932
ZAF,ZAF2022HSRC,sexnonregplus,ZAF_2_DC6,Namakwa DM,17,2022,Y025_029,0.5931923131823816
ZAF,ZAF2022HSRC,nosex12m,ZAF_2_DC6,Namakwa DM,17,2022,Y030_034,0.19315494511790351
ZAF,ZAF2022HSRC,sexcohab,ZAF_2_DC6,Namakwa DM,17,2022,Y030_034,0.32549072954919506
ZAF,ZAF2022HSRC,sexnonregplus,ZAF_2_DC6,Namakwa DM,17,2022,Y030_034,0.4813543253329014
ZAF,ZAF2022HSRC,nosex12m,ZAF_2_DC6,Namakwa DM,17,2022,Y035_039,0.17304876929108826
ZAF,ZAF2022HSRC,sexcohab,ZAF_2_DC6,Namakwa DM,17,2022,Y035_039,0.43268839713555257
ZAF,ZAF2022HSRC,sexnonregplus,ZAF_2_DC6,Namakwa DM,17,2022,Y035_039,0.3942628335733592
ZAF,ZAF2022HSRC,nosex12m,ZAF_2_DC6,Namakwa DM,17,2022,Y040_044,0.16502766563092508
ZAF,ZAF2022HSRC,sexcohab,ZAF_2_DC6,Namakwa DM,17,2022,Y040_044,0.5454037430573815
ZAF,ZAF2022HSRC,sexnonregplus,ZAF_2_DC6,Namakwa DM,17,2022,Y040_044,0.28956859131169344
ZAF,ZAF2022HSRC,nosex12m,ZAF_2_DC6,Namakwa DM,17,2022,Y045_049,0.18534069109804105
ZAF,ZAF2022HSRC,sexcohab,ZAF_2_DC6,Namakwa DM,17,2022,Y045_049,0.579711410639254
ZAF,ZAF2022HSRC,sexnonregplus,ZAF_2_DC6,Namakwa DM,17,2022,Y045_049,0.23494789826270493
ZAF,ZAF2022HSRC,nosex12m,ZAF_2_DC7,Pixley ka Seme DM,18,2022,Y015_019,0.7636764366423888
ZAF,ZAF2022HSRC,sexcohab,ZAF_2_DC7,Pixley ka Seme DM,18,2022,Y015_019,0.0033886991715258
ZAF,ZAF2022HSRC,sexnonregplus,ZAF_2_DC7,Pixley ka Seme DM,18,2022,Y015_019,0.23293486418608533
ZAF,ZAF2022HSRC,nosex12m,ZAF_2_DC7,Pixley ka Seme DM,18,2022,Y020_024,0.3701253077532371
ZAF,ZAF2022HSRC,sexcohab,ZAF_2_DC7,Pixley ka Seme DM,18,2022,Y020_024,0.03898447427892109
ZAF,ZAF2022HSRC,sexnonregplus,ZAF_2_DC7,Pixley ka Seme DM,18,2022,Y020_024,0.5908902179678417
ZAF,ZAF2022HSRC,nosex12m,ZAF_2_DC7,Pixley ka Seme DM,18,2022,Y025_029,0.2559585247080804
ZAF,ZAF2022HSRC,sexcohab,ZAF_2_DC7,Pixley ka Seme DM,18,2022,Y025_029,0.1312686818687798
ZAF,ZAF2022HSRC,sexnonregplus,ZAF_2_DC7,Pixley ka Seme DM,18,2022,Y025_029,0.6127727934231398
ZAF,ZAF2022HSRC,nosex12m,ZAF_2_DC7,Pixley ka Seme DM,18,2022,Y030_034,0.21464530109275337
ZAF,ZAF2022HSRC,sexcohab,ZAF_2_DC7,Pixley ka Seme DM,18,2022,Y030_034,0.2673466359119607
ZAF,ZAF2022HSRC,sexnonregplus,ZAF_2_DC7,Pixley ka Seme DM,18,2022,Y030_034,0.5180080629952859
ZAF,ZAF2022HSRC,nosex12m,ZAF_2_DC7,Pixley ka Seme DM,18,2022,Y035_039,0.19783290057429287
ZAF,ZAF2022HSRC,sexcohab,ZAF_2_DC7,Pixley ka Seme DM,18,2022,Y035_039,0.3658314197298658
ZAF,ZAF2022HSRC,sexnonregplus,ZAF_2_DC7,Pixley ka Seme DM,18,2022,Y035_039,0.43633567969584136
ZAF,ZAF2022HSRC,nosex12m,ZAF_2_DC7,Pixley ka Seme DM,18,2022,Y040_044,0.19439290074253032
ZAF,ZAF2022HSRC,sexcohab,ZAF_2_DC7,Pixley ka Seme DM,18,2022,Y040_044,0.4755358581754106
ZAF,ZAF2022HSRC,sexnonregplus,ZAF_2_DC7,Pixley ka Seme DM,18,2022,Y040_044,0.33007124108205904
ZAF,ZAF2022HSRC,nosex12m,ZAF_2_DC7,Pixley ka Seme DM,18,2022,Y045_049,0.22013804116963323
ZAF,ZAF2022HSRC,sexcohab,ZAF_2_DC7,Pixley ka Seme DM,18,2022,Y045_049,0.5097771346357071
ZAF,ZAF2022HSRC,sexnonregplus,ZAF_2_DC7,Pixley ka Seme DM,18,2022,Y045_049,0.2700848241946596
ZAF,ZAF2022HSRC,nosex12m,ZAF_2_DC8,ZF Mgcawu DM,19,2022,Y015_019,0.7557791204849948
ZAF,ZAF2022HSRC,sexcohab,ZAF_2_DC8,ZF Mgcawu DM,19,2022,Y015_019,0.00338390272053972
ZAF,ZAF2022HSRC,sexnonregplus,ZAF_2_DC8,ZF Mgcawu DM,19,2022,Y015_019,0.24083697679446545
ZAF,ZAF2022HSRC,nosex12m,ZAF_2_DC8,ZF Mgcawu DM,19,2022,Y020_024,0.360422498944084
ZAF,ZAF2022HSRC,sexcohab,ZAF_2_DC8,ZF Mgcawu DM,19,2022,Y020_024,0.03829159257139547
ZAF,ZAF2022HSRC,sexnonregplus,ZAF_2_DC8,ZF Mgcawu DM,19,2022,Y020_024,0.6012859084845205
ZAF,ZAF2022HSRC,nosex12m,ZAF_2_DC8,ZF Mgcawu DM,19,2022,Y025_029,0.24881115353829267
ZAF,ZAF2022HSRC,sexcohab,ZAF_2_DC8,ZF Mgcawu DM,19,2022,Y025_029,0.12872966222287377
ZAF,ZAF2022HSRC,sexnonregplus,ZAF_2_DC8,ZF Mgcawu DM,19,2022,Y025_029,0.6224591842388335
ZAF,ZAF2022HSRC,nosex12m,ZAF_2_DC8,ZF Mgcawu DM,19,2022,Y030_034,0.20929452287678868
ZAF,ZAF2022HSRC,sexcohab,ZAF_2_DC8,ZF Mgcawu DM,19,2022,Y030_034,0.26294566631495786
ZAF,ZAF2022HSRC,sexnonregplus,ZAF_2_DC8,ZF Mgcawu DM,19,2022,Y030_034,0.5277598108082534
ZAF,ZAF2022HSRC,nosex12m,ZAF_2_DC8,ZF Mgcawu DM,19,2022,Y035_039,0.1934413174685902
ZAF,ZAF2022HSRC,sexcohab,ZAF_2_DC8,ZF Mgcawu DM,19,2022,Y035_039,0.36086617221695144
ZAF,ZAF2022HSRC,sexnonregplus,ZAF_2_DC8,ZF Mgcawu DM,19,2022,Y035_039,0.4456925103144584
ZAF,ZAF2022HSRC,nosex12m,ZAF_2_DC8,ZF Mgcawu DM,19,2022,Y040_044,0.1908159055243407
ZAF,ZAF2022HSRC,sexcohab,ZAF_2_DC8,ZF Mgcawu DM,19,2022,Y040_044,0.4708095739215518
ZAF,ZAF2022HSRC,sexnonregplus,ZAF_2_DC8,ZF Mgcawu DM,19,2022,Y040_044,0.3383745205541075
ZAF,ZAF2022HSRC,nosex12m,ZAF_2_DC8,ZF Mgcawu DM,19,2022,Y045_049,0.2166263986306579
ZAF,ZAF2022HSRC,sexcohab,ZAF_2_DC8,ZF Mgcawu DM,19,2022,Y045_049,0.5059080040178555
ZAF,ZAF2022HSRC,sexnonregplus,ZAF_2_DC8,ZF Mgcawu DM,19,2022,Y045_049,0.27746559735148657
ZAF,ZAF2022HSRC,nosex12m,ZAF_2_DC9,Frances Baard DM,20,2022,Y015_019,0.7132859688612075
ZAF,ZAF2022HSRC,sexcohab,ZAF_2_DC9,Frances Baard DM,20,2022,Y015_019,0.00274116287681042
ZAF,ZAF2022HSRC,sexnonregplus,ZAF_2_DC9,Frances Baard DM,20,2022,Y015_019,0.28397286826198204
ZAF,ZAF2022HSRC,nosex12m,ZAF_2_DC9,Frances Baard DM,20,2022,Y020_024,0.314882481117823
ZAF,ZAF2022HSRC,sexcohab,ZAF_2_DC9,Frances Baard DM,20,2022,Y020_024,0.02868294404692979
ZAF,ZAF2022HSRC,sexnonregplus,ZAF_2_DC9,Frances Baard DM,20,2022,Y020_024,0.6564345748352473
ZAF,ZAF2022HSRC,nosex12m,ZAF_2_DC9,Frances Baard DM,20,2022,Y025_029,0.2188028605082337
ZAF,ZAF2022HSRC,sexcohab,ZAF_2_DC9,Frances Baard DM,20,2022,Y025_029,0.09711402997638031
ZAF,ZAF2022HSRC,sexnonregplus,ZAF_2_DC9,Frances Baard DM,20,2022,Y025_029,0.684083109515386
ZAF,ZAF2022HSRC,nosex12m,ZAF_2_DC9,Frances Baard DM,20,2022,Y030_034,0.19118308605584977
ZAF,ZAF2022HSRC,sexcohab,ZAF_2_DC9,Frances Baard DM,20,2022,Y030_034,0.2062158463253097
ZAF,ZAF2022HSRC,sexnonregplus,ZAF_2_DC9,Frances Baard DM,20,2022,Y030_034,0.6026010676188406
ZAF,ZAF2022HSRC,nosex12m,ZAF_2_DC9,Frances Baard DM,20,2022,Y035_039,0.18236845773881263
ZAF,ZAF2022HSRC,sexcohab,ZAF_2_DC9,Frances Baard DM,20,2022,Y035_039,0.292296294509501
ZAF,ZAF2022HSRC,sexnonregplus,ZAF_2_DC9,Frances Baard DM,20,2022,Y035_039,0.5253352477516864
ZAF,ZAF2022HSRC,nosex12m,ZAF_2_DC9,Frances Baard DM,20,2022,Y040_044,0.18742360389454021
ZAF,ZAF2022HSRC,sexcohab,ZAF_2_DC9,Frances Baard DM,20,2022,Y040_044,0.39716105399658
ZAF,ZAF2022HSRC,sexnonregplus,ZAF_2_DC9,Frances Baard DM,20,2022,Y040_044,0.4154153421088798
ZAF,ZAF2022HSRC,nosex12m,ZAF_2_DC9,Frances Baard DM,20,2022,Y045_049,0.21707127303041593
ZAF,ZAF2022HSRC,sexcohab,ZAF_2_DC9,Frances Baard DM,20,2022,Y045_049,0.43537896492075073
ZAF,ZAF2022HSRC,sexnonregplus,ZAF_2_DC9,Frances Baard DM,20,2022,Y045_049,0.3475497620488333
ZAF,ZAF2022HSRC,nosex12m,ZAF_2_DC45,J T Gaetsewe DM,21,2022,Y015_019,0.7166408929252693
ZAF,ZAF2022HSRC,sexcohab,ZAF_2_DC45,J T Gaetsewe DM,21,2022,Y015_019,0.00242092604882527
ZAF,ZAF2022HSRC,sexnonregplus,ZAF_2_DC45,J T Gaetsewe DM,21,2022,Y015_019,0.28093818102590545
ZAF,ZAF2022HSRC,nosex12m,ZAF_2_DC45,J T Gaetsewe DM,21,2022,Y020_024,0.3216888331876964
ZAF,ZAF2022HSRC,sexcohab,ZAF_2_DC45,J T Gaetsewe DM,21,2022,Y020_024,0.02555459542396323
ZAF,ZAF2022HSRC,sexnonregplus,ZAF_2_DC45,J T Gaetsewe DM,21,2022,Y020_024,0.6527565713883403
ZAF,ZAF2022HSRC,nosex12m,ZAF_2_DC45,J T Gaetsewe DM,21,2022,Y025_029,0.2260726019972751
ZAF,ZAF2022HSRC,sexcohab,ZAF_2_DC45,J T Gaetsewe DM,21,2022,Y025_029,0.08728676957360977
ZAF,ZAF2022HSRC,sexnonregplus,ZAF_2_DC45,J T Gaetsewe DM,21,2022,Y025_029,0.6866406284291151
ZAF,ZAF2022HSRC,nosex12m,ZAF_2_DC45,J T Gaetsewe DM,21,2022,Y030_034,0.20009007228479933
ZAF,ZAF2022HSRC,sexcohab,ZAF_2_DC45,J T Gaetsewe DM,21,2022,Y030_034,0.1870974160505671
ZAF,ZAF2022HSRC,sexnonregplus,ZAF_2_DC45,J T Gaetsewe DM,21,2022,Y030_034,0.6128125116646336
ZAF,ZAF2022HSRC,nosex12m,ZAF_2_DC45,J T Gaetsewe DM,21,2022,Y035_039,0.19280459172887524
ZAF,ZAF2022HSRC,sexcohab,ZAF_2_DC45,J T Gaetsewe DM,21,2022,Y035_039,0.2672524844854622
ZAF,ZAF2022HSRC,sexnonregplus,ZAF_2_DC45,J T Gaetsewe DM,21,2022,Y035_039,0.5399429237856626
ZAF,ZAF2022HSRC,nosex12m,ZAF_2_DC45,J T Gaetsewe DM,21,2022,Y040_044,0.20040072477254992
ZAF,ZAF2022HSRC,sexcohab,ZAF_2_DC45,J T Gaetsewe DM,21,2022,Y040_044,0.366823364410977
ZAF,ZAF2022HSRC,sexnonregplus,ZAF_2_DC45,J T Gaetsewe DM,21,2022,Y040_044,0.43277591081647304
ZAF,ZAF2022HSRC,nosex12m,ZAF_2_DC45,J T Gaetsewe DM,21,2022,Y045_049,0.23285750595362145
ZAF,ZAF2022HSRC,sexcohab,ZAF_2_DC45,J T Gaetsewe DM,21,2022,Y045_049,0.403320353465077
ZAF,ZAF2022HSRC,sexnonregplus,ZAF_2_DC45,J T Gaetsewe DM,21,2022,Y045_049,0.3638221405813016
ZAF,ZAF2022HSRC,nosex12m,ZAF_2_BUF,Buffalo City MM,22,2022,Y015_019,0.6832969852429605
ZAF,ZAF2022HSRC,sexcohab,ZAF_2_BUF,Buffalo City MM,22,2022,Y015_019,0.0027771481418356
ZAF,ZAF2022HSRC,sexnonregplus,ZAF_2_BUF,Buffalo City MM,22,2022,Y015_019,0.31392586661520394
ZAF,ZAF2022HSRC,nosex12m,ZAF_2_BUF,Buffalo City MM,22,2022,Y020_024,0.2859865327162325
ZAF,ZAF2022HSRC,sexcohab,ZAF_2_BUF,Buffalo City MM,22,2022,Y020_024,0.02750483439125635
ZAF,ZAF2022HSRC,sexnonregplus,ZAF_2_BUF,Buffalo City MM,22,2022,Y020_024,0.6865086328925112
ZAF,ZAF2022HSRC,nosex12m,ZAF_2_BUF,Buffalo City MM,22,2022,Y025_029,0.19735278503520148
ZAF,ZAF2022HSRC,sexcohab,ZAF_2_BUF,Buffalo City MM,22,2022,Y025_029,0.09239538451856533
ZAF,ZAF2022HSRC,sexnonregplus,ZAF_2_BUF,Buffalo City MM,22,2022,Y025_029,0.7102518304462332
ZAF,ZAF2022HSRC,nosex12m,ZAF_2_BUF,Buffalo City MM,22,2022,Y030_034,0.17355246997352697
ZAF,ZAF2022HSRC,sexcohab,ZAF_2_BUF,Buffalo City MM,22,2022,Y030_034,0.1970680403591912
ZAF,ZAF2022HSRC,sexnonregplus,ZAF_2_BUF,Buffalo City MM,22,2022,Y030_034,0.6293794896672819
ZAF,ZAF2022HSRC,nosex12m,ZAF_2_BUF,Buffalo City MM,22,2022,Y035_039,0.16664317009407745
ZAF,ZAF2022HSRC,sexcohab,ZAF_2_BUF,Buffalo City MM,22,2022,Y035_039,0.28083499397882167
ZAF,ZAF2022HSRC,sexnonregplus,ZAF_2_BUF,Buffalo City MM,22,2022,Y035_039,0.5525218359271009
ZAF,ZAF2022HSRC,nosex12m,ZAF_2_BUF,Buffalo City MM,22,2022,Y040_044,0.17318548058795402
ZAF,ZAF2022HSRC,sexcohab,ZAF_2_BUF,Buffalo City MM,22,2022,Y040_044,0.3852574906186584
ZAF,ZAF2022HSRC,sexnonregplus,ZAF_2_BUF,Buffalo City MM,22,2022,Y040_044,0.4415570287933876
ZAF,ZAF2022HSRC,nosex12m,ZAF_2_BUF,Buffalo City MM,22,2022,Y045_049,0.20216365359633523
ZAF,ZAF2022HSRC,sexcohab,ZAF_2_BUF,Buffalo City MM,22,2022,Y045_049,0.4254527222841964
ZAF,ZAF2022HSRC,sexnonregplus,ZAF_2_BUF,Buffalo City MM,22,2022,Y045_049,0.3723836241194683
ZAF,ZAF2022HSRC,nosex12m,ZAF_2_NMA,N Mandela Bay MM,23,2022,Y015_019,0.7091979148028155
ZAF,ZAF2022HSRC,sexcohab,ZAF_2_NMA,N Mandela Bay MM,23,2022,Y015_019,0.00419595012424515
ZAF,ZAF2022HSRC,sexnonregplus,ZAF_2_NMA,N Mandela Bay MM,23,2022,Y015_019,0.28660613507293936
ZAF,ZAF2022HSRC,nosex12m,ZAF_2_NMA,N Mandela Bay MM,23,2022,Y020_024,0.30725778416121974
ZAF,ZAF2022HSRC,sexcohab,ZAF_2_NMA,N Mandela Bay MM,23,2022,Y020_024,0.04315603162245649
ZAF,ZAF2022HSRC,sexnonregplus,ZAF_2_NMA,N Mandela Bay MM,23,2022,Y020_024,0.6495861842163237
ZAF,ZAF2022HSRC,nosex12m,ZAF_2_NMA,N Mandela Bay MM,23,2022,Y025_029,0.2060624924398914
ZAF,ZAF2022HSRC,sexcohab,ZAF_2_NMA,N Mandela Bay MM,23,2022,Y025_029,0.14073484558647031
ZAF,ZAF2022HSRC,sexnonregplus,ZAF_2_NMA,N Mandela Bay MM,23,2022,Y025_029,0.6532026619736383
ZAF,ZAF2022HSRC,nosex12m,ZAF_2_NMA,N Mandela Bay MM,23,2022,Y030_034,0.1708561011696396
ZAF,ZAF2022HSRC,sexcohab,ZAF_2_NMA,N Mandela Bay MM,23,2022,Y030_034,0.28320243088120295
ZAF,ZAF2022HSRC,sexnonregplus,ZAF_2_NMA,N Mandela Bay MM,23,2022,Y030_034,0.5459414679491574
ZAF,ZAF2022HSRC,nosex12m,ZAF_2_NMA,N Mandela Bay MM,23,2022,Y035_039,0.15675464847618115
ZAF,ZAF2022HSRC,sexcohab,ZAF_2_NMA,N Mandela Bay MM,23,2022,Y035_039,0.3855914424216702
ZAF,ZAF2022HSRC,sexnonregplus,ZAF_2_NMA,N Mandela Bay MM,23,2022,Y035_039,0.45765390910214865
ZAF,ZAF2022HSRC,nosex12m,ZAF_2_NMA,N Mandela Bay MM,23,2022,Y040_044,0.15387230511945105
ZAF,ZAF2022HSRC,sexcohab,ZAF_2_NMA,N Mandela Bay MM,23,2022,Y040_044,0.5003475465685088
ZAF,ZAF2022HSRC,sexnonregplus,ZAF_2_NMA,N Mandela Bay MM,23,2022,Y040_044,0.3457801483120402
ZAF,ZAF2022HSRC,nosex12m,ZAF_2_NMA,N Mandela Bay MM,23,2022,Y045_049,0.17544044852773336
ZAF,ZAF2022HSRC,sexcohab,ZAF_2_NMA,N Mandela Bay MM,23,2022,Y045_049,0.5398034438872346
ZAF,ZAF2022HSRC,sexnonregplus,ZAF_2_NMA,N Mandela Bay MM,23,2022,Y045_049,0.2847561075850321
ZAF,ZAF2022HSRC,nosex12m,ZAF_2_DC10,Sarah Baartman DM,24,2022,Y015_019,0.7509363750839282
ZAF,ZAF2022HSRC,sexcohab,ZAF_2_DC10,Sarah Baartman DM,24,2022,Y015_019,0.00368386749151837
ZAF,ZAF2022HSRC,sexnonregplus,ZAF_2_DC10,Sarah Baartman DM,24,2022,Y015_019,0.24537975742455345
ZAF,ZAF2022HSRC,nosex12m,ZAF_2_DC10,Sarah Baartman DM,24,2022,Y020_024,0.3540905987136797
ZAF,ZAF2022HSRC,sexcohab,ZAF_2_DC10,Sarah Baartman DM,24,2022,Y020_024,0.041268899500734
ZAF,ZAF2022HSRC,sexnonregplus,ZAF_2_DC10,Sarah Baartman DM,24,2022,Y020_024,0.6046405017855863
ZAF,ZAF2022HSRC,nosex12m,ZAF_2_DC10,Sarah Baartman DM,24,2022,Y025_029,0.24232216967386447
ZAF,ZAF2022HSRC,sexcohab,ZAF_2_DC10,Sarah Baartman DM,24,2022,Y025_029,0.137453105642837
ZAF,ZAF2022HSRC,sexnonregplus,ZAF_2_DC10,Sarah Baartman DM,24,2022,Y025_029,0.6202247246832986
ZAF,ZAF2022HSRC,nosex12m,ZAF_2_DC10,Sarah Baartman DM,24,2022,Y030_034,0.20172681331419548
ZAF,ZAF2022HSRC,sexcohab,ZAF_2_DC10,Sarah Baartman DM,24,2022,Y030_034,0.2777133828090718
ZAF,ZAF2022HSRC,sexnonregplus,ZAF_2_DC10,Sarah Baartman DM,24,2022,Y030_034,0.5205598038767327
ZAF,ZAF2022HSRC,nosex12m,ZAF_2_DC10,Sarah Baartman DM,24,2022,Y035_039,0.18516994534907025
ZAF,ZAF2022HSRC,sexcohab,ZAF_2_DC10,Sarah Baartman DM,24,2022,Y035_039,0.3782736827707316
ZAF,ZAF2022HSRC,sexnonregplus,ZAF_2_DC10,Sarah Baartman DM,24,2022,Y035_039,0.4365563718801982
ZAF,ZAF2022HSRC,nosex12m,ZAF_2_DC10,Sarah Baartman DM,24,2022,Y040_044,0.181295881716285
ZAF,ZAF2022HSRC,sexcohab,ZAF_2_DC10,Sarah Baartman DM,24,2022,Y040_044,0.489709003831276
ZAF,ZAF2022HSRC,sexnonregplus,ZAF_2_DC10,Sarah Baartman DM,24,2022,Y040_044,0.328995114452439
ZAF,ZAF2022HSRC,nosex12m,ZAF_2_DC10,Sarah Baartman DM,24,2022,Y045_049,0.20544304782758388
ZAF,ZAF2022HSRC,sexcohab,ZAF_2_DC10,Sarah Baartman DM,24,2022,Y045_049,0.5252165831255937
ZAF,ZAF2022HSRC,sexnonregplus,ZAF_2_DC10,Sarah Baartman DM,24,2022,Y045_049,0.26934036904682235
ZAF,ZAF2022HSRC,nosex12m,ZAF_2_DC12,Amathole DM,25,2022,Y015_019,0.7037719149529845
ZAF,ZAF2022HSRC,sexcohab,ZAF_2_DC12,Amathole DM,25,2022,Y015_019,0.00169300365995656
ZAF,ZAF2022HSRC,sexnonregplus,ZAF_2_DC12,Amathole DM,25,2022,Y015_019,0.294535081387059
ZAF,ZAF2022HSRC,nosex12m,ZAF_2_DC12,Amathole DM,25,2022,Y020_024,0.3081760452299386
ZAF,ZAF2022HSRC,sexcohab,ZAF_2_DC12,Amathole DM,25,2022,Y020_024,0.01754974539647517
ZAF,ZAF2022HSRC,sexnonregplus,ZAF_2_DC12,Amathole DM,25,2022,Y020_024,0.6742742093735863
ZAF,ZAF2022HSRC,nosex12m,ZAF_2_DC12,Amathole DM,25,2022,Y025_029,0.21943645344306417
ZAF,ZAF2022HSRC,sexcohab,ZAF_2_DC12,Amathole DM,25,2022,Y025_029,0.06078911252857582
ZAF,ZAF2022HSRC,sexnonregplus,ZAF_2_DC12,Amathole DM,25,2022,Y025_029,0.7197744340283599
ZAF,ZAF2022HSRC,nosex12m,ZAF_2_DC12,Amathole DM,25,2022,Y030_034,0.2008204928969899
ZAF,ZAF2022HSRC,sexcohab,ZAF_2_DC12,Amathole DM,25,2022,Y030_034,0.13518910202558343
ZAF,ZAF2022HSRC,sexnonregplus,ZAF_2_DC12,Amathole DM,25,2022,Y030_034,0.6639904050774267
ZAF,ZAF2022HSRC,nosex12m,ZAF_2_DC12,Amathole DM,25,2022,Y035_039,0.19915121207174025
ZAF,ZAF2022HSRC,sexcohab,ZAF_2_DC12,Amathole DM,25,2022,Y035_039,0.19902577093312795
ZAF,ZAF2022HSRC,sexnonregplus,ZAF_2_DC12,Amathole DM,25,2022,Y035_039,0.6018230169951317
ZAF,ZAF2022HSRC,nosex12m,ZAF_2_DC12,Amathole DM,25,2022,Y040_044,0.21520071659334947
ZAF,ZAF2022HSRC,sexcohab,ZAF_2_DC12,Amathole DM,25,2022,Y040_044,0.28426185164830536
ZAF,ZAF2022HSRC,sexnonregplus,ZAF_2_DC12,Amathole DM,25,2022,Y040_044,0.5005374317583452
ZAF,ZAF2022HSRC,nosex12m,ZAF_2_DC12,Amathole DM,25,2022,Y045_049,0.2544093065042106
ZAF,ZAF2022HSRC,sexcohab,ZAF_2_DC12,Amathole DM,25,2022,Y045_049,0.31801964657084847
ZAF,ZAF2022HSRC,sexnonregplus,ZAF_2_DC12,Amathole DM,25,2022,Y045_049,0.4275710469249409
ZAF,ZAF2022HSRC,nosex12m,ZAF_2_DC13,C Hani DM,26,2022,Y015_019,0.7157637328319844
ZAF,ZAF2022HSRC,sexcohab,ZAF_2_DC13,C Hani DM,26,2022,Y015_019,0.00186615528598616
ZAF,ZAF2022HSRC,sexnonregplus,ZAF_2_DC13,C Hani DM,26,2022,Y015_019,0.28237011188202954
ZAF,ZAF2022HSRC,nosex12m,ZAF_2_DC13,C Hani DM,26,2022,Y020_024,0.31962074459671075
ZAF,ZAF2022HSRC,sexcohab,ZAF_2_DC13,C Hani DM,26,2022,Y020_024,0.01977613391684227
ZAF,ZAF2022HSRC,sexnonregplus,ZAF_2_DC13,C Hani DM,26,2022,Y020_024,0.660603121486447
ZAF,ZAF2022HSRC,nosex12m,ZAF_2_DC13,C Hani DM,26,2022,Y025_029,0.2271881474026569
ZAF,ZAF2022HSRC,sexcohab,ZAF_2_DC13,C Hani DM,26,2022,Y025_029,0.06847462147304324
ZAF,ZAF2022HSRC,sexnonregplus,ZAF_2_DC13,C Hani DM,26,2022,Y025_029,0.7043372311242999
ZAF,ZAF2022HSRC,nosex12m,ZAF_2_DC13,C Hani DM,26,2022,Y030_034,0.2058884377310192
ZAF,ZAF2022HSRC,sexcohab,ZAF_2_DC13,C Hani DM,26,2022,Y030_034,0.15076097305312355
ZAF,ZAF2022HSRC,sexnonregplus,ZAF_2_DC13,C Hani DM,26,2022,Y030_034,0.6433505892158572
ZAF,ZAF2022HSRC,nosex12m,ZAF_2_DC13,C Hani DM,26,2022,Y035_039,0.2023051183210014
ZAF,ZAF2022HSRC,sexcohab,ZAF_2_DC13,C Hani DM,26,2022,Y035_039,0.22002340279157329
ZAF,ZAF2022HSRC,sexnonregplus,ZAF_2_DC13,C Hani DM,26,2022,Y035_039,0.5776714788874253
ZAF,ZAF2022HSRC,nosex12m,ZAF_2_DC13,C Hani DM,26,2022,Y040_044,0.21576226210093724
ZAF,ZAF2022HSRC,sexcohab,ZAF_2_DC13,C Hani DM,26,2022,Y040_044,0.31022304925522715
ZAF,ZAF2022HSRC,sexnonregplus,ZAF_2_DC13,C Hani DM,26,2022,Y040_044,0.4740146886438356
ZAF,ZAF2022HSRC,nosex12m,ZAF_2_DC13,C Hani DM,26,2022,Y045_049,0.25326739195967285
ZAF,ZAF2022HSRC,sexcohab,ZAF_2_DC13,C Hani DM,26,2022,Y045_049,0.344723673649965
ZAF,ZAF2022HSRC,sexnonregplus,ZAF_2_DC13,C Hani DM,26,2022,Y045_049,0.4020089343903621
ZAF,ZAF2022HSRC,nosex12m,ZAF_2_DC14,Joe Gqabi DM,27,2022,Y015_019,0.6870716697515369
ZAF,ZAF2022HSRC,sexcohab,ZAF_2_DC14,Joe Gqabi DM,27,2022,Y015_019,0.00205325722704356
ZAF,ZAF2022HSRC,sexnonregplus,ZAF_2_DC14,Joe Gqabi DM,27,2022,Y015_019,0.31087507302141953
ZAF,ZAF2022HSRC,nosex12m,ZAF_2_DC14,Joe Gqabi DM,27,2022,Y020_024,0.292363595512542
ZAF,ZAF2022HSRC,sexcohab,ZAF_2_DC14,Joe Gqabi DM,27,2022,Y020_024,0.02065889986507978
ZAF,ZAF2022HSRC,sexnonregplus,ZAF_2_DC14,Joe Gqabi DM,27,2022,Y020_024,0.6869775046223783
ZAF,ZAF2022HSRC,nosex12m,ZAF_2_DC14,Joe Gqabi DM,27,2022,Y025_029,0.2056020500395538
ZAF,ZAF2022HSRC,sexcohab,ZAF_2_DC14,Joe Gqabi DM,27,2022,Y025_029,0.07071774470643034
ZAF,ZAF2022HSRC,sexnonregplus,ZAF_2_DC14,Joe Gqabi DM,27,2022,Y025_029,0.7236802052540159
ZAF,ZAF2022HSRC,nosex12m,ZAF_2_DC14,Joe Gqabi DM,27,2022,Y030_034,0.18574827599743676
ZAF,ZAF2022HSRC,sexcohab,ZAF_2_DC14,Joe Gqabi DM,27,2022,Y030_034,0.1550180804157713
ZAF,ZAF2022HSRC,sexnonregplus,ZAF_2_DC14,Joe Gqabi DM,27,2022,Y030_034,0.6592336435867919
ZAF,ZAF2022HSRC,nosex12m,ZAF_2_DC14,Joe Gqabi DM,27,2022,Y035_039,0.1823717478165128
ZAF,ZAF2022HSRC,sexcohab,ZAF_2_DC14,Joe Gqabi DM,27,2022,Y035_039,0.22585270738156835
ZAF,ZAF2022HSRC,sexnonregplus,ZAF_2_DC14,Joe Gqabi DM,27,2022,Y035_039,0.5917755448019189
ZAF,ZAF2022HSRC,nosex12m,ZAF_2_DC14,Joe Gqabi DM,27,2022,Y040_044,0.19465101538856716
ZAF,ZAF2022HSRC,sexcohab,ZAF_2_DC14,Joe Gqabi DM,27,2022,Y040_044,0.3184934599195928
ZAF,ZAF2022HSRC,sexnonregplus,ZAF_2_DC14,Joe Gqabi DM,27,2022,Y040_044,0.48685552469184
ZAF,ZAF2022HSRC,nosex12m,ZAF_2_DC14,Joe Gqabi DM,27,2022,Y045_049,0.22955095132875625
ZAF,ZAF2022HSRC,sexcohab,ZAF_2_DC14,Joe Gqabi DM,27,2022,Y045_049,0.3553851654518172
ZAF,ZAF2022HSRC,sexnonregplus,ZAF_2_DC14,Joe Gqabi DM,27,2022,Y045_049,0.41506388321942655
ZAF,ZAF2022HSRC,nosex12m,ZAF_2_DC15,O Tambo DM,28,2022,Y015_019,0.7474541803385204
ZAF,ZAF2022HSRC,sexcohab,ZAF_2_DC15,O Tambo DM,28,2022,Y015_019,0.00149531950824991
ZAF,ZAF2022HSRC,sexnonregplus,ZAF_2_DC15,O Tambo DM,28,2022,Y015_019,0.2510505001532297
ZAF,ZAF2022HSRC,nosex12m,ZAF_2_DC15,O Tambo DM,28,2022,Y020_024,0.35589266896626087
ZAF,ZAF2022HSRC,sexcohab,ZAF_2_DC15,O Tambo DM,28,2022,Y020_024,0.01693778776714217
ZAF,ZAF2022HSRC,sexnonregplus,ZAF_2_DC15,O Tambo DM,28,2022,Y020_024,0.6271695432665969
ZAF,ZAF2022HSRC,nosex12m,ZAF_2_DC15,O Tambo DM,28,2022,Y025_029,0.2580408708713818
ZAF,ZAF2022HSRC,sexcohab,ZAF_2_DC15,O Tambo DM,28,2022,Y025_029,0.0598572015811205
ZAF,ZAF2022HSRC,sexnonregplus,ZAF_2_DC15,O Tambo DM,28,2022,Y025_029,0.6821019275474978
ZAF,ZAF2022HSRC,nosex12m,ZAF_2_DC15,O Tambo DM,28,2022,Y030_034,0.23653258269907104
ZAF,ZAF2022HSRC,sexcohab,ZAF_2_DC15,O Tambo DM,28,2022,Y030_034,0.1333116860029946
ZAF,ZAF2022HSRC,sexnonregplus,ZAF_2_DC15,O Tambo DM,28,2022,Y030_034,0.6301557312979343
ZAF,ZAF2022HSRC,nosex12m,ZAF_2_DC15,O Tambo DM,28,2022,Y035_039,0.2341457546152641
ZAF,ZAF2022HSRC,sexcohab,ZAF_2_DC15,O Tambo DM,28,2022,Y035_039,0.1959370371891382
ZAF,ZAF2022HSRC,sexnonregplus,ZAF_2_DC15,O Tambo DM,28,2022,Y035_039,0.5699172081955978
ZAF,ZAF2022HSRC,nosex12m,ZAF_2_DC15,O Tambo DM,28,2022,Y040_044,0.2512511317519618
ZAF,ZAF2022HSRC,sexcohab,ZAF_2_DC15,O Tambo DM,28,2022,Y040_044,0.27808220163301545
ZAF,ZAF2022HSRC,sexnonregplus,ZAF_2_DC15,O Tambo DM,28,2022,Y040_044,0.4706666666150228
ZAF,ZAF2022HSRC,nosex12m,ZAF_2_DC15,O Tambo DM,28,2022,Y045_049,0.2940783757866055
ZAF,ZAF2022HSRC,sexcohab,ZAF_2_DC15,O Tambo DM,28,2022,Y045_049,0.30805953529133445
ZAF,ZAF2022HSRC,sexnonregplus,ZAF_2_DC15,O Tambo DM,28,2022,Y045_049,0.39786208892206
ZAF,ZAF2022HSRC,nosex12m,ZAF_2_DC44,A Nzo DM,29,2022,Y015_019,0.7346462346962678
ZAF,ZAF2022HSRC,sexcohab,ZAF_2_DC44,A Nzo DM,29,2022,Y015_019,0.00176541030607221
ZAF,ZAF2022HSRC,sexnonregplus,ZAF_2_DC44,A Nzo DM,29,2022,Y015_019,0.26358835499766003
ZAF,ZAF2022HSRC,nosex12m,ZAF_2_DC44,A Nzo DM,29,2022,Y020_024,0.34089229203797033
ZAF,ZAF2022HSRC,sexcohab,ZAF_2_DC44,A Nzo DM,29,2022,Y020_024,0.01935517744109713
ZAF,ZAF2022HSRC,sexnonregplus,ZAF_2_DC44,A Nzo DM,29,2022,Y020_024,0.6397525305209325
ZAF,ZAF2022HSRC,nosex12m,ZAF_2_DC44,A Nzo DM,29,2022,Y025_029,0.2444637521560567
ZAF,ZAF2022HSRC,sexcohab,ZAF_2_DC44,A Nzo DM,29,2022,Y025_029,0.06760414821838845
ZAF,ZAF2022HSRC,sexnonregplus,ZAF_2_DC44,A Nzo DM,29,2022,Y025_029,0.6879320996255549
ZAF,ZAF2022HSRC,nosex12m,ZAF_2_DC44,A Nzo DM,29,2022,Y030_034,0.221916113964431
ZAF,ZAF2022HSRC,sexcohab,ZAF_2_DC44,A Nzo DM,29,2022,Y030_034,0.14880403879603743
ZAF,ZAF2022HSRC,sexnonregplus,ZAF_2_DC44,A Nzo DM,29,2022,Y030_034,0.6292798472395316
ZAF,ZAF2022HSRC,nosex12m,ZAF_2_DC44,A Nzo DM,29,2022,Y035_039,0.2180067729196744
ZAF,ZAF2022HSRC,sexcohab,ZAF_2_DC44,A Nzo DM,29,2022,Y035_039,0.21699879902360392
ZAF,ZAF2022HSRC,sexnonregplus,ZAF_2_DC44,A Nzo DM,29,2022,Y035_039,0.5649944280567217
ZAF,ZAF2022HSRC,nosex12m,ZAF_2_DC44,A Nzo DM,29,2022,Y040_044,0.23197271672599495
ZAF,ZAF2022HSRC,sexcohab,ZAF_2_DC44,A Nzo DM,29,2022,Y040_044,0.3051261086677265
ZAF,ZAF2022HSRC,sexnonregplus,ZAF_2_DC44,A Nzo DM,29,2022,Y040_044,0.46290117460627855
ZAF,ZAF2022HSRC,nosex12m,ZAF_2_DC44,A Nzo DM,29,2022,Y045_049,0.2712705932201752
ZAF,ZAF2022HSRC,sexcohab,ZAF_2_DC44,A Nzo DM,29,2022,Y045_049,0.3376610351730493
ZAF,ZAF2022HSRC,sexnonregplus,ZAF_2_DC44,A Nzo DM,29,2022,Y045_049,0.3910683716067755
ZAF,ZAF2022HSRC,nosex12m,ZAF_2_MAN,Mangaung MM,30,2022,Y015_019,0.6740622022646952
ZAF,ZAF2022HSRC,sexcohab,ZAF_2_MAN,Mangaung MM,30,2022,Y015_019,0.00560302190119131
ZAF,ZAF2022HSRC,sexnonregplus,ZAF_2_MAN,Mangaung MM,30,2022,Y015_019,0.32033477583411357
ZAF,ZAF2022HSRC,nosex12m,ZAF_2_MAN,Mangaung MM,30,2022,Y020_024,0.2713883618046315
ZAF,ZAF2022HSRC,sexcohab,ZAF_2_MAN,Mangaung MM,30,2022,Y020_024,0.05348648228614459
ZAF,ZAF2022HSRC,sexnonregplus,ZAF_2_MAN,Mangaung MM,30,2022,Y020_024,0.675125155909224
ZAF,ZAF2022HSRC,nosex12m,ZAF_2_MAN,Mangaung MM,30,2022,Y025_029,0.17573874907239925
ZAF,ZAF2022HSRC,sexcohab,ZAF_2_MAN,Mangaung MM,30,2022,Y025_029,0.1686346783923048
ZAF,ZAF2022HSRC,sexnonregplus,ZAF_2_MAN,Mangaung MM,30,2022,Y025_029,0.6556265725352959
ZAF,ZAF2022HSRC,nosex12m,ZAF_2_MAN,Mangaung MM,30,2022,Y030_034,0.14105062334489735
ZAF,ZAF2022HSRC,sexcohab,ZAF_2_MAN,Mangaung MM,30,2022,Y030_034,0.3285179731538909
ZAF,ZAF2022HSRC,sexnonregplus,ZAF_2_MAN,Mangaung MM,30,2022,Y030_034,0.5304314035012118
ZAF,ZAF2022HSRC,nosex12m,ZAF_2_MAN,Mangaung MM,30,2022,Y035_039,0.12669306456274249
ZAF,ZAF2022HSRC,sexcohab,ZAF_2_MAN,Mangaung MM,30,2022,Y035_039,0.4379327933097955
ZAF,ZAF2022HSRC,sexnonregplus,ZAF_2_MAN,Mangaung MM,30,2022,Y035_039,0.435374142127462
ZAF,ZAF2022HSRC,nosex12m,ZAF_2_MAN,Mangaung MM,30,2022,Y040_044,0.12172796143859275
ZAF,ZAF2022HSRC,sexcohab,ZAF_2_MAN,Mangaung MM,30,2022,Y040_044,0.5563250016429248
ZAF,ZAF2022HSRC,sexnonregplus,ZAF_2_MAN,Mangaung MM,30,2022,Y040_044,0.32194703691848253
ZAF,ZAF2022HSRC,nosex12m,ZAF_2_MAN,Mangaung MM,30,2022,Y045_049,0.1382746330998237
ZAF,ZAF2022HSRC,sexcohab,ZAF_2_MAN,Mangaung MM,30,2022,Y045_049,0.5977144009339931
ZAF,ZAF2022HSRC,sexnonregplus,ZAF_2_MAN,Mangaung MM,30,2022,Y045_049,0.26401096596618323
ZAF,ZAF2022HSRC,nosex12m,ZAF_2_DC16,Xhariep DM,31,2022,Y015_019,0.7214164066905954
ZAF,ZAF2022HSRC,sexcohab,ZAF_2_DC16,Xhariep DM,31,2022,Y015_019,0.00400596609103893
ZAF,ZAF2022HSRC,sexnonregplus,ZAF_2_DC16,Xhariep DM,31,2022,Y015_019,0.27457762721836565
ZAF,ZAF2022HSRC,nosex12m,ZAF_2_DC16,Xhariep DM,31,2022,Y020_024,0.3221184600198066
ZAF,ZAF2022HSRC,sexcohab,ZAF_2_DC16,Xhariep DM,31,2022,Y020_024,0.04216305924605803
ZAF,ZAF2022HSRC,sexnonregplus,ZAF_2_DC16,Xhariep DM,31,2022,Y020_024,0.6357184807341354
ZAF,ZAF2022HSRC,nosex12m,ZAF_2_DC16,Xhariep DM,31,2022,Y025_029,0.21780341577885945
ZAF,ZAF2022HSRC,sexcohab,ZAF_2_DC16,Xhariep DM,31,2022,Y025_029,0.13858882489385185
ZAF,ZAF2022HSRC,sexnonregplus,ZAF_2_DC16,Xhariep DM,31,2022,Y025_029,0.6436077593272888
ZAF,ZAF2022HSRC,nosex12m,ZAF_2_DC16,Xhariep DM,31,2022,Y030_034,0.18108015209700204
ZAF,ZAF2022HSRC,sexcohab,ZAF_2_DC16,Xhariep DM,31,2022,Y030_034,0.2791388658097278
ZAF,ZAF2022HSRC,sexnonregplus,ZAF_2_DC16,Xhariep DM,31,2022,Y030_034,0.5397809820932702
ZAF,ZAF2022HSRC,nosex12m,ZAF_2_DC16,Xhariep DM,31,2022,Y035_039,0.16623104459073906
ZAF,ZAF2022HSRC,sexcohab,ZAF_2_DC16,Xhariep DM,31,2022,Y035_039,0.3802584076790965
ZAF,ZAF2022HSRC,sexnonregplus,ZAF_2_DC16,Xhariep DM,31,2022,Y035_039,0.45351054773016447
ZAF,ZAF2022HSRC,nosex12m,ZAF_2_DC16,Xhariep DM,31,2022,Y040_044,0.16329939078112474
ZAF,ZAF2022HSRC,sexcohab,ZAF_2_DC16,Xhariep DM,31,2022,Y040_044,0.4933616785535748
ZAF,ZAF2022HSRC,sexnonregplus,ZAF_2_DC16,Xhariep DM,31,2022,Y040_044,0.34333893066530047
ZAF,ZAF2022HSRC,nosex12m,ZAF_2_DC16,Xhariep DM,31,2022,Y045_049,0.1858899261251904
ZAF,ZAF2022HSRC,sexcohab,ZAF_2_DC16,Xhariep DM,31,2022,Y045_049,0.531437495727106
ZAF,ZAF2022HSRC,sexnonregplus,ZAF_2_DC16,Xhariep DM,31,2022,Y045_049,0.28267257814770363
ZAF,ZAF2022HSRC,nosex12m,ZAF_2_DC18,Lejweleputswa DM,32,2022,Y015_019,0.6938945327502709
ZAF,ZAF2022HSRC,sexcohab,ZAF_2_DC18,Lejweleputswa DM,32,2022,Y015_019,0.00360210296871299
ZAF,ZAF2022HSRC,sexnonregplus,ZAF_2_DC18,Lejweleputswa DM,32,2022,Y015_019,0.30250336428101615
ZAF,ZAF2022HSRC,nosex12m,ZAF_2_DC18,Lejweleputswa DM,32,2022,Y020_024,0.29339740862069014
ZAF,ZAF2022HSRC,sexcohab,ZAF_2_DC18,Lejweleputswa DM,32,2022,Y020_024,0.03618479458071467
ZAF,ZAF2022HSRC,sexnonregplus,ZAF_2_DC18,Lejweleputswa DM,32,2022,Y020_024,0.6704177967985953
ZAF,ZAF2022HSRC,nosex12m,ZAF_2_DC18,Lejweleputswa DM,32,2022,Y025_029,0.1988263637621516
ZAF,ZAF2022HSRC,sexcohab,ZAF_2_DC18,Lejweleputswa DM,32,2022,Y025_029,0.11949571434636572
ZAF,ZAF2022HSRC,sexnonregplus,ZAF_2_DC18,Lejweleputswa DM,32,2022,Y025_029,0.6816779218914827
ZAF,ZAF2022HSRC,nosex12m,ZAF_2_DC18,Lejweleputswa DM,32,2022,Y030_034,0.16906780581814704
ZAF,ZAF2022HSRC,sexcohab,ZAF_2_DC18,Lejweleputswa DM,32,2022,Y030_034,0.2468237212182816
ZAF,ZAF2022HSRC,sexnonregplus,ZAF_2_DC18,Lejweleputswa DM,32,2022,Y030_034,0.5841084729635714
ZAF,ZAF2022HSRC,nosex12m,ZAF_2_DC18,Lejweleputswa DM,32,2022,Y035_039,0.15806399716899308
ZAF,ZAF2022HSRC,sexcohab,ZAF_2_DC18,Lejweleputswa DM,32,2022,Y035_039,0.34286503429534443
ZAF,ZAF2022HSRC,sexnonregplus,ZAF_2_DC18,Lejweleputswa DM,32,2022,Y035_039,0.49907096853566246
ZAF,ZAF2022HSRC,nosex12m,ZAF_2_DC18,Lejweleputswa DM,32,2022,Y040_044,0.1587726552358236
ZAF,ZAF2022HSRC,sexcohab,ZAF_2_DC18,Lejweleputswa DM,32,2022,Y040_044,0.45549913219000354
ZAF,ZAF2022HSRC,sexnonregplus,ZAF_2_DC18,Lejweleputswa DM,32,2022,Y040_044,0.3857282125741728
ZAF,ZAF2022HSRC,nosex12m,ZAF_2_DC18,Lejweleputswa DM,32,2022,Y045_049,0.18282454579719112
ZAF,ZAF2022HSRC,sexcohab,ZAF_2_DC18,Lejweleputswa DM,32,2022,Y045_049,0.49637408496245666
ZAF,ZAF2022HSRC,sexnonregplus,ZAF_2_DC18,Lejweleputswa DM,32,2022,Y045_049,0.32080136924035224
ZAF,ZAF2022HSRC,nosex12m,ZAF_2_DC19,T Mofutsanyana DM,33,2022,Y015_019,0.7347944870827363
ZAF,ZAF2022HSRC,sexcohab,ZAF_2_DC19,T Mofutsanyana DM,33,2022,Y015_019,0.0029147707994050002
ZAF,ZAF2022HSRC,sexnonregplus,ZAF_2_DC19,T Mofutsanyana DM,33,2022,Y015_019,0.26229074211785863
ZAF,ZAF2022HSRC,nosex12m,ZAF_2_DC19,T Mofutsanyana DM,33,2022,Y020_024,0.3372100109031651
ZAF,ZAF2022HSRC,sexcohab,ZAF_2_DC19,T Mofutsanyana DM,33,2022,Y020_024,0.03177241139518102
ZAF,ZAF2022HSRC,sexnonregplus,ZAF_2_DC19,T Mofutsanyana DM,33,2022,Y020_024,0.6310175777016539
ZAF,ZAF2022HSRC,nosex12m,ZAF_2_DC19,T Mofutsanyana DM,33,2022,Y025_029,0.23442661198098624
ZAF,ZAF2022HSRC,sexcohab,ZAF_2_DC19,T Mofutsanyana DM,33,2022,Y025_029,0.10762421806797567
ZAF,ZAF2022HSRC,sexnonregplus,ZAF_2_DC19,T Mofutsanyana DM,33,2022,Y025_029,0.657949169951038
ZAF,ZAF2022HSRC,nosex12m,ZAF_2_DC19,T Mofutsanyana DM,33,2022,Y030_034,0.2022447704553083
ZAF,ZAF2022HSRC,sexcohab,ZAF_2_DC19,T Mofutsanyana DM,33,2022,Y030_034,0.2256364474830843
ZAF,ZAF2022HSRC,sexnonregplus,ZAF_2_DC19,T Mofutsanyana DM,33,2022,Y030_034,0.5721187820616074
ZAF,ZAF2022HSRC,nosex12m,ZAF_2_DC19,T Mofutsanyana DM,33,2022,Y035_039,0.19075834480339837
ZAF,ZAF2022HSRC,sexcohab,ZAF_2_DC19,T Mofutsanyana DM,33,2022,Y035_039,0.3161553223774824
ZAF,ZAF2022HSRC,sexnonregplus,ZAF_2_DC19,T Mofutsanyana DM,33,2022,Y035_039,0.4930863328191192
ZAF,ZAF2022HSRC,nosex12m,ZAF_2_DC19,T Mofutsanyana DM,33,2022,Y040_044,0.192963569798508
ZAF,ZAF2022HSRC,sexcohab,ZAF_2_DC19,T Mofutsanyana DM,33,2022,Y040_044,0.4231713657848836
ZAF,ZAF2022HSRC,sexnonregplus,ZAF_2_DC19,T Mofutsanyana DM,33,2022,Y040_044,0.3838650644166085
ZAF,ZAF2022HSRC,nosex12m,ZAF_2_DC19,T Mofutsanyana DM,33,2022,Y045_049,0.2216106789234352
ZAF,ZAF2022HSRC,sexcohab,ZAF_2_DC19,T Mofutsanyana DM,33,2022,Y045_049,0.459995420656982
ZAF,ZAF2022HSRC,sexnonregplus,ZAF_2_DC19,T Mofutsanyana DM,33,2022,Y045_049,0.31839390041958276
ZAF,ZAF2022HSRC,nosex12m,ZAF_2_DC20,Fezile Dabi DM,34,2022,Y015_019,0.7085931145847082
ZAF,ZAF2022HSRC,sexcohab,ZAF_2_DC20,Fezile Dabi DM,34,2022,Y015_019,0.00352874022137242
ZAF,ZAF2022HSRC,sexnonregplus,ZAF_2_DC20,Fezile Dabi DM,34,2022,Y015_019,0.2878781451939194
ZAF,ZAF2022HSRC,nosex12m,ZAF_2_DC20,Fezile Dabi DM,34,2022,Y020_024,0.30911880630010036
ZAF,ZAF2022HSRC,sexcohab,ZAF_2_DC20,Fezile Dabi DM,34,2022,Y020_024,0.03637956339132296
ZAF,ZAF2022HSRC,sexnonregplus,ZAF_2_DC20,Fezile Dabi DM,34,2022,Y020_024,0.6545016303085767
ZAF,ZAF2022HSRC,nosex12m,ZAF_2_DC20,Fezile Dabi DM,34,2022,Y025_029,0.21066944640144344
ZAF,ZAF2022HSRC,sexcohab,ZAF_2_DC20,Fezile Dabi DM,34,2022,Y025_029,0.12064055552510144
ZAF,ZAF2022HSRC,sexnonregplus,ZAF_2_DC20,Fezile Dabi DM,34,2022,Y025_029,0.6686899980734551
ZAF,ZAF2022HSRC,nosex12m,ZAF_2_DC20,Fezile Dabi DM,34,2022,Y030_034,0.17886537442672285
ZAF,ZAF2022HSRC,sexcohab,ZAF_2_DC20,Fezile Dabi DM,34,2022,Y030_034,0.2485977021980812
ZAF,ZAF2022HSRC,sexnonregplus,ZAF_2_DC20,Fezile Dabi DM,34,2022,Y030_034,0.572536923375196
ZAF,ZAF2022HSRC,nosex12m,ZAF_2_DC20,Fezile Dabi DM,34,2022,Y035_039,0.16699252705213163
ZAF,ZAF2022HSRC,sexcohab,ZAF_2_DC20,Fezile Dabi DM,34,2022,Y035_039,0.34442794591610376
ZAF,ZAF2022HSRC,sexnonregplus,ZAF_2_DC20,Fezile Dabi DM,34,2022,Y035_039,0.48857952703176466
ZAF,ZAF2022HSRC,nosex12m,ZAF_2_DC20,Fezile Dabi DM,34,2022,Y040_044,0.16716314523720516
ZAF,ZAF2022HSRC,sexcohab,ZAF_2_DC20,Fezile Dabi DM,34,2022,Y040_044,0.455942840697562
ZAF,ZAF2022HSRC,sexnonregplus,ZAF_2_DC20,Fezile Dabi DM,34,2022,Y040_044,0.3768940140652329
ZAF,ZAF2022HSRC,nosex12m,ZAF_2_DC20,Fezile Dabi DM,34,2022,Y045_049,0.19188224383782607
ZAF,ZAF2022HSRC,sexcohab,ZAF_2_DC20,Fezile Dabi DM,34,2022,Y045_049,0.4954310603120767
ZAF,ZAF2022HSRC,sexnonregplus,ZAF_2_DC20,Fezile Dabi DM,34,2022,Y045_049,0.3126866958500973
ZAF,ZAF2022HSRC,nosex12m,ZAF_2_ETH,eThekwini MM,35,2022,Y015_019,0.7076838683427599
ZAF,ZAF2022HSRC,sexcohab,ZAF_2_ETH,eThekwini MM,35,2022,Y015_019,0.00279855049698894
ZAF,ZAF2022HSRC,sexnonregplus,ZAF_2_ETH,eThekwini MM,35,2022,Y015_019,0.2895175811602512
ZAF,ZAF2022HSRC,nosex12m,ZAF_2_ETH,eThekwini MM,35,2022,Y020_024,0.3082757498843356
ZAF,ZAF2022HSRC,sexcohab,ZAF_2_ETH,eThekwini MM,35,2022,Y020_024,0.02899163841223622
ZAF,ZAF2022HSRC,sexnonregplus,ZAF_2_ETH,eThekwini MM,35,2022,Y020_024,0.6627326117034281
ZAF,ZAF2022HSRC,nosex12m,ZAF_2_ETH,eThekwini MM,35,2022,Y025_029,0.2134335101449173
ZAF,ZAF2022HSRC,sexcohab,ZAF_2_ETH,eThekwini MM,35,2022,Y025_029,0.09784213044473508
ZAF,ZAF2022HSRC,sexnonregplus,ZAF_2_ETH,eThekwini MM,35,2022,Y025_029,0.6887243594103476
ZAF,ZAF2022HSRC,nosex12m,ZAF_2_ETH,eThekwini MM,35,2022,Y030_034,0.1863270174112953
ZAF,ZAF2022HSRC,sexcohab,ZAF_2_ETH,eThekwini MM,35,2022,Y030_034,0.2077314348110326
ZAF,ZAF2022HSRC,sexnonregplus,ZAF_2_ETH,eThekwini MM,35,2022,Y030_034,0.6059415477776721
ZAF,ZAF2022HSRC,nosex12m,ZAF_2_ETH,eThekwini MM,35,2022,Y035_039,0.17772087151162194
ZAF,ZAF2022HSRC,sexcohab,ZAF_2_ETH,eThekwini MM,35,2022,Y035_039,0.2943508121691778
ZAF,ZAF2022HSRC,sexnonregplus,ZAF_2_ETH,eThekwini MM,35,2022,Y035_039,0.5279283163192002
ZAF,ZAF2022HSRC,nosex12m,ZAF_2_ETH,eThekwini MM,35,2022,Y040_044,0.18254814562245492
ZAF,ZAF2022HSRC,sexcohab,ZAF_2_ETH,eThekwini MM,35,2022,Y040_044,0.40025058505824856
ZAF,ZAF2022HSRC,sexnonregplus,ZAF_2_ETH,eThekwini MM,35,2022,Y040_044,0.4172012693192965
ZAF,ZAF2022HSRC,nosex12m,ZAF_2_ETH,eThekwini MM,35,2022,Y045_049,0.21160825376827824
ZAF,ZAF2022HSRC,sexcohab,ZAF_2_ETH,eThekwini MM,35,2022,Y045_049,0.439199784393686
ZAF,ZAF2022HSRC,sexnonregplus,ZAF_2_ETH,eThekwini MM,35,2022,Y045_049,0.34919196183803575
ZAF,ZAF2022HSRC,nosex12m,ZAF_2_DC21,Ugu DM,36,2022,Y015_019,0.7641844105336816
ZAF,ZAF2022HSRC,sexcohab,ZAF_2_DC21,Ugu DM,36,2022,Y015_019,0.00185355695127818
ZAF,ZAF2022HSRC,sexnonregplus,ZAF_2_DC21,Ugu DM,36,2022,Y015_019,0.23396203251504025
ZAF,ZAF2022HSRC,nosex12m,ZAF_2_DC21,Ugu DM,36,2022,Y020_024,0.3755605590028917
ZAF,ZAF2022HSRC,sexcohab,ZAF_2_DC21,Ugu DM,36,2022,Y020_024,0.0216284208785518
ZAF,ZAF2022HSRC,sexnonregplus,ZAF_2_DC21,Ugu DM,36,2022,Y020_024,0.6028110201185566
ZAF,ZAF2022HSRC,nosex12m,ZAF_2_DC21,Ugu DM,36,2022,Y025_029,0.2711615833543762
ZAF,ZAF2022HSRC,sexcohab,ZAF_2_DC21,Ugu DM,36,2022,Y025_029,0.07604962028328889
ZAF,ZAF2022HSRC,sexnonregplus,ZAF_2_DC21,Ugu DM,36,2022,Y025_029,0.652788796362335
ZAF,ZAF2022HSRC,nosex12m,ZAF_2_DC21,Ugu DM,36,2022,Y030_034,0.24342806316683668
ZAF,ZAF2022HSRC,sexcohab,ZAF_2_DC21,Ugu DM,36,2022,Y030_034,0.16593620435415954
ZAF,ZAF2022HSRC,sexnonregplus,ZAF_2_DC21,Ugu DM,36,2022,Y030_034,0.5906357324790038
ZAF,ZAF2022HSRC,nosex12m,ZAF_2_DC21,Ugu DM,36,2022,Y035_039,0.2364159788656134
ZAF,ZAF2022HSRC,sexcohab,ZAF_2_DC21,Ugu DM,36,2022,Y035_039,0.23937535649436273
ZAF,ZAF2022HSRC,sexnonregplus,ZAF_2_DC21,Ugu DM,36,2022,Y035_039,0.5242086646400239
ZAF,ZAF2022HSRC,nosex12m,ZAF_2_DC21,Ugu DM,36,2022,Y040_044,0.24716584285116547
ZAF,ZAF2022HSRC,sexcohab,ZAF_2_DC21,Ugu DM,36,2022,Y040_044,0.331046214117745
ZAF,ZAF2022HSRC,sexnonregplus,ZAF_2_DC21,Ugu DM,36,2022,Y040_044,0.4217879430310895
ZAF,ZAF2022HSRC,nosex12m,ZAF_2_DC21,Ugu DM,36,2022,Y045_049,0.28569062759737596
ZAF,ZAF2022HSRC,sexcohab,ZAF_2_DC21,Ugu DM,36,2022,Y045_049,0.3621880548378285
ZAF,ZAF2022HSRC,sexnonregplus,ZAF_2_DC21,Ugu DM,36,2022,Y045_049,0.3521213175647956
ZAF,ZAF2022HSRC,nosex12m,ZAF_2_DC22,uMgungundlovu DM,37,2022,Y015_019,0.7781362859049016
ZAF,ZAF2022HSRC,sexcohab,ZAF_2_DC22,uMgungundlovu DM,37,2022,Y015_019,0.00156640344443673
ZAF,ZAF2022HSRC,sexnonregplus,ZAF_2_DC22,uMgungundlovu DM,37,2022,Y015_019,0.22029731065066172
ZAF,ZAF2022HSRC,nosex12m,ZAF_2_DC22,uMgungundlovu DM,37,2022,Y020_024,0.39449635709780306
ZAF,ZAF2022HSRC,sexcohab,ZAF_2_DC22,uMgungundlovu DM,37,2022,Y020_024,0.01886116276471264
ZAF,ZAF2022HSRC,sexnonregplus,ZAF_2_DC22,uMgungundlovu DM,37,2022,Y020_024,0.5866424801374843
ZAF,ZAF2022HSRC,nosex12m,ZAF_2_DC22,uMgungundlovu DM,37,2022,Y025_029,0.2886550583202371
ZAF,ZAF2022HSRC,sexcohab,ZAF_2_DC22,uMgungundlovu DM,37,2022,Y025_029,0.0672683732799461
ZAF,ZAF2022HSRC,sexnonregplus,ZAF_2_DC22,uMgungundlovu DM,37,2022,Y025_029,0.6440765683998169
ZAF,ZAF2022HSRC,nosex12m,ZAF_2_DC22,uMgungundlovu DM,37,2022,Y030_034,0.26208585968837844
ZAF,ZAF2022HSRC,sexcohab,ZAF_2_DC22,uMgungundlovu DM,37,2022,Y030_034,0.1485241444419425
ZAF,ZAF2022HSRC,sexnonregplus,ZAF_2_DC22,uMgungundlovu DM,37,2022,Y030_034,0.589389995869679
ZAF,ZAF2022HSRC,nosex12m,ZAF_2_DC22,uMgungundlovu DM,37,2022,Y035_039,0.2566411023201729
ZAF,ZAF2022HSRC,sexcohab,ZAF_2_DC22,uMgungundlovu DM,37,2022,Y035_039,0.21606062293233416
ZAF,ZAF2022HSRC,sexnonregplus,ZAF_2_DC22,uMgungundlovu DM,37,2022,Y035_039,0.5272982747474929
ZAF,ZAF2022HSRC,nosex12m,ZAF_2_DC22,uMgungundlovu DM,37,2022,Y040_044,0.2706097656111816
ZAF,ZAF2022HSRC,sexcohab,ZAF_2_DC22,uMgungundlovu DM,37,2022,Y040_044,0.3015436114180376
ZAF,ZAF2022HSRC,sexnonregplus,ZAF_2_DC22,uMgungundlovu DM,37,2022,Y040_044,0.4278466229707808
ZAF,ZAF2022HSRC,nosex12m,ZAF_2_DC22,uMgungundlovu DM,37,2022,Y045_049,0.312830885024874
ZAF,ZAF2022HSRC,sexcohab,ZAF_2_DC22,uMgungundlovu DM,37,2022,Y045_049,0.33002817156047903
ZAF,ZAF2022HSRC,sexnonregplus,ZAF_2_DC22,uMgungundlovu DM,37,2022,Y045_049,0.3571409434146469
ZAF,ZAF2022HSRC,nosex12m,ZAF_2_DC23,Uthukela DM,38,2022,Y015_019,0.7668506467564724
ZAF,ZAF2022HSRC,sexcohab,ZAF_2_DC23,Uthukela DM,38,2022,Y015_019,0.00176112738545934
ZAF,ZAF2022HSRC,sexnonregplus,ZAF_2_DC23,Uthukela DM,38,2022,Y015_019,0.23138822585806829
ZAF,ZAF2022HSRC,nosex12m,ZAF_2_DC23,Uthukela DM,38,2022,Y020_024,0.3792747029719985
ZAF,ZAF2022HSRC,sexcohab,ZAF_2_DC23,Uthukela DM,38,2022,Y020_024,0.02068803252500972
ZAF,ZAF2022HSRC,sexnonregplus,ZAF_2_DC23,Uthukela DM,38,2022,Y020_024,0.6000372645029918
ZAF,ZAF2022HSRC,nosex12m,ZAF_2_DC23,Uthukela DM,38,2022,Y025_029,0.2748055750773104
ZAF,ZAF2022HSRC,sexcohab,ZAF_2_DC23,Uthukela DM,38,2022,Y025_029,0.07304134922465402
ZAF,ZAF2022HSRC,sexnonregplus,ZAF_2_DC23,Uthukela DM,38,2022,Y025_029,0.6521530756980356
ZAF,ZAF2022HSRC,nosex12m,ZAF_2_DC23,Uthukela DM,38,2022,Y030_034,0.24769844086165
ZAF,ZAF2022HSRC,sexcohab,ZAF_2_DC23,Uthukela DM,38,2022,Y030_034,0.15990161324618002
ZAF,ZAF2022HSRC,sexnonregplus,ZAF_2_DC23,Uthukela DM,38,2022,Y030_034,0.59239994589217
ZAF,ZAF2022HSRC,nosex12m,ZAF_2_DC23,Uthukela DM,38,2022,Y035_039,0.2413279480104128
ZAF,ZAF2022HSRC,sexcohab,ZAF_2_DC23,Uthukela DM,38,2022,Y035_039,0.23129836889928487
ZAF,ZAF2022HSRC,sexnonregplus,ZAF_2_DC23,Uthukela DM,38,2022,Y035_039,0.5273736830903023
ZAF,ZAF2022HSRC,nosex12m,ZAF_2_DC23,Uthukela DM,38,2022,Y040_044,0.25316533330080127
ZAF,ZAF2022HSRC,sexcohab,ZAF_2_DC23,Uthukela DM,38,2022,Y040_044,0.32101628783138897
ZAF,ZAF2022HSRC,sexnonregplus,ZAF_2_DC23,Uthukela DM,38,2022,Y040_044,0.42581837886780977
ZAF,ZAF2022HSRC,nosex12m,ZAF_2_DC23,Uthukela DM,38,2022,Y045_049,0.2928803777889397
ZAF,ZAF2022HSRC,sexcohab,ZAF_2_DC23,Uthukela DM,38,2022,Y045_049,0.35140253105582775
ZAF,ZAF2022HSRC,sexnonregplus,ZAF_2_DC23,Uthukela DM,38,2022,Y045_049,0.35571709115523253
ZAF,ZAF2022HSRC,nosex12m,ZAF_2_DC24,Umzinyathi DM,39,2022,Y015_019,0.7882131770007337
ZAF,ZAF2022HSRC,sexcohab,ZAF_2_DC24,Umzinyathi DM,39,2022,Y015_019,0.00140468541328889
ZAF,ZAF2022HSRC,sexnonregplus,ZAF_2_DC24,Umzinyathi DM,39,2022,Y015_019,0.21038213758597743
ZAF,ZAF2022HSRC,nosex12m,ZAF_2_DC24,Umzinyathi DM,39,2022,Y020_024,0.4096149548977349
ZAF,ZAF2022HSRC,sexcohab,ZAF_2_DC24,Umzinyathi DM,39,2022,Y020_024,0.01737662250596794
ZAF,ZAF2022HSRC,sexnonregplus,ZAF_2_DC24,Umzinyathi DM,39,2022,Y020_024,0.5730084225962971
ZAF,ZAF2022HSRC,nosex12m,ZAF_2_DC24,Umzinyathi DM,39,2022,Y025_029,0.3026157092279822
ZAF,ZAF2022HSRC,sexcohab,ZAF_2_DC24,Umzinyathi DM,39,2022,Y025_029,0.06253621654253087
ZAF,ZAF2022HSRC,sexnonregplus,ZAF_2_DC24,Umzinyathi DM,39,2022,Y025_029,0.634848074229487
ZAF,ZAF2022HSRC,nosex12m,ZAF_2_DC24,Umzinyathi DM,39,2022,Y030_034,0.27648679344704574
ZAF,ZAF2022HSRC,sexcohab,ZAF_2_DC24,Umzinyathi DM,39,2022,Y030_034,0.1388479013380003
ZAF,ZAF2022HSRC,sexnonregplus,ZAF_2_DC24,Umzinyathi DM,39,2022,Y030_034,0.584665305214954
ZAF,ZAF2022HSRC,nosex12m,ZAF_2_DC24,Umzinyathi DM,39,2022,Y035_039,0.2718806568002295
ZAF,ZAF2022HSRC,sexcohab,ZAF_2_DC24,Umzinyathi DM,39,2022,Y035_039,0.2027822209288057
ZAF,ZAF2022HSRC,sexnonregplus,ZAF_2_DC24,Umzinyathi DM,39,2022,Y035_039,0.5253371222709649
ZAF,ZAF2022HSRC,nosex12m,ZAF_2_DC24,Umzinyathi DM,39,2022,Y040_044,0.28786050397399
ZAF,ZAF2022HSRC,sexcohab,ZAF_2_DC24,Umzinyathi DM,39,2022,Y040_044,0.28393634609342155
ZAF,ZAF2022HSRC,sexnonregplus,ZAF_2_DC24,Umzinyathi DM,39,2022,Y040_044,0.42820314993258846
ZAF,ZAF2022HSRC,nosex12m,ZAF_2_DC24,Umzinyathi DM,39,2022,Y045_049,0.33243054862958515
ZAF,ZAF2022HSRC,sexcohab,ZAF_2_DC24,Umzinyathi DM,39,2022,Y045_049,0.3103898797889776
ZAF,ZAF2022HSRC,sexnonregplus,ZAF_2_DC24,Umzinyathi DM,39,2022,Y045_049,0.35717957158143726
ZAF,ZAF2022HSRC,nosex12m,ZAF_2_DC25,Amajuba DM,40,2022,Y015_019,0.7684273704133902
ZAF,ZAF2022HSRC,sexcohab,ZAF_2_DC25,Amajuba DM,40,2022,Y015_019,0.00168898292959306
ZAF,ZAF2022HSRC,sexnonregplus,ZAF_2_DC25,Amajuba DM,40,2022,Y015_019,0.22988364665701672
ZAF,ZAF2022HSRC,nosex12m,ZAF_2_DC25,Amajuba DM,40,2022,Y020_024,0.3828830043577214
ZAF,ZAF2022HSRC,sexcohab,ZAF_2_DC25,Amajuba DM,40,2022,Y020_024,0.01991154639851061
ZAF,ZAF2022HSRC,sexnonregplus,ZAF_2_DC25,Amajuba DM,40,2022,Y020_024,0.5972054492437681
ZAF,ZAF2022HSRC,nosex12m,ZAF_2_DC25,Amajuba DM,40,2022,Y025_029,0.27857137562742934
ZAF,ZAF2022HSRC,sexcohab,ZAF_2_DC25,Amajuba DM,40,2022,Y025_029,0.07055625089211741
ZAF,ZAF2022HSRC,sexnonregplus,ZAF_2_DC25,Amajuba DM,40,2022,Y025_029,0.6508723734804532
ZAF,ZAF2022HSRC,nosex12m,ZAF_2_DC25,Amajuba DM,40,2022,Y030_034,0.25186279938920275
ZAF,ZAF2022HSRC,sexcohab,ZAF_2_DC25,Amajuba DM,40,2022,Y030_034,0.15485944366881593
ZAF,ZAF2022HSRC,sexnonregplus,ZAF_2_DC25,Amajuba DM,40,2022,Y030_034,0.5932777569419814
ZAF,ZAF2022HSRC,nosex12m,ZAF_2_DC25,Amajuba DM,40,2022,Y035_039,0.2459901066826578
ZAF,ZAF2022HSRC,sexcohab,ZAF_2_DC25,Amajuba DM,40,2022,Y035_039,0.22441727524819668
ZAF,ZAF2022HSRC,sexnonregplus,ZAF_2_DC25,Amajuba DM,40,2022,Y035_039,0.5295926180691455
ZAF,ZAF2022HSRC,nosex12m,ZAF_2_DC25,Amajuba DM,40,2022,Y040_044,0.2587660097840699
ZAF,ZAF2022HSRC,sexcohab,ZAF_2_DC25,Amajuba DM,40,2022,Y040_044,0.31214880107477805
ZAF,ZAF2022HSRC,sexnonregplus,ZAF_2_DC25,Amajuba DM,40,2022,Y040_044,0.42908518914115207
ZAF,ZAF2022HSRC,nosex12m,ZAF_2_DC25,Amajuba DM,40,2022,Y045_049,0.29929608433067556
ZAF,ZAF2022HSRC,sexcohab,ZAF_2_DC25,Amajuba DM,40,2022,Y045_049,0.34182605359343765
ZAF,ZAF2022HSRC,sexnonregplus,ZAF_2_DC25,Amajuba DM,40,2022,Y045_049,0.35887786207588684
ZAF,ZAF2022HSRC,nosex12m,ZAF_2_DC26,Zululand DM,41,2022,Y015_019,0.730276646685608
ZAF,ZAF2022HSRC,sexcohab,ZAF_2_DC26,Zululand DM,41,2022,Y015_019,0.00141451104489301
ZAF,ZAF2022HSRC,sexnonregplus,ZAF_2_DC26,Zululand DM,41,2022,Y015_019,0.26830884226949897
ZAF,ZAF2022HSRC,nosex12m,ZAF_2_DC26,Zululand DM,41,2022,Y020_024,0.3366636688721151
ZAF,ZAF2022HSRC,sexcohab,ZAF_2_DC26,Zululand DM,41,2022,Y020_024,0.015484242774788
ZAF,ZAF2022HSRC,sexnonregplus,ZAF_2_DC26,Zululand DM,41,2022,Y020_024,0.6478520883530969
ZAF,ZAF2022HSRC,nosex12m,ZAF_2_DC26,Zululand DM,41,2022,Y025_029,0.24327518801687165
ZAF,ZAF2022HSRC,sexcohab,ZAF_2_DC26,Zululand DM,41,2022,Y025_029,0.05453426385697974
ZAF,ZAF2022HSRC,sexnonregplus,ZAF_2_DC26,Zululand DM,41,2022,Y025_029,0.7021905481261487
ZAF,ZAF2022HSRC,nosex12m,ZAF_2_DC26,Zululand DM,41,2022,Y030_034,0.22456273347113936
ZAF,ZAF2022HSRC,sexcohab,ZAF_2_DC26,Zululand DM,41,2022,Y030_034,0.1222831106101916
ZAF,ZAF2022HSRC,sexnonregplus,ZAF_2_DC26,Zululand DM,41,2022,Y030_034,0.6531541559186691
ZAF,ZAF2022HSRC,nosex12m,ZAF_2_DC26,Zululand DM,41,2022,Y035_039,0.22383982155627735
ZAF,ZAF2022HSRC,sexcohab,ZAF_2_DC26,Zululand DM,41,2022,Y035_039,0.18108400214712383
ZAF,ZAF2022HSRC,sexnonregplus,ZAF_2_DC26,Zululand DM,41,2022,Y035_039,0.5950761762965988
ZAF,ZAF2022HSRC,nosex12m,ZAF_2_DC26,Zululand DM,41,2022,Y040_044,0.24298204582269492
ZAF,ZAF2022HSRC,sexcohab,ZAF_2_DC26,Zululand DM,41,2022,Y040_044,0.25980925458589404
ZAF,ZAF2022HSRC,sexnonregplus,ZAF_2_DC26,Zululand DM,41,2022,Y040_044,0.49720869959141106
ZAF,ZAF2022HSRC,nosex12m,ZAF_2_DC26,Zululand DM,41,2022,Y045_049,0.286419278139996
ZAF,ZAF2022HSRC,sexcohab,ZAF_2_DC26,Zululand DM,41,2022,Y045_049,0.29001732576993705
ZAF,ZAF2022HSRC,sexnonregplus,ZAF_2_DC26,Zululand DM,41,2022,Y045_049,0.42356339609006693
ZAF,ZAF2022HSRC,nosex12m,ZAF_2_DC27,Umkhanyakude DM,42,2022,Y015_019,0.7279230803335139
ZAF,ZAF2022HSRC,sexcohab,ZAF_2_DC27,Umkhanyakude DM,42,2022,Y015_019,0.0021321160272025
ZAF,ZAF2022HSRC,sexnonregplus,ZAF_2_DC27,Umkhanyakude DM,42,2022,Y015_019,0.2699448036392836
ZAF,ZAF2022HSRC,nosex12m,ZAF_2_DC27,Umkhanyakude DM,42,2022,Y020_024,0.33258927305146974
ZAF,ZAF2022HSRC,sexcohab,ZAF_2_DC27,Umkhanyakude DM,42,2022,Y020_024,0.02303001950618373
ZAF,ZAF2022HSRC,sexnonregplus,ZAF_2_DC27,Umkhanyakude DM,42,2022,Y020_024,0.6443807074423465
ZAF,ZAF2022HSRC,nosex12m,ZAF_2_DC27,Umkhanyakude DM,42,2022,Y025_029,0.23578152846295913
ZAF,ZAF2022HSRC,sexcohab,ZAF_2_DC27,Umkhanyakude DM,42,2022,Y025_029,0.07950153486743326
ZAF,ZAF2022HSRC,sexnonregplus,ZAF_2_DC27,Umkhanyakude DM,42,2022,Y025_029,0.6847169366696076
ZAF,ZAF2022HSRC,nosex12m,ZAF_2_DC27,Umkhanyakude DM,42,2022,Y030_034,0.21077992041842503
ZAF,ZAF2022HSRC,sexcohab,ZAF_2_DC27,Umkhanyakude DM,42,2022,Y030_034,0.17230373511881278
ZAF,ZAF2022HSRC,sexnonregplus,ZAF_2_DC27,Umkhanyakude DM,42,2022,Y030_034,0.6169163444627621
ZAF,ZAF2022HSRC,nosex12m,ZAF_2_DC27,Umkhanyakude DM,42,2022,Y035_039,0.20462987419836523
ZAF,ZAF2022HSRC,sexcohab,ZAF_2_DC27,Umkhanyakude DM,42,2022,Y035_039,0.24811309269420195
ZAF,ZAF2022HSRC,sexnonregplus,ZAF_2_DC27,Umkhanyakude DM,42,2022,Y035_039,0.5472570331074328
ZAF,ZAF2022HSRC,nosex12m,ZAF_2_DC27,Umkhanyakude DM,42,2022,Y040_044,0.21453449145429085
ZAF,ZAF2022HSRC,sexcohab,ZAF_2_DC27,Umkhanyakude DM,42,2022,Y040_044,0.3436378315273355
ZAF,ZAF2022HSRC,sexnonregplus,ZAF_2_DC27,Umkhanyakude DM,42,2022,Y040_044,0.44182767701837367
ZAF,ZAF2022HSRC,nosex12m,ZAF_2_DC27,Umkhanyakude DM,42,2022,Y045_049,0.2498222178851348
ZAF,ZAF2022HSRC,sexcohab,ZAF_2_DC27,Umkhanyakude DM,42,2022,Y045_049,0.37850700084508065
ZAF,ZAF2022HSRC,sexnonregplus,ZAF_2_DC27,Umkhanyakude DM,42,2022,Y045_049,0.37167078126978453
ZAF,ZAF2022HSRC,nosex12m,ZAF_2_DC28,King Cetshwayo DM,43,2022,Y015_019,0.7383384542348281
ZAF,ZAF2022HSRC,sexcohab,ZAF_2_DC28,King Cetshwayo DM,43,2022,Y015_019,0.00140619097272205
ZAF,ZAF2022HSRC,sexnonregplus,ZAF_2_DC28,King Cetshwayo DM,43,2022,Y015_019,0.26025535479244977
ZAF,ZAF2022HSRC,nosex12m,ZAF_2_DC28,King Cetshwayo DM,43,2022,Y020_024,0.34538039877561155
ZAF,ZAF2022HSRC,sexcohab,ZAF_2_DC28,King Cetshwayo DM,43,2022,Y020_024,0.01563066371958172
ZAF,ZAF2022HSRC,sexnonregplus,ZAF_2_DC28,King Cetshwayo DM,43,2022,Y020_024,0.6389889375048067
ZAF,ZAF2022HSRC,nosex12m,ZAF_2_DC28,King Cetshwayo DM,43,2022,Y025_029,0.2502475246796143
ZAF,ZAF2022HSRC,sexcohab,ZAF_2_DC28,King Cetshwayo DM,43,2022,Y025_029,0.05517761399890828
ZAF,ZAF2022HSRC,sexnonregplus,ZAF_2_DC28,King Cetshwayo DM,43,2022,Y025_029,0.6945748613214774
ZAF,ZAF2022HSRC,nosex12m,ZAF_2_DC28,King Cetshwayo DM,43,2022,Y030_034,0.23079857327845216
ZAF,ZAF2022HSRC,sexcohab,ZAF_2_DC28,King Cetshwayo DM,43,2022,Y030_034,0.12365407649773416
ZAF,ZAF2022HSRC,sexnonregplus,ZAF_2_DC28,King Cetshwayo DM,43,2022,Y030_034,0.6455473502238137
ZAF,ZAF2022HSRC,nosex12m,ZAF_2_DC28,King Cetshwayo DM,43,2022,Y035_039,0.22979919572387988
ZAF,ZAF2022HSRC,sexcohab,ZAF_2_DC28,King Cetshwayo DM,43,2022,Y035_039,0.18297953487068055
ZAF,ZAF2022HSRC,sexnonregplus,ZAF_2_DC28,King Cetshwayo DM,43,2022,Y035_039,0.5872212694054395
ZAF,ZAF2022HSRC,nosex12m,ZAF_2_DC28,King Cetshwayo DM,43,2022,Y040_044,0.24877263672387231
ZAF,ZAF2022HSRC,sexcohab,ZAF_2_DC28,King Cetshwayo DM,43,2022,Y040_044,0.2619705278984069
ZAF,ZAF2022HSRC,sexnonregplus,ZAF_2_DC28,King Cetshwayo DM,43,2022,Y040_044,0.48925683537772074
ZAF,ZAF2022HSRC,nosex12m,ZAF_2_DC28,King Cetshwayo DM,43,2022,Y045_049,0.2926480758413436
ZAF,ZAF2022HSRC,sexcohab,ZAF_2_DC28,King Cetshwayo DM,43,2022,Y045_049,0.2917384245115267
ZAF,ZAF2022HSRC,sexnonregplus,ZAF_2_DC28,King Cetshwayo DM,43,2022,Y045_049,0.41561349964712974
ZAF,ZAF2022HSRC,nosex12m,ZAF_2_DC29,iLembe DM,44,2022,Y015_019,0.746659703332807
ZAF,ZAF2022HSRC,sexcohab,ZAF_2_DC29,iLembe DM,44,2022,Y015_019,0.00173035713404995
ZAF,ZAF2022HSRC,sexnonregplus,ZAF_2_DC29,iLembe DM,44,2022,Y015_019,0.25160993953314303
ZAF,ZAF2022HSRC,nosex12m,ZAF_2_DC29,iLembe DM,44,2022,Y020_024,0.35505087648389
ZAF,ZAF2022HSRC,sexcohab,ZAF_2_DC29,iLembe DM,44,2022,Y020_024,0.01946284017604223
ZAF,ZAF2022HSRC,sexnonregplus,ZAF_2_DC29,iLembe DM,44,2022,Y020_024,0.6254862833400677
ZAF,ZAF2022HSRC,nosex12m,ZAF_2_DC29,iLembe DM,44,2022,Y025_029,0.255896865743697
ZAF,ZAF2022HSRC,sexcohab,ZAF_2_DC29,iLembe DM,44,2022,Y025_029,0.06827907623960826
ZAF,ZAF2022HSRC,sexnonregplus,ZAF_2_DC29,iLembe DM,44,2022,Y025_029,0.6758240580166948
ZAF,ZAF2022HSRC,nosex12m,ZAF_2_DC29,iLembe DM,44,2022,Y030_034,0.23207848466813144
ZAF,ZAF2022HSRC,sexcohab,ZAF_2_DC29,iLembe DM,44,2022,Y030_034,0.15030675473845648
ZAF,ZAF2022HSRC,sexnonregplus,ZAF_2_DC29,iLembe DM,44,2022,Y030_034,0.6176147605934121
ZAF,ZAF2022HSRC,nosex12m,ZAF_2_DC29,iLembe DM,44,2022,Y035_039,0.22750203388338905
ZAF,ZAF2022HSRC,sexcohab,ZAF_2_DC29,iLembe DM,44,2022,Y035_039,0.21889749206349843
ZAF,ZAF2022HSRC,sexnonregplus,ZAF_2_DC29,iLembe DM,44,2022,Y035_039,0.5536004740531125
ZAF,ZAF2022HSRC,nosex12m,ZAF_2_DC29,iLembe DM,44,2022,Y040_044,0.24128379807652517
ZAF,ZAF2022HSRC,sexcohab,ZAF_2_DC29,iLembe DM,44,2022,Y040_044,0.3067765904527344
ZAF,ZAF2022HSRC,sexnonregplus,ZAF_2_DC29,iLembe DM,44,2022,Y040_044,0.4519396114707404
ZAF,ZAF2022HSRC,nosex12m,ZAF_2_DC29,iLembe DM,44,2022,Y045_049,0.28109099174279684
ZAF,ZAF2022HSRC,sexcohab,ZAF_2_DC29,iLembe DM,44,2022,Y045_049,0.3383842420732461
ZAF,ZAF2022HSRC,sexnonregplus,ZAF_2_DC29,iLembe DM,44,2022,Y045_049,0.3805247661839571
ZAF,ZAF2022HSRC,nosex12m,ZAF_2_DC43,Harry Gwala DM,45,2022,Y015_019,0.6275019989261124
ZAF,ZAF2022HSRC,sexcohab,ZAF_2_DC43,Harry Gwala DM,45,2022,Y015_019,0.00212545795290216
ZAF,ZAF2022HSRC,sexnonregplus,ZAF_2_DC43,Harry Gwala DM,45,2022,Y015_019,0.37037254312098544
ZAF,ZAF2022HSRC,nosex12m,ZAF_2_DC43,Harry Gwala DM,45,2022,Y020_024,0.23998703367961943
ZAF,ZAF2022HSRC,sexcohab,ZAF_2_DC43,Harry Gwala DM,45,2022,Y020_024,0.01926304575506656
ZAF,ZAF2022HSRC,sexnonregplus,ZAF_2_DC43,Harry Gwala DM,45,2022,Y020_024,0.740749920565314
ZAF,ZAF2022HSRC,nosex12m,ZAF_2_DC43,Harry Gwala DM,45,2022,Y025_029,0.16612034898889105
ZAF,ZAF2022HSRC,sexcohab,ZAF_2_DC43,Harry Gwala DM,45,2022,Y025_029,0.06489491527545532
ZAF,ZAF2022HSRC,sexnonregplus,ZAF_2_DC43,Harry Gwala DM,45,2022,Y025_029,0.7689847357356536
ZAF,ZAF2022HSRC,nosex12m,ZAF_2_DC43,Harry Gwala DM,45,2022,Y030_034,0.151153728327027
ZAF,ZAF2022HSRC,sexcohab,ZAF_2_DC43,Harry Gwala DM,45,2022,Y030_034,0.143442220549523
ZAF,ZAF2022HSRC,sexnonregplus,ZAF_2_DC43,Harry Gwala DM,45,2022,Y030_034,0.7054040511234501
ZAF,ZAF2022HSRC,nosex12m,ZAF_2_DC43,Harry Gwala DM,45,2022,Y035_039,0.14986662836415066
ZAF,ZAF2022HSRC,sexcohab,ZAF_2_DC43,Harry Gwala DM,45,2022,Y035_039,0.21113007759743777
ZAF,ZAF2022HSRC,sexnonregplus,ZAF_2_DC43,Harry Gwala DM,45,2022,Y035_039,0.6390032940384116
ZAF,ZAF2022HSRC,nosex12m,ZAF_2_DC43,Harry Gwala DM,45,2022,Y040_044,0.16273820571229797
ZAF,ZAF2022HSRC,sexcohab,ZAF_2_DC43,Harry Gwala DM,45,2022,Y040_044,0.3030656203471213
ZAF,ZAF2022HSRC,sexnonregplus,ZAF_2_DC43,Harry Gwala DM,45,2022,Y040_044,0.5341961739405807
ZAF,ZAF2022HSRC,nosex12m,ZAF_2_DC43,Harry Gwala DM,45,2022,Y045_049,0.19479030736819417
ZAF,ZAF2022HSRC,sexcohab,ZAF_2_DC43,Harry Gwala DM,45,2022,Y045_049,0.3432524501736384
ZAF,ZAF2022HSRC,sexnonregplus,ZAF_2_DC43,Harry Gwala DM,45,2022,Y045_049,0.4619572424581674
ZAF,ZAF2022HSRC,nosex12m,ZAF_2_DC30,G Sibande DM,46,2022,Y015_019,0.7410155476315706
ZAF,ZAF2022HSRC,sexcohab,ZAF_2_DC30,G Sibande DM,46,2022,Y015_019,0.00261015486559999
ZAF,ZAF2022HSRC,sexnonregplus,ZAF_2_DC30,G Sibande DM,46,2022,Y015_019,0.2563742975028294
ZAF,ZAF2022HSRC,nosex12m,ZAF_2_DC30,G Sibande DM,46,2022,Y020_024,0.34476040286896753
ZAF,ZAF2022HSRC,sexcohab,ZAF_2_DC30,G Sibande DM,46,2022,Y020_024,0.02884852017867083
ZAF,ZAF2022HSRC,sexnonregplus,ZAF_2_DC30,G Sibande DM,46,2022,Y020_024,0.6263910769523616
ZAF,ZAF2022HSRC,nosex12m,ZAF_2_DC30,G Sibande DM,46,2022,Y025_029,0.24184998233928748
ZAF,ZAF2022HSRC,sexcohab,ZAF_2_DC30,G Sibande DM,46,2022,Y025_029,0.09868504954849902
ZAF,ZAF2022HSRC,sexnonregplus,ZAF_2_DC30,G Sibande DM,46,2022,Y025_029,0.6594649681122136
ZAF,ZAF2022HSRC,nosex12m,ZAF_2_DC30,G Sibande DM,46,2022,Y030_034,0.21101675604209352
ZAF,ZAF2022HSRC,sexcohab,ZAF_2_DC30,G Sibande DM,46,2022,Y030_034,0.2092042970744111
ZAF,ZAF2022HSRC,sexnonregplus,ZAF_2_DC30,G Sibande DM,46,2022,Y030_034,0.5797789468834954
ZAF,ZAF2022HSRC,nosex12m,ZAF_2_DC30,G Sibande DM,46,2022,Y035_039,0.20066465732354255
ZAF,ZAF2022HSRC,sexcohab,ZAF_2_DC30,G Sibande DM,46,2022,Y035_039,0.2955750863747461
ZAF,ZAF2022HSRC,sexnonregplus,ZAF_2_DC30,G Sibande DM,46,2022,Y035_039,0.5037602563017113
ZAF,ZAF2022HSRC,nosex12m,ZAF_2_DC30,G Sibande DM,46,2022,Y040_044,0.20487821288723124
ZAF,ZAF2022HSRC,sexcohab,ZAF_2_DC30,G Sibande DM,46,2022,Y040_044,0.39939627094917746
ZAF,ZAF2022HSRC,sexnonregplus,ZAF_2_DC30,G Sibande DM,46,2022,Y040_044,0.3957255161635913
ZAF,ZAF2022HSRC,nosex12m,ZAF_2_DC30,G Sibande DM,46,2022,Y045_049,0.23586340023614832
ZAF,ZAF2022HSRC,sexcohab,ZAF_2_DC30,G Sibande DM,46,2022,Y045_049,0.4351818357206633
ZAF,ZAF2022HSRC,sexnonregplus,ZAF_2_DC30,G Sibande DM,46,2022,Y045_049,0.32895476404318835
ZAF,ZAF2022HSRC,nosex12m,ZAF_2_DC31,Nkangala DM,47,2022,Y015_019,0.6957547180240184
ZAF,ZAF2022HSRC,sexcohab,ZAF_2_DC31,Nkangala DM,47,2022,Y015_019,0.00208458191624774
ZAF,ZAF2022HSRC,sexnonregplus,ZAF_2_DC31,Nkangala DM,47,2022,Y015_019,0.3021607000597338
ZAF,ZAF2022HSRC,nosex12m,ZAF_2_DC31,Nkangala DM,47,2022,Y020_024,0.29852410222740544
ZAF,ZAF2022HSRC,sexcohab,ZAF_2_DC31,Nkangala DM,47,2022,Y020_024,0.02121902001744207
ZAF,ZAF2022HSRC,sexnonregplus,ZAF_2_DC31,Nkangala DM,47,2022,Y020_024,0.6802568777551525
ZAF,ZAF2022HSRC,nosex12m,ZAF_2_DC31,Nkangala DM,47,2022,Y025_029,0.2098379872245044
ZAF,ZAF2022HSRC,sexcohab,ZAF_2_DC31,Nkangala DM,47,2022,Y025_029,0.0726748438581608
ZAF,ZAF2022HSRC,sexnonregplus,ZAF_2_DC31,Nkangala DM,47,2022,Y025_029,0.7174871689173348
ZAF,ZAF2022HSRC,nosex12m,ZAF_2_DC31,Nkangala DM,47,2022,Y030_034,0.18917603932258248
ZAF,ZAF2022HSRC,sexcohab,ZAF_2_DC31,Nkangala DM,47,2022,Y030_034,0.15922554022062976
ZAF,ZAF2022HSRC,sexnonregplus,ZAF_2_DC31,Nkangala DM,47,2022,Y030_034,0.6515984204567877
ZAF,ZAF2022HSRC,nosex12m,ZAF_2_DC31,Nkangala DM,47,2022,Y035_039,0.18523206397086753
ZAF,ZAF2022HSRC,sexcohab,ZAF_2_DC31,Nkangala DM,47,2022,Y035_039,0.2316804200809668
ZAF,ZAF2022HSRC,sexnonregplus,ZAF_2_DC31,Nkangala DM,47,2022,Y035_039,0.5830875159481657
ZAF,ZAF2022HSRC,nosex12m,ZAF_2_DC31,Nkangala DM,47,2022,Y040_044,0.19694773419973183
ZAF,ZAF2022HSRC,sexcohab,ZAF_2_DC31,Nkangala DM,47,2022,Y040_044,0.3259962340124011
ZAF,ZAF2022HSRC,sexnonregplus,ZAF_2_DC31,Nkangala DM,47,2022,Y040_044,0.4770560317878671
ZAF,ZAF2022HSRC,nosex12m,ZAF_2_DC31,Nkangala DM,47,2022,Y045_049,0.2317223650059064
ZAF,ZAF2022HSRC,sexcohab,ZAF_2_DC31,Nkangala DM,47,2022,Y045_049,0.362974573457007
ZAF,ZAF2022HSRC,sexnonregplus,ZAF_2_DC31,Nkangala DM,47,2022,Y045_049,0.40530306153708656
ZAF,ZAF2022HSRC,nosex12m,ZAF_2_DC32,Ehlanzeni DM,48,2022,Y015_019,0.7392184333983279
ZAF,ZAF2022HSRC,sexcohab,ZAF_2_DC32,Ehlanzeni DM,48,2022,Y015_019,0.00328874056740573
ZAF,ZAF2022HSRC,sexnonregplus,ZAF_2_DC32,Ehlanzeni DM,48,2022,Y015_019,0.2574928260342664
ZAF,ZAF2022HSRC,nosex12m,ZAF_2_DC32,Ehlanzeni DM,48,2022,Y020_024,0.34069186247525296
ZAF,ZAF2022HSRC,sexcohab,ZAF_2_DC32,Ehlanzeni DM,48,2022,Y020_024,0.03606770481718949
ZAF,ZAF2022HSRC,sexnonregplus,ZAF_2_DC32,Ehlanzeni DM,48,2022,Y020_024,0.6232404327075576
ZAF,ZAF2022HSRC,nosex12m,ZAF_2_DC32,Ehlanzeni DM,48,2022,Y025_029,0.23466082453871304
ZAF,ZAF2022HSRC,sexcohab,ZAF_2_DC32,Ehlanzeni DM,48,2022,Y025_029,0.12114831613574836
ZAF,ZAF2022HSRC,sexnonregplus,ZAF_2_DC32,Ehlanzeni DM,48,2022,Y025_029,0.6441908593255385
ZAF,ZAF2022HSRC,nosex12m,ZAF_2_DC32,Ehlanzeni DM,48,2022,Y030_034,0.1991329020468921
ZAF,ZAF2022HSRC,sexcohab,ZAF_2_DC32,Ehlanzeni DM,48,2022,Y030_034,0.24995245725270257
ZAF,ZAF2022HSRC,sexnonregplus,ZAF_2_DC32,Ehlanzeni DM,48,2022,Y030_034,0.5509146407004053
ZAF,ZAF2022HSRC,nosex12m,ZAF_2_DC32,Ehlanzeni DM,48,2022,Y035_039,0.18545724134678385
ZAF,ZAF2022HSRC,sexcohab,ZAF_2_DC32,Ehlanzeni DM,48,2022,Y035_039,0.3458038070823188
ZAF,ZAF2022HSRC,sexnonregplus,ZAF_2_DC32,Ehlanzeni DM,48,2022,Y035_039,0.4687389515708974
ZAF,ZAF2022HSRC,nosex12m,ZAF_2_DC32,Ehlanzeni DM,48,2022,Y040_044,0.18473534323569396
ZAF,ZAF2022HSRC,sexcohab,ZAF_2_DC32,Ehlanzeni DM,48,2022,Y040_044,0.4559352453900925
ZAF,ZAF2022HSRC,sexnonregplus,ZAF_2_DC32,Ehlanzeni DM,48,2022,Y040_044,0.35932941137421354
ZAF,ZAF2022HSRC,nosex12m,ZAF_2_DC32,Ehlanzeni DM,48,2022,Y045_049,0.21095596961782992
ZAF,ZAF2022HSRC,sexcohab,ZAF_2_DC32,Ehlanzeni DM,48,2022,Y045_049,0.49273408133356567
ZAF,ZAF2022HSRC,sexnonregplus,ZAF_2_DC32,Ehlanzeni DM,48,2022,Y045_049,0.2963099490486044
ZAF,ZAF2022HSRC,nosex12m,ZAF_2_DC33,Mopani DM,49,2022,Y015_019,0.6702123822255843
ZAF,ZAF2022HSRC,sexcohab,ZAF_2_DC33,Mopani DM,49,2022,Y015_019,0.00370463458732144
ZAF,ZAF2022HSRC,sexnonregplus,ZAF_2_DC33,Mopani DM,49,2022,Y015_019,0.3260829831870942
ZAF,ZAF2022HSRC,nosex12m,ZAF_2_DC33,Mopani DM,49,2022,Y020_024,0.27213752915293254
ZAF,ZAF2022HSRC,sexcohab,ZAF_2_DC33,Mopani DM,49,2022,Y020_024,0.03557920878769036
ZAF,ZAF2022HSRC,sexnonregplus,ZAF_2_DC33,Mopani DM,49,2022,Y020_024,0.6922832620593771
ZAF,ZAF2022HSRC,nosex12m,ZAF_2_DC33,Mopani DM,49,2022,Y025_029,0.18347726942248535
ZAF,ZAF2022HSRC,sexcohab,ZAF_2_DC33,Mopani DM,49,2022,Y025_029,0.11670409315777024
ZAF,ZAF2022HSRC,sexnonregplus,ZAF_2_DC33,Mopani DM,49,2022,Y025_029,0.6998186374197444
ZAF,ZAF2022HSRC,nosex12m,ZAF_2_DC33,Mopani DM,49,2022,Y030_034,0.15658634589213377
ZAF,ZAF2022HSRC,sexcohab,ZAF_2_DC33,Mopani DM,49,2022,Y030_034,0.24164811541856415
ZAF,ZAF2022HSRC,sexnonregplus,ZAF_2_DC33,Mopani DM,49,2022,Y030_034,0.601765538689302
ZAF,ZAF2022HSRC,nosex12m,ZAF_2_DC33,Mopani DM,49,2022,Y035_039,0.14698588578026195
ZAF,ZAF2022HSRC,sexcohab,ZAF_2_DC33,Mopani DM,49,2022,Y035_039,0.33660609195388375
ZAF,ZAF2022HSRC,sexnonregplus,ZAF_2_DC33,Mopani DM,49,2022,Y035_039,0.5164080222658544
ZAF,ZAF2022HSRC,nosex12m,ZAF_2_DC33,Mopani DM,49,2022,Y040_044,0.1486093418968616
ZAF,ZAF2022HSRC,sexcohab,ZAF_2_DC33,Mopani DM,49,2022,Y040_044,0.44957044915601113
ZAF,ZAF2022HSRC,sexnonregplus,ZAF_2_DC33,Mopani DM,49,2022,Y040_044,0.4018202089471273
ZAF,ZAF2022HSRC,nosex12m,ZAF_2_DC33,Mopani DM,49,2022,Y045_049,0.1719745753918833
ZAF,ZAF2022HSRC,sexcohab,ZAF_2_DC33,Mopani DM,49,2022,Y045_049,0.4921632600661514
ZAF,ZAF2022HSRC,sexnonregplus,ZAF_2_DC33,Mopani DM,49,2022,Y045_049,0.33586216454196527
ZAF,ZAF2022HSRC,nosex12m,ZAF_2_DC34,Vhembe DM,50,2022,Y015_019,0.6935792074294513
ZAF,ZAF2022HSRC,sexcohab,ZAF_2_DC34,Vhembe DM,50,2022,Y015_019,0.00382263879631937
ZAF,ZAF2022HSRC,sexnonregplus,ZAF_2_DC34,Vhembe DM,50,2022,Y015_019,0.30259815377422933
ZAF,ZAF2022HSRC,nosex12m,ZAF_2_DC34,Vhembe DM,50,2022,Y020_024,0.29357027897214677
ZAF,ZAF2022HSRC,sexcohab,ZAF_2_DC34,Vhembe DM,50,2022,Y020_024,0.03831866498816355
ZAF,ZAF2022HSRC,sexnonregplus,ZAF_2_DC34,Vhembe DM,50,2022,Y020_024,0.6681110560396897
ZAF,ZAF2022HSRC,nosex12m,ZAF_2_DC34,Vhembe DM,50,2022,Y025_029,0.19816716202258336
ZAF,ZAF2022HSRC,sexcohab,ZAF_2_DC34,Vhembe DM,50,2022,Y025_029,0.12567893121042126
ZAF,ZAF2022HSRC,sexnonregplus,ZAF_2_DC34,Vhembe DM,50,2022,Y025_029,0.6761539067669954
ZAF,ZAF2022HSRC,nosex12m,ZAF_2_DC34,Vhembe DM,50,2022,Y030_034,0.1672946037473312
ZAF,ZAF2022HSRC,sexcohab,ZAF_2_DC34,Vhembe DM,50,2022,Y030_034,0.25714657999916224
ZAF,ZAF2022HSRC,sexnonregplus,ZAF_2_DC34,Vhembe DM,50,2022,Y030_034,0.5755588162535066
ZAF,ZAF2022HSRC,nosex12m,ZAF_2_DC34,Vhembe DM,50,2022,Y035_039,0.1557420390903628
ZAF,ZAF2022HSRC,sexcohab,ZAF_2_DC34,Vhembe DM,50,2022,Y035_039,0.35475124934281616
ZAF,ZAF2022HSRC,sexnonregplus,ZAF_2_DC34,Vhembe DM,50,2022,Y035_039,0.4895067115668211
ZAF,ZAF2022HSRC,nosex12m,ZAF_2_DC34,Vhembe DM,50,2022,Y040_044,0.15557439270456497
ZAF,ZAF2022HSRC,sexcohab,ZAF_2_DC34,Vhembe DM,50,2022,Y040_044,0.4678559502722147
ZAF,ZAF2022HSRC,sexnonregplus,ZAF_2_DC34,Vhembe DM,50,2022,Y040_044,0.3765696570232203
ZAF,ZAF2022HSRC,nosex12m,ZAF_2_DC34,Vhembe DM,50,2022,Y045_049,0.17881173497640646
ZAF,ZAF2022HSRC,sexcohab,ZAF_2_DC34,Vhembe DM,50,2022,Y045_049,0.5085057578556836
ZAF,ZAF2022HSRC,sexnonregplus,ZAF_2_DC34,Vhembe DM,50,2022,Y045_049,0.31268250716790985
ZAF,ZAF2022HSRC,nosex12m,ZAF_2_DC35,Capricorn DM,51,2022,Y015_019,0.6779255932828339
ZAF,ZAF2022HSRC,sexcohab,ZAF_2_DC35,Capricorn DM,51,2022,Y015_019,0.00258435696998065
ZAF,ZAF2022HSRC,sexnonregplus,ZAF_2_DC35,Capricorn DM,51,2022,Y015_019,0.3194900497471854
ZAF,ZAF2022HSRC,nosex12m,ZAF_2_DC35,Capricorn DM,51,2022,Y020_024,0.28123258052840505
ZAF,ZAF2022HSRC,sexcohab,ZAF_2_DC35,Capricorn DM,51,2022,Y020_024,0.02532233315905105
ZAF,ZAF2022HSRC,sexnonregplus,ZAF_2_DC35,Capricorn DM,51,2022,Y020_024,0.6934450863125439
ZAF,ZAF2022HSRC,nosex12m,ZAF_2_DC35,Capricorn DM,51,2022,Y025_029,0.19466362569135995
ZAF,ZAF2022HSRC,sexcohab,ZAF_2_DC35,Capricorn DM,51,2022,Y025_029,0.08543622600700247
ZAF,ZAF2022HSRC,sexnonregplus,ZAF_2_DC35,Capricorn DM,51,2022,Y025_029,0.7199001483016376
ZAF,ZAF2022HSRC,nosex12m,ZAF_2_DC35,Capricorn DM,51,2022,Y030_034,0.17269045135193248
ZAF,ZAF2022HSRC,sexcohab,ZAF_2_DC35,Capricorn DM,51,2022,Y030_034,0.1837893138884998
ZAF,ZAF2022HSRC,sexnonregplus,ZAF_2_DC35,Capricorn DM,51,2022,Y030_034,0.6435202347595678
ZAF,ZAF2022HSRC,nosex12m,ZAF_2_DC35,Capricorn DM,51,2022,Y035_039,0.1670171109887444
ZAF,ZAF2022HSRC,sexcohab,ZAF_2_DC35,Capricorn DM,51,2022,Y035_039,0.26387809240539084
ZAF,ZAF2022HSRC,sexnonregplus,ZAF_2_DC35,Capricorn DM,51,2022,Y035_039,0.5691047966058648
ZAF,ZAF2022HSRC,nosex12m,ZAF_2_DC35,Capricorn DM,51,2022,Y040_044,0.17518702629426297
ZAF,ZAF2022HSRC,sexcohab,ZAF_2_DC35,Capricorn DM,51,2022,Y040_044,0.3654567711549715
ZAF,ZAF2022HSRC,sexnonregplus,ZAF_2_DC35,Capricorn DM,51,2022,Y040_044,0.45935620255076554
ZAF,ZAF2022HSRC,nosex12m,ZAF_2_DC35,Capricorn DM,51,2022,Y045_049,0.2054314891877532
ZAF,ZAF2022HSRC,sexcohab,ZAF_2_DC35,Capricorn DM,51,2022,Y045_049,0.40542528998419103
ZAF,ZAF2022HSRC,sexnonregplus,ZAF_2_DC35,Capricorn DM,51,2022,Y045_049,0.38914322082805575
ZAF,ZAF2022HSRC,nosex12m,ZAF_2_DC36,Waterberg DM,52,2022,Y015_019,0.7117023041475375
ZAF,ZAF2022HSRC,sexcohab,ZAF_2_DC36,Waterberg DM,52,2022,Y015_019,0.0023694559535595
ZAF,ZAF2022HSRC,sexnonregplus,ZAF_2_DC36,Waterberg DM,52,2022,Y015_019,0.285928239898903
ZAF,ZAF2022HSRC,nosex12m,ZAF_2_DC36,Waterberg DM,52,2022,Y020_024,0.3143078418870526
ZAF,ZAF2022HSRC,sexcohab,ZAF_2_DC36,Waterberg DM,52,2022,Y020_024,0.024808464504108962
ZAF,ZAF2022HSRC,sexnonregplus,ZAF_2_DC36,Waterberg DM,52,2022,Y020_024,0.6608836936088385
ZAF,ZAF2022HSRC,nosex12m,ZAF_2_DC36,Waterberg DM,52,2022,Y025_029,0.2203626880526691
ZAF,ZAF2022HSRC,sexcohab,ZAF_2_DC36,Waterberg DM,52,2022,Y025_029,0.0847735472886945
ZAF,ZAF2022HSRC,sexnonregplus,ZAF_2_DC36,Waterberg DM,52,2022,Y025_029,0.6948637646586364
ZAF,ZAF2022HSRC,nosex12m,ZAF_2_DC36,Waterberg DM,52,2022,Y030_034,0.19559570022809175
ZAF,ZAF2022HSRC,sexcohab,ZAF_2_DC36,Waterberg DM,52,2022,Y030_034,0.18278785054691943
ZAF,ZAF2022HSRC,sexnonregplus,ZAF_2_DC36,Waterberg DM,52,2022,Y030_034,0.6216164492249888
ZAF,ZAF2022HSRC,nosex12m,ZAF_2_DC36,Waterberg DM,52,2022,Y035_039,0.18894157686612997
ZAF,ZAF2022HSRC,sexcohab,ZAF_2_DC36,Waterberg DM,52,2022,Y035_039,0.26224800580387214
ZAF,ZAF2022HSRC,sexnonregplus,ZAF_2_DC36,Waterberg DM,52,2022,Y035_039,0.5488104173299979
ZAF,ZAF2022HSRC,nosex12m,ZAF_2_DC36,Waterberg DM,52,2022,Y040_044,0.1971303988487602
ZAF,ZAF2022HSRC,sexcohab,ZAF_2_DC36,Waterberg DM,52,2022,Y040_044,0.3620085881001522
ZAF,ZAF2022HSRC,sexnonregplus,ZAF_2_DC36,Waterberg DM,52,2022,Y040_044,0.44086101305108766
ZAF,ZAF2022HSRC,nosex12m,ZAF_2_DC36,Waterberg DM,52,2022,Y045_049,0.22973430336664555
ZAF,ZAF2022HSRC,sexcohab,ZAF_2_DC36,Waterberg DM,52,2022,Y045_049,0.3992054059837062
ZAF,ZAF2022HSRC,sexnonregplus,ZAF_2_DC36,Waterberg DM,52,2022,Y045_049,0.3710602906496483
ZAF,ZAF2022HSRC,nosex12m,ZAF_2_DC47,Sekhukhune DM,53,2022,Y015_019,0.7207876253831901
ZAF,ZAF2022HSRC,sexcohab,ZAF_2_DC47,Sekhukhune DM,53,2022,Y015_019,0.00241091623817789
ZAF,ZAF2022HSRC,sexnonregplus,ZAF_2_DC47,Sekhukhune DM,53,2022,Y015_019,0.27680145837863207
ZAF,ZAF2022HSRC,nosex12m,ZAF_2_DC47,Sekhukhune DM,53,2022,Y020_024,0.323482160758536
ZAF,ZAF2022HSRC,sexcohab,ZAF_2_DC47,Sekhukhune DM,53,2022,Y020_024,0.02568797592925047
ZAF,ZAF2022HSRC,sexnonregplus,ZAF_2_DC47,Sekhukhune DM,53,2022,Y020_024,0.6508298633122136
ZAF,ZAF2022HSRC,nosex12m,ZAF_2_DC47,Sekhukhune DM,53,2022,Y025_029,0.22706143173317864
ZAF,ZAF2022HSRC,sexcohab,ZAF_2_DC47,Sekhukhune DM,53,2022,Y025_029,0.08783606066676389
ZAF,ZAF2022HSRC,sexnonregplus,ZAF_2_DC47,Sekhukhune DM,53,2022,Y025_029,0.6851025076000575
ZAF,ZAF2022HSRC,nosex12m,ZAF_2_DC47,Sekhukhune DM,53,2022,Y030_034,0.20074307108876305
ZAF,ZAF2022HSRC,sexcohab,ZAF_2_DC47,Sekhukhune DM,53,2022,Y030_034,0.18867769858871936
ZAF,ZAF2022HSRC,sexnonregplus,ZAF_2_DC47,Sekhukhune DM,53,2022,Y030_034,0.6105792303225176
ZAF,ZAF2022HSRC,nosex12m,ZAF_2_DC47,Sekhukhune DM,53,2022,Y035_039,0.19324912647850412
ZAF,ZAF2022HSRC,sexcohab,ZAF_2_DC47,Sekhukhune DM,53,2022,Y035_039,0.2696079826479799
ZAF,ZAF2022HSRC,sexnonregplus,ZAF_2_DC47,Sekhukhune DM,53,2022,Y035_039,0.537142890873516
ZAF,ZAF2022HSRC,nosex12m,ZAF_2_DC47,Sekhukhune DM,53,2022,Y040_044,0.20061903172298612
ZAF,ZAF2022HSRC,sexcohab,ZAF_2_DC47,Sekhukhune DM,53,2022,Y040_044,0.37005885639851765
ZAF,ZAF2022HSRC,sexnonregplus,ZAF_2_DC47,Sekhukhune DM,53,2022,Y040_044,0.4293221118784962
ZAF,ZAF2022HSRC,nosex12m,ZAF_2_DC47,Sekhukhune DM,53,2022,Y045_049,0.2330518229082669
ZAF,ZAF2022HSRC,sexcohab,ZAF_2_DC47,Sekhukhune DM,53,2022,Y045_049,0.4067660322667714
ZAF,ZAF2022HSRC,sexnonregplus,ZAF_2_DC47,Sekhukhune DM,53,2022,Y045_049,0.36018214482496175
ZAF,ZAF2022HSRC,nosex12m,ZAF_2_DC37,Bojanala Platinum DM,54,2022,Y015_019,0.7173730405917581
ZAF,ZAF2022HSRC,sexcohab,ZAF_2_DC37,Bojanala Platinum DM,54,2022,Y015_019,0.00265703150911845
ZAF,ZAF2022HSRC,sexnonregplus,ZAF_2_DC37,Bojanala Platinum DM,54,2022,Y015_019,0.2799699278991234
ZAF,ZAF2022HSRC,nosex12m,ZAF_2_DC37,Bojanala Platinum DM,54,2022,Y020_024,0.3188601811658612
ZAF,ZAF2022HSRC,sexcohab,ZAF_2_DC37,Bojanala Platinum DM,54,2022,Y020_024,0.02804307782969393
ZAF,ZAF2022HSRC,sexnonregplus,ZAF_2_DC37,Bojanala Platinum DM,54,2022,Y020_024,0.6530967410044449
ZAF,ZAF2022HSRC,nosex12m,ZAF_2_DC37,Bojanala Platinum DM,54,2022,Y025_029,0.222123380074637
ZAF,ZAF2022HSRC,sexcohab,ZAF_2_DC37,Bojanala Platinum DM,54,2022,Y025_029,0.09520486098481278
ZAF,ZAF2022HSRC,sexnonregplus,ZAF_2_DC37,Bojanala Platinum DM,54,2022,Y025_029,0.6826717589405502
ZAF,ZAF2022HSRC,nosex12m,ZAF_2_DC37,Bojanala Platinum DM,54,2022,Y030_034,0.19458083981269308
ZAF,ZAF2022HSRC,sexcohab,ZAF_2_DC37,Bojanala Platinum DM,54,2022,Y030_034,0.2027273723221887
ZAF,ZAF2022HSRC,sexnonregplus,ZAF_2_DC37,Bojanala Platinum DM,54,2022,Y030_034,0.6026917878651182
ZAF,ZAF2022HSRC,nosex12m,ZAF_2_DC37,Bojanala Platinum DM,54,2022,Y035_039,0.18597309518664815
ZAF,ZAF2022HSRC,sexcohab,ZAF_2_DC37,Bojanala Platinum DM,54,2022,Y035_039,0.28784114454008763
ZAF,ZAF2022HSRC,sexnonregplus,ZAF_2_DC37,Bojanala Platinum DM,54,2022,Y035_039,0.5261857602732641
ZAF,ZAF2022HSRC,nosex12m,ZAF_2_DC37,Bojanala Platinum DM,54,2022,Y040_044,0.19132100798021923
ZAF,ZAF2022HSRC,sexcohab,ZAF_2_DC37,Bojanala Platinum DM,54,2022,Y040_044,0.39197925257941296
ZAF,ZAF2022HSRC,sexnonregplus,ZAF_2_DC37,Bojanala Platinum DM,54,2022,Y040_044,0.41669973944036776
ZAF,ZAF2022HSRC,nosex12m,ZAF_2_DC37,Bojanala Platinum DM,54,2022,Y045_049,0.2216473877129373
ZAF,ZAF2022HSRC,sexcohab,ZAF_2_DC37,Bojanala Platinum DM,54,2022,Y045_049,0.4297804566615296
ZAF,ZAF2022HSRC,sexnonregplus,ZAF_2_DC37,Bojanala Platinum DM,54,2022,Y045_049,0.3485721556255331
ZAF,ZAF2022HSRC,nosex12m,ZAF_2_DC38,Ngaka Modiri Molema DM,55,2022,Y015_019,0.6626243875722243
ZAF,ZAF2022HSRC,sexcohab,ZAF_2_DC38,Ngaka Modiri Molema DM,55,2022,Y015_019,0.00279153637536146
ZAF,ZAF2022HSRC,sexnonregplus,ZAF_2_DC38,Ngaka Modiri Molema DM,55,2022,Y015_019,0.3345840760524142
ZAF,ZAF2022HSRC,nosex12m,ZAF_2_DC38,Ngaka Modiri Molema DM,55,2022,Y020_024,0.2668684765837756
ZAF,ZAF2022HSRC,sexcohab,ZAF_2_DC38,Ngaka Modiri Molema DM,55,2022,Y020_024,0.02669880437385049
ZAF,ZAF2022HSRC,sexnonregplus,ZAF_2_DC38,Ngaka Modiri Molema DM,55,2022,Y020_024,0.7064327190423739
ZAF,ZAF2022HSRC,nosex12m,ZAF_2_DC38,Ngaka Modiri Molema DM,55,2022,Y025_029,0.18319375383438893
ZAF,ZAF2022HSRC,sexcohab,ZAF_2_DC38,Ngaka Modiri Molema DM,55,2022,Y025_029,0.0892983892963553
ZAF,ZAF2022HSRC,sexnonregplus,ZAF_2_DC38,Ngaka Modiri Molema DM,55,2022,Y025_029,0.7275078568692558
ZAF,ZAF2022HSRC,nosex12m,ZAF_2_DC38,Ngaka Modiri Molema DM,55,2022,Y030_034,0.16162295249620856
ZAF,ZAF2022HSRC,sexcohab,ZAF_2_DC38,Ngaka Modiri Molema DM,55,2022,Y030_034,0.19147590373464124
ZAF,ZAF2022HSRC,sexnonregplus,ZAF_2_DC38,Ngaka Modiri Molema DM,55,2022,Y030_034,0.6469011437691502
ZAF,ZAF2022HSRC,nosex12m,ZAF_2_DC38,Ngaka Modiri Molema DM,55,2022,Y035_039,0.15586193206837975
ZAF,ZAF2022HSRC,sexcohab,ZAF_2_DC38,Ngaka Modiri Molema DM,55,2022,Y035_039,0.2741636527783543
ZAF,ZAF2022HSRC,sexnonregplus,ZAF_2_DC38,Ngaka Modiri Molema DM,55,2022,Y035_039,0.569974415153266
ZAF,ZAF2022HSRC,nosex12m,ZAF_2_DC38,Ngaka Modiri Molema DM,55,2022,Y040_044,0.16284369657330222
ZAF,ZAF2022HSRC,sexcohab,ZAF_2_DC38,Ngaka Modiri Molema DM,55,2022,Y040_044,0.3789289106358551
ZAF,ZAF2022HSRC,sexnonregplus,ZAF_2_DC38,Ngaka Modiri Molema DM,55,2022,Y040_044,0.4582273927908427
ZAF,ZAF2022HSRC,nosex12m,ZAF_2_DC38,Ngaka Modiri Molema DM,55,2022,Y045_049,0.19104156504224967
ZAF,ZAF2022HSRC,sexcohab,ZAF_2_DC38,Ngaka Modiri Molema DM,55,2022,Y045_049,0.42067761689181754
ZAF,ZAF2022HSRC,sexnonregplus,ZAF_2_DC38,Ngaka Modiri Molema DM,55,2022,Y045_049,0.3882808180659328
ZAF,ZAF2022HSRC,nosex12m,ZAF_2_DC39,Ruth Segomotsi Mompati DM,56,2022,Y015_019,0.7218726873123549
ZAF,ZAF2022HSRC,sexcohab,ZAF_2_DC39,Ruth Segomotsi Mompati DM,56,2022,Y015_019,0.00232756153778929
ZAF,ZAF2022HSRC,sexnonregplus,ZAF_2_DC39,Ruth Segomotsi Mompati DM,56,2022,Y015_019,0.2757997511498559
ZAF,ZAF2022HSRC,nosex12m,ZAF_2_DC39,Ruth Segomotsi Mompati DM,56,2022,Y020_024,0.3259556938889184
ZAF,ZAF2022HSRC,sexcohab,ZAF_2_DC39,Ruth Segomotsi Mompati DM,56,2022,Y020_024,0.02482792001973946
ZAF,ZAF2022HSRC,sexnonregplus,ZAF_2_DC39,Ruth Segomotsi Mompati DM,56,2022,Y020_024,0.6492163860913421
ZAF,ZAF2022HSRC,nosex12m,ZAF_2_DC39,Ruth Segomotsi Mompati DM,56,2022,Y025_029,0.22956668737436775
ZAF,ZAF2022HSRC,sexcohab,ZAF_2_DC39,Ruth Segomotsi Mompati DM,56,2022,Y025_029,0.08511901754910962
ZAF,ZAF2022HSRC,sexnonregplus,ZAF_2_DC39,Ruth Segomotsi Mompati DM,56,2022,Y025_029,0.6853142950765226
ZAF,ZAF2022HSRC,nosex12m,ZAF_2_DC39,Ruth Segomotsi Mompati DM,56,2022,Y030_034,0.20368426952822496
ZAF,ZAF2022HSRC,sexcohab,ZAF_2_DC39,Ruth Segomotsi Mompati DM,56,2022,Y030_034,0.1832984848046895
ZAF,ZAF2022HSRC,sexnonregplus,ZAF_2_DC39,Ruth Segomotsi Mompati DM,56,2022,Y030_034,0.6130172456670855
ZAF,ZAF2022HSRC,nosex12m,ZAF_2_DC39,Ruth Segomotsi Mompati DM,56,2022,Y035_039,0.19662808558907324
ZAF,ZAF2022HSRC,sexcohab,ZAF_2_DC39,Ruth Segomotsi Mompati DM,56,2022,Y035_039,0.26249006750039977
ZAF,ZAF2022HSRC,sexnonregplus,ZAF_2_DC39,Ruth Segomotsi Mompati DM,56,2022,Y035_039,0.540881846910527
ZAF,ZAF2022HSRC,nosex12m,ZAF_2_DC39,Ruth Segomotsi Mompati DM,56,2022,Y040_044,0.20479332379400095
ZAF,ZAF2022HSRC,sexcohab,ZAF_2_DC39,Ruth Segomotsi Mompati DM,56,2022,Y040_044,0.36113166073506975
ZAF,ZAF2022HSRC,sexnonregplus,ZAF_2_DC39,Ruth Segomotsi Mompati DM,56,2022,Y040_044,0.4340750154709293
ZAF,ZAF2022HSRC,nosex12m,ZAF_2_DC39,Ruth Segomotsi Mompati DM,56,2022,Y045_049,0.23806136609779044
ZAF,ZAF2022HSRC,sexcohab,ZAF_2_DC39,Ruth Segomotsi Mompati DM,56,2022,Y045_049,0.3972750980427329
ZAF,ZAF2022HSRC,sexnonregplus,ZAF_2_DC39,Ruth Segomotsi Mompati DM,56,2022,Y045_049,0.36466353585947664
ZAF,ZAF2022HSRC,nosex12m,ZAF_2_DC40,Dr K Kaunda DM,57,2022,Y015_019,0.6987381694222722
ZAF,ZAF2022HSRC,sexcohab,ZAF_2_DC40,Dr K Kaunda DM,57,2022,Y015_019,0.00311945049083133
ZAF,ZAF2022HSRC,sexnonregplus,ZAF_2_DC40,Dr K Kaunda DM,57,2022,Y015_019,0.2981423800868964
ZAF,ZAF2022HSRC,nosex12m,ZAF_2_DC40,Dr K Kaunda DM,57,2022,Y020_024,0.29917212945417526
ZAF,ZAF2022HSRC,sexcohab,ZAF_2_DC40,Dr K Kaunda DM,57,2022,Y020_024,0.03178507803565104
ZAF,ZAF2022HSRC,sexnonregplus,ZAF_2_DC40,Dr K Kaunda DM,57,2022,Y020_024,0.6690427925101737
ZAF,ZAF2022HSRC,nosex12m,ZAF_2_DC40,Dr K Kaunda DM,57,2022,Y025_029,0.2052103312232936
ZAF,ZAF2022HSRC,sexcohab,ZAF_2_DC40,Dr K Kaunda DM,57,2022,Y025_029,0.10626781647394194
ZAF,ZAF2022HSRC,sexnonregplus,ZAF_2_DC40,Dr K Kaunda DM,57,2022,Y025_029,0.6885218523027644
ZAF,ZAF2022HSRC,nosex12m,ZAF_2_DC40,Dr K Kaunda DM,57,2022,Y030_034,0.1773391032914395
ZAF,ZAF2022HSRC,sexcohab,ZAF_2_DC40,Dr K Kaunda DM,57,2022,Y030_034,0.22307916552781376
ZAF,ZAF2022HSRC,sexnonregplus,ZAF_2_DC40,Dr K Kaunda DM,57,2022,Y030_034,0.5995817311807468
ZAF,ZAF2022HSRC,nosex12m,ZAF_2_DC40,Dr K Kaunda DM,57,2022,Y035_039,0.1678536128507634
ZAF,ZAF2022HSRC,sexcohab,ZAF_2_DC40,Dr K Kaunda DM,57,2022,Y035_039,0.31361607641800987
ZAF,ZAF2022HSRC,sexnonregplus,ZAF_2_DC40,Dr K Kaunda DM,57,2022,Y035_039,0.5185303107312268
ZAF,ZAF2022HSRC,nosex12m,ZAF_2_DC40,Dr K Kaunda DM,57,2022,Y040_044,0.170974863802185
ZAF,ZAF2022HSRC,sexcohab,ZAF_2_DC40,Dr K Kaunda DM,57,2022,Y040_044,0.42256257488755367
ZAF,ZAF2022HSRC,sexnonregplus,ZAF_2_DC40,Dr K Kaunda DM,57,2022,Y040_044,0.40646256131026137
ZAF,ZAF2022HSRC,nosex12m,ZAF_2_DC40,Dr K Kaunda DM,57,2022,Y045_049,0.19775059595915465
ZAF,ZAF2022HSRC,sexcohab,ZAF_2_DC40,Dr K Kaunda DM,57,2022,Y045_049,0.4626602266127128
ZAF,ZAF2022HSRC,sexnonregplus,ZAF_2_DC40,Dr K Kaunda DM,57,2022,Y045_049,0.33958917742813255
ZAF,ZAF2022HSRC,nosex12m,ZAF_2_JHB,Johannesburg MM,58,2022,Y015_019,0.6715600728024019
ZAF,ZAF2022HSRC,sexcohab,ZAF_2_JHB,Johannesburg MM,58,2022,Y015_019,0.00337642753387183
ZAF,ZAF2022HSRC,sexnonregplus,ZAF_2_JHB,Johannesburg MM,58,2022,Y015_019,0.3250634996637262
ZAF,ZAF2022HSRC,nosex12m,ZAF_2_JHB,Johannesburg MM,58,2022,Y020_024,0.27348512427323535
ZAF,ZAF2022HSRC,sexcohab,ZAF_2_JHB,Johannesburg MM,58,2022,Y020_024,0.0326164665432936
ZAF,ZAF2022HSRC,sexnonregplus,ZAF_2_JHB,Johannesburg MM,58,2022,Y020_024,0.693898409183471
ZAF,ZAF2022HSRC,nosex12m,ZAF_2_JHB,Johannesburg MM,58,2022,Y025_029,0.18560865489304632
ZAF,ZAF2022HSRC,sexcohab,ZAF_2_JHB,Johannesburg MM,58,2022,Y025_029,0.10786216805155
ZAF,ZAF2022HSRC,sexnonregplus,ZAF_2_JHB,Johannesburg MM,58,2022,Y025_029,0.7065291770554036
ZAF,ZAF2022HSRC,nosex12m,ZAF_2_JHB,Johannesburg MM,58,2022,Y030_034,0.16002775101920605
ZAF,ZAF2022HSRC,sexcohab,ZAF_2_JHB,Johannesburg MM,58,2022,Y030_034,0.22593032163922147
ZAF,ZAF2022HSRC,sexnonregplus,ZAF_2_JHB,Johannesburg MM,58,2022,Y030_034,0.6140419273415725
ZAF,ZAF2022HSRC,nosex12m,ZAF_2_JHB,Johannesburg MM,58,2022,Y035_039,0.15150864309074835
ZAF,ZAF2022HSRC,sexcohab,ZAF_2_JHB,Johannesburg MM,58,2022,Y035_039,0.31753813826103283
ZAF,ZAF2022HSRC,sexnonregplus,ZAF_2_JHB,Johannesburg MM,58,2022,Y035_039,0.5309532186482189
ZAF,ZAF2022HSRC,nosex12m,ZAF_2_JHB,Johannesburg MM,58,2022,Y040_044,0.15458098486872435
ZAF,ZAF2022HSRC,sexcohab,ZAF_2_JHB,Johannesburg MM,58,2022,Y040_044,0.42855814331276854
ZAF,ZAF2022HSRC,sexnonregplus,ZAF_2_JHB,Johannesburg MM,58,2022,Y040_044,0.4168608718185071
ZAF,ZAF2022HSRC,nosex12m,ZAF_2_JHB,Johannesburg MM,58,2022,Y045_049,0.17953231915686577
ZAF,ZAF2022HSRC,sexcohab,ZAF_2_JHB,Johannesburg MM,58,2022,Y045_049,0.4709378403078651
ZAF,ZAF2022HSRC,sexnonregplus,ZAF_2_JHB,Johannesburg MM,58,2022,Y045_049,0.3495298405352691
ZAF,ZAF2022HSRC,nosex12m,ZAF_2_TSH,Tshwane MM,59,2022,Y015_019,0.6932306138551759
ZAF,ZAF2022HSRC,sexcohab,ZAF_2_TSH,Tshwane MM,59,2022,Y015_019,0.00359322304845773
ZAF,ZAF2022HSRC,sexnonregplus,ZAF_2_TSH,Tshwane MM,59,2022,Y015_019,0.3031761630963663
ZAF,ZAF2022HSRC,nosex12m,ZAF_2_TSH,Tshwane MM,59,2022,Y020_024,0.2930751536427901
ZAF,ZAF2022HSRC,sexcohab,ZAF_2_TSH,Tshwane MM,59,2022,Y020_024,0.036053957055672
ZAF,ZAF2022HSRC,sexnonregplus,ZAF_2_TSH,Tshwane MM,59,2022,Y020_024,0.6708708893015379
ZAF,ZAF2022HSRC,nosex12m,ZAF_2_TSH,Tshwane MM,59,2022,Y025_029,0.1987492501309281
ZAF,ZAF2022HSRC,sexcohab,ZAF_2_TSH,Tshwane MM,59,2022,Y025_029,0.11903361020488928
ZAF,ZAF2022HSRC,sexnonregplus,ZAF_2_TSH,Tshwane MM,59,2022,Y025_029,0.6822171396641826
ZAF,ZAF2022HSRC,nosex12m,ZAF_2_TSH,Tshwane MM,59,2022,Y030_034,0.16908115230077703
ZAF,ZAF2022HSRC,sexcohab,ZAF_2_TSH,Tshwane MM,59,2022,Y030_034,0.24586136274159168
ZAF,ZAF2022HSRC,sexnonregplus,ZAF_2_TSH,Tshwane MM,59,2022,Y030_034,0.5850574849576313
ZAF,ZAF2022HSRC,nosex12m,ZAF_2_TSH,Tshwane MM,59,2022,Y035_039,0.15822105538674294
ZAF,ZAF2022HSRC,sexcohab,ZAF_2_TSH,Tshwane MM,59,2022,Y035_039,0.3415581999532521
ZAF,ZAF2022HSRC,sexnonregplus,ZAF_2_TSH,Tshwane MM,59,2022,Y035_039,0.500220744660005
ZAF,ZAF2022HSRC,nosex12m,ZAF_2_TSH,Tshwane MM,59,2022,Y040_044,0.15897804277548697
ZAF,ZAF2022HSRC,sexcohab,ZAF_2_TSH,Tshwane MM,59,2022,Y040_044,0.4540463789566332
ZAF,ZAF2022HSRC,sexnonregplus,ZAF_2_TSH,Tshwane MM,59,2022,Y040_044,0.3869755782678798
ZAF,ZAF2022HSRC,nosex12m,ZAF_2_TSH,Tshwane MM,59,2022,Y045_049,0.1831311242241071
ZAF,ZAF2022HSRC,sexcohab,ZAF_2_TSH,Tshwane MM,59,2022,Y045_049,0.49490808590568286
ZAF,ZAF2022HSRC,sexnonregplus,ZAF_2_TSH,Tshwane MM,59,2022,Y045_049,0.32196078987021
ZAF,ZAF2022HSRC,nosex12m,ZAF_2_EKU,Ekurhuleni MM,60,2022,Y015_019,0.6400315158548087
ZAF,ZAF2022HSRC,sexcohab,ZAF_2_EKU,Ekurhuleni MM,60,2022,Y015_019,0.00378001945288085
ZAF,ZAF2022HSRC,sexnonregplus,ZAF_2_EKU,Ekurhuleni MM,60,2022,Y015_019,0.3561884646923105
ZAF,ZAF2022HSRC,nosex12m,ZAF_2_EKU,Ekurhuleni MM,60,2022,Y020_024,0.2463820205989149
ZAF,ZAF2022HSRC,sexcohab,ZAF_2_EKU,Ekurhuleni MM,60,2022,Y020_024,0.0345089223834566
ZAF,ZAF2022HSRC,sexnonregplus,ZAF_2_EKU,Ekurhuleni MM,60,2022,Y020_024,0.7191090570176285
ZAF,ZAF2022HSRC,nosex12m,ZAF_2_EKU,Ekurhuleni MM,60,2022,Y025_029,0.16497517712419366
ZAF,ZAF2022HSRC,sexcohab,ZAF_2_EKU,Ekurhuleni MM,60,2022,Y025_029,0.1125313195243789
ZAF,ZAF2022HSRC,sexnonregplus,ZAF_2_EKU,Ekurhuleni MM,60,2022,Y025_029,0.7224935033514275
ZAF,ZAF2022HSRC,nosex12m,ZAF_2_EKU,Ekurhuleni MM,60,2022,Y030_034,0.14141620520744527
ZAF,ZAF2022HSRC,sexcohab,ZAF_2_EKU,Ekurhuleni MM,60,2022,Y030_034,0.2344023045622139
ZAF,ZAF2022HSRC,sexnonregplus,ZAF_2_EKU,Ekurhuleni MM,60,2022,Y030_034,0.6241814902303409
ZAF,ZAF2022HSRC,nosex12m,ZAF_2_EKU,Ekurhuleni MM,60,2022,Y035_039,0.13345132391130776
ZAF,ZAF2022HSRC,sexcohab,ZAF_2_EKU,Ekurhuleni MM,60,2022,Y035_039,0.3285024804542124
ZAF,ZAF2022HSRC,sexnonregplus,ZAF_2_EKU,Ekurhuleni MM,60,2022,Y035_039,0.5380461956344799
ZAF,ZAF2022HSRC,nosex12m,ZAF_2_EKU,Ekurhuleni MM,60,2022,Y040_044,0.13587794533834693
ZAF,ZAF2022HSRC,sexcohab,ZAF_2_EKU,Ekurhuleni MM,60,2022,Y040_044,0.44254068224929183
ZAF,ZAF2022HSRC,sexnonregplus,ZAF_2_EKU,Ekurhuleni MM,60,2022,Y040_044,0.4215813724123612
ZAF,ZAF2022HSRC,nosex12m,ZAF_2_EKU,Ekurhuleni MM,60,2022,Y045_049,0.15817065513082085
ZAF,ZAF2022HSRC,sexcohab,ZAF_2_EKU,Ekurhuleni MM,60,2022,Y045_049,0.4874774575058503
ZAF,ZAF2022HSRC,sexnonregplus,ZAF_2_EKU,Ekurhuleni MM,60,2022,Y045_049,0.35435188736332884
ZAF,ZAF2022HSRC,nosex12m,ZAF_2_DC42,Sedibeng DM,61,2022,Y015_019,0.6677617267612369
ZAF,ZAF2022HSRC,sexcohab,ZAF_2_DC42,Sedibeng DM,61,2022,Y015_019,0.00351162458264546
ZAF,ZAF2022HSRC,sexnonregplus,ZAF_2_DC42,Sedibeng DM,61,2022,Y015_019,0.3287266486561176
ZAF,ZAF2022HSRC,nosex12m,ZAF_2_DC42,Sedibeng DM,61,2022,Y020_024,0.2700426382388165
ZAF,ZAF2022HSRC,sexcohab,ZAF_2_DC42,Sedibeng DM,61,2022,Y020_024,0.03373954077457335
ZAF,ZAF2022HSRC,sexnonregplus,ZAF_2_DC42,Sedibeng DM,61,2022,Y020_024,0.6962178209866101
ZAF,ZAF2022HSRC,nosex12m,ZAF_2_DC42,Sedibeng DM,61,2022,Y025_029,0.18259612622310287
ZAF,ZAF2022HSRC,sexcohab,ZAF_2_DC42,Sedibeng DM,61,2022,Y025_029,0.11116336300487996
ZAF,ZAF2022HSRC,sexnonregplus,ZAF_2_DC42,Sedibeng DM,61,2022,Y025_029,0.7062405107720171
ZAF,ZAF2022HSRC,nosex12m,ZAF_2_DC42,Sedibeng DM,61,2022,Y030_034,0.15675520623762354
ZAF,ZAF2022HSRC,sexcohab,ZAF_2_DC42,Sedibeng DM,61,2022,Y030_034,0.2319327424742931
ZAF,ZAF2022HSRC,sexnonregplus,ZAF_2_DC42,Sedibeng DM,61,2022,Y030_034,0.6113120512880833
ZAF,ZAF2022HSRC,nosex12m,ZAF_2_DC42,Sedibeng DM,61,2022,Y035_039,0.14795385207314632
ZAF,ZAF2022HSRC,sexcohab,ZAF_2_DC42,Sedibeng DM,61,2022,Y035_039,0.3249781927481502
ZAF,ZAF2022HSRC,sexnonregplus,ZAF_2_DC42,Sedibeng DM,61,2022,Y035_039,0.5270679551787034
ZAF,ZAF2022HSRC,nosex12m,ZAF_2_DC42,Sedibeng DM,61,2022,Y040_044,0.15037598731867968
ZAF,ZAF2022HSRC,sexcohab,ZAF_2_DC42,Sedibeng DM,61,2022,Y040_044,0.4371297211539686
ZAF,ZAF2022HSRC,sexnonregplus,ZAF_2_DC42,Sedibeng DM,61,2022,Y040_044,0.4124942915273517
ZAF,ZAF2022HSRC,nosex12m,ZAF_2_DC42,Sedibeng DM,61,2022,Y045_049,0.17449197475302236
ZAF,ZAF2022HSRC,sexcohab,ZAF_2_DC42,Sedibeng DM,61,2022,Y045_049,0.4799122171856324
ZAF,ZAF2022HSRC,sexnonregplus,ZAF_2_DC42,Sedibeng DM,61,2022,Y045_049,0.3455958080613452
ZAF,ZAF2022HSRC,nosex12m,ZAF_2_DC48,West Rand DM,62,2022,Y015_019,0.6551790383241023
ZAF,ZAF2022HSRC,sexcohab,ZAF_2_DC48,West Rand DM,62,2022,Y015_019,0.0032201512166188
ZAF,ZAF2022HSRC,sexnonregplus,ZAF_2_DC48,West Rand DM,62,2022,Y015_019,0.34160081045927887
ZAF,ZAF2022HSRC,nosex12m,ZAF_2_DC48,West Rand DM,62,2022,Y020_024,0.26037218576718896
ZAF,ZAF2022HSRC,sexcohab,ZAF_2_DC48,West Rand DM,62,2022,Y020_024,0.03029695163031199
ZAF,ZAF2022HSRC,sexnonregplus,ZAF_2_DC48,West Rand DM,62,2022,Y020_024,0.7093308626024991
ZAF,ZAF2022HSRC,nosex12m,ZAF_2_DC48,West Rand DM,62,2022,Y025_029,0.17692505205294703
ZAF,ZAF2022HSRC,sexcohab,ZAF_2_DC48,West Rand DM,62,2022,Y025_029,0.10033321174866051
ZAF,ZAF2022HSRC,sexnonregplus,ZAF_2_DC48,West Rand DM,62,2022,Y025_029,0.7227417361983924
ZAF,ZAF2022HSRC,nosex12m,ZAF_2_DC48,West Rand DM,62,2022,Y030_034,0.153971513586263
ZAF,ZAF2022HSRC,sexcohab,ZAF_2_DC48,West Rand DM,62,2022,Y030_034,0.21201257509732133
ZAF,ZAF2022HSRC,sexnonregplus,ZAF_2_DC48,West Rand DM,62,2022,Y030_034,0.6340159113164157
ZAF,ZAF2022HSRC,nosex12m,ZAF_2_DC48,West Rand DM,62,2022,Y035_039,0.14689982208227192
ZAF,ZAF2022HSRC,sexcohab,ZAF_2_DC48,West Rand DM,62,2022,Y035_039,0.30030009973350563
ZAF,ZAF2022HSRC,sexnonregplus,ZAF_2_DC48,West Rand DM,62,2022,Y035_039,0.5528000781842224
ZAF,ZAF2022HSRC,nosex12m,ZAF_2_DC48,West Rand DM,62,2022,Y040_044,0.1515249881799946
ZAF,ZAF2022HSRC,sexcohab,ZAF_2_DC48,West Rand DM,62,2022,Y040_044,0.4095776858613704
ZAF,ZAF2022HSRC,sexnonregplus,ZAF_2_DC48,West Rand DM,62,2022,Y040_044,0.438897325958635
ZAF,ZAF2022HSRC,nosex12m,ZAF_2_DC48,West Rand DM,62,2022,Y045_049,0.17689088977248485
ZAF,ZAF2022HSRC,sexcohab,ZAF_2_DC48,West Rand DM,62,2022,Y045_049,0.4527157449686893
ZAF,ZAF2022HSRC,sexnonregplus,ZAF_2_DC48,West Rand DM,62,2022,Y045_049,0.3703933652588259
