iso3,sex,lor_15to29,lor_30to49,srb_group
ZAF,female,0.11900639179649124,-0.3324110286167463,nosex12m_id
ZAF,female,0.14103520308566989,-0.3418147512503662,sexcohab_id
ZAF,female,0.013798269627719332,0.31381381845872924,sexnonreg_id
ZAF,female,0.9929164088250095,21.926123989666625,sexpaid12m_id
ZAF,male,-0.14769998707997042,0.07297832579807513,nosex12m_id
ZAF,male,0.1353226336880419,-0.11302279463861668,sexcohab_id
ZAF,male,0.008559126559902175,0.16421866501780033,sexnonreg_id
ZAF,male,0.5909356113609756,0.3427629535823902,sexpaid12m_id
