iso3,sex,lor_15to29,lor_30to49,srb_group
ZAF,female,0.11900639179649124,-0.3324110286167463,nosex12m_id
ZAF,female,0.14103520308566989,-0.3418147512503662,sexcohab_id
ZAF,female,0.013798269627719332,0.31381381845872924,sexnonreg_id
ZAF,female,0.9929164088250095,21.926123989666625,sexpaid12m_id
ZAF,male,-0.14139268674295374,0.08041763585713252,nosex12m_id
ZAF,male,0.12440002777559206,-0.10832211775089005,sexcohab_id
ZAF,male,0.011209762787612642,0.15657840611793936,sexnonreg_id
ZAF,male,0.588905962984168,0.33303611087931456,sexpaid12m_id
