iso3,sex,lor_15to29,lor_30to49,srb_group
BEN,female,-0.128929630363689,0.27127983524591637,nosex12m_id
BEN,female,0.04448892608667865,-0.3794372611736094,sexcohab_id
BEN,female,0.27342426545681425,0.24947171393866668,sexnonreg_id
BEN,female,1.1795879350750038,1.432761087231612,sexpaid12m_id
BEN,male,-0.14769998707997042,0.07297832579807513,nosex12m_id
BEN,male,0.1353226336880419,-0.11302279463861668,sexcohab_id
BEN,male,0.00855912655990217,0.16421866501780033,sexnonreg_id
BEN,male,0.5909356113609756,0.3427629535823902,sexpaid12m_id
