iso3,sex,lor_15to29,lor_30to49,srb_group
BWA,female,-0.14788624604861664,0.5050572862677566,nosex12m_id
BWA,female,0.15476302162964475,-0.1522066172352116,sexcohab_id
BWA,female,0.1459830820121128,-0.08745503736805783,sexnonreg_id
BWA,female,0.33243020385298083,1.3557308982167375,sexpaid12m_id
BWA,male,0.13139347100751775,-0.28807003048136626,nosex12m_id
BWA,male,0.1147202533242807,0.15414040995270148,sexcohab_id
BWA,male,-0.18746211135637672,0.07735712792388555,sexnonreg_id
BWA,male,-0.9750043324057986,1.2434884336474807,sexpaid12m_id
