iso3,sex,lor_15to29,lor_30to49,srb_group
UGA,female,0.19867819943030834,0.6476025802919321,nosex12m_id
UGA,female,-0.09969887328003811,-0.3470720744250317,sexcohab_id
UGA,female,0.2869331410935069,0.21048536631354786,sexnonreg_id
UGA,female,NA,NA,sexpaid12m_id
UGA,male,-0.35653888881332246,0.26791276097670846,nosex12m_id
UGA,male,-0.10496886638505254,-0.10175221584378359,sexcohab_id
UGA,male,0.03054476972999912,0.10362833233363848,sexnonreg_id
UGA,male,2.1611843132245787,0.408302530247856,sexpaid12m_id
