iso3,sex,lor_15to29,lor_30to49,srb_group
GHA,female,-0.203197487918028,0.5214439848403489,nosex12m_id
GHA,female,-0.01027955830179606,-0.3934222946988819,sexcohab_id
GHA,female,0.382636832588616,0.2713493491647711,sexnonreg_id
GHA,female,NA,NA,sexpaid12m_id
GHA,male,0.6647375709628224,-1.0432797829100204,nosex12m_id
GHA,male,-0.9261235621945813,0.0622410444879655,sexcohab_id
GHA,male,-0.3092848109712759,-0.06655647131050922,sexnonreg_id
GHA,male,NA,NA,sexpaid12m_id
